"Algeria","Argentina","Austria","Bahamas, The","Bangladesh","Belgium","Belize","Benin","Bermuda","Bolivia","Botswana","Brazil","Burkina Faso","Burundi","Cameroon","Central African Republic","Chad","Chile","China","Colombia","Congo, Dem. Rep.","Congo, Rep.","Costa Rica","Cote d'Ivoire","Denmark","Dominican Republic","Ecuador","Egypt, Arab Rep.","Fiji","Finland","France","Gabon","Ghana","Greece","Guatemala","Guyana","Haiti","Honduras","India","Indonesia","Iran, Islamic Rep.","Italy","Japan","Kenya","Korea, Rep.","Lesotho","Luxembourg","Madagascar","Malawi","Malaysia","Mexico","Nepal","Netherlands","Nicaragua","Niger","Nigeria","Norway","Pakistan","Panama","Papua New Guinea","Paraguay","Peru","Philippines","Portugal","Puerto Rico","Rwanda","Senegal","Seychelles","Sierra Leone","Singapore","South Africa","Spain","St. Vincent and the Grenadines","Sudan","Suriname","Sweden","Thailand","Togo","Trinidad and Tobago","Turkiye","United Kingdom","United States","Uruguay","Zambia","Zimbabwe","Australia"
-0.192826407935213,0.133003723878239,-0.0362521132276911,-0.248836412916443,-0.197327449797437,0.0215113595268519,-0.254129687001741,-0.250252895843365,-0.250167499026481,-0.242347033881934,-0.253973320305183,0.229792499476546,-0.251497478952286,-0.252443747470277,-0.242091122457704,-0.251976492352591,-0.250135095742225,-0.185679313282657,0.15384108864558,-0.17584810091836,-0.205240451882724,-0.251273208476719,-0.24218325342059,-0.24038122900093,-0.0414077864207944,-0.24285279890322,-0.224473498812457,-0.202337199230864,-0.252274379983117,-0.124445609761831,1.08445851060651,-0.2501364651983,-0.234817363328689,-0.146789042303203,-0.234816701602953,-0.250497701746198,-0.237312213108012,-0.248101839211655,0.0959235446215203,-0.118875257864287,-0.125421454060877,0.995173139265284,1.24514442670361,-0.238815518788998,-0.188456948221497,-0.253998425598326,-0.233906135954752,-0.243827940022792,-0.252813995276743,-0.228606304499031,0.108699889130488,-0.245984984345403,0.166910374279653,-0.246836625436196,-0.247808996699783,-0.08604838227255,-0.0784133213545646,-0.210678127910373,-0.246609793221326,-0.247766513275437,-0.247196228644597,-0.1837917108389,-0.173951185241531,-0.16493121750765,-0.21627745861299,-0.251891914435663,-0.244614369029757,-0.254149520037133,-0.251535866263109,-0.239214391156086,-0.0857904362745596,0.231886771555148,-0.254086251608419,-0.213876371270478,-0.25182371102208,0.0633376989420711,-0.213615662567863,-0.253118895571414,-0.245148224599523,-0.0773299914884831,1.75379557590467,8.62930365824977,-0.214490633456455,-0.244870545131432,-0.24337098795078,0.272286950229725
-0.205343513334476,0.140636902409937,-0.0329139052818248,-0.251132252345167,-0.198182747272532,0.0249523525615932,-0.256857848530764,-0.252969888325977,-0.252819247274146,-0.245152987108326,-0.25669073097541,0.254977563466939,-0.254193703842107,-0.255508058182431,-0.245007953874183,-0.254656762112265,-0.25292560364664,-0.186696204136417,0.0319996353109752,-0.176738920450983,-0.214467513899801,-0.2538312904371,-0.245015332669522,-0.24212035397514,-0.0364680850727939,-0.246155046946889,-0.226494874443331,-0.20381298344591,-0.254992310322447,-0.120944464097916,1.11171542699897,-0.252359375784746,-0.23740976430336,-0.138486217335736,-0.237242580663714,-0.253155510380109,-0.240987447270303,-0.250889226589337,0.096746545570923,-0.117568971894916,-0.1184646517641,1.05970417792923,1.37916180940699,-0.243148105326131,-0.188455841737735,-0.256738421545937,-0.236411614648129,-0.246629596434714,-0.255468815365417,-0.230102381050393,0.114169550720496,-0.248785008859642,0.154388613598806,-0.249213319255917,-0.250423510044585,-0.0928665705920912,-0.0749875280553271,-0.212002861822782,-0.248712505769049,-0.250273122274498,-0.249632267534763,-0.183314161263874,-0.174321940644079,-0.165177147874332,-0.217390088454587,-0.254804903651569,-0.247320265135314,-0.256911064393197,-0.25429702354647,-0.241138244851393,-0.0866130331064074,0.272533205685304,-0.256814932865434,-0.217663799571049,-0.254504593954804,0.069891293019922,-0.215283922006062,-0.255727704274175,-0.246850393291424,-0.0826956892797204,1.75100107271263,8.59366486632846,-0.217299576846269,-0.24773021171169,-0.245713096209517,0.268536575518129
-0.216227271648128,0.116636376069426,-0.0383005757882364,-0.249189676698791,-0.19679632044717,0.024565950399287,-0.255175896784601,-0.251662714902238,-0.251196720443954,-0.243514059722708,-0.255001454654898,0.259608331118364,-0.252503913411471,-0.253772262624562,-0.243662221487474,-0.253206698416726,-0.251265387688489,-0.186317236109142,0.00211147668222735,-0.175492464971154,-0.20664476472591,-0.252170751294306,-0.24339267574425,-0.241113669167532,-0.0354563060726059,-0.243313712115307,-0.225119720590083,-0.203193020268177,-0.253356863936087,-0.123127093822211,1.12441724015372,-0.250606491365731,-0.236075770514752,-0.143103018575885,-0.236019554143668,-0.251657576069606,-0.239010863344274,-0.249216901591213,0.0882152929850679,-0.121349540358929,-0.114266613517545,1.06404044231787,1.42590691838547,-0.241001607854472,-0.188129544174754,-0.255009117084677,-0.235635626014949,-0.245315818142949,-0.25387151318318,-0.228306341775759,0.111208107396921,-0.247424343245804,0.159387238437574,-0.247156770202472,-0.248462229953789,-0.0941077096139723,-0.0787634916083903,-0.210960360500277,-0.246845486116558,-0.248562109020681,-0.248139328274984,-0.178807458928495,-0.173531108831295,-0.1629493586491,-0.214827338953427,-0.25299673254601,-0.246207364786217,-0.255217923311453,-0.252651332974422,-0.239215094404501,-0.0846253891275721,0.294026718434197,-0.255138138507058,-0.215632506187734,-0.252872557034934,0.066233047947652,-0.212979185399456,-0.254073337021351,-0.245482695673781,-0.0816998521806648,1.660080398334,8.60450299770671,-0.21846388114912,-0.246804694084725,-0.244522397901636,0.246928991069929
-0.206472216002459,0.0800028422049385,-0.0406534739467349,-0.250249241887277,-0.201049549538198,0.0225157389557509,-0.256594965954366,-0.253077787614851,-0.252763357537464,-0.244680145182974,-0.256414886222926,0.238548407983447,-0.254094593880324,-0.255200300124368,-0.245178571037702,-0.254745486418711,-0.252938971022842,-0.186908265904947,0.0147654552040049,-0.177908272657039,-0.207772079128965,-0.253869194281115,-0.244544424783043,-0.241167482847787,-0.0451893125582119,-0.244510033272525,-0.227261814633657,-0.201644589396203,-0.254740159564706,-0.126196079279151,1.14472205942449,-0.251955777963759,-0.237529884647184,-0.136720598738772,-0.236515050633645,-0.253704993310933,-0.241455716516835,-0.250698201220708,0.0914194413696864,-0.131526129861609,-0.11237088400407,1.07552035600408,1.4869671850281,-0.241839147095039,-0.186692196949781,-0.256398553188482,-0.237274565460212,-0.24727579647992,-0.255387599980418,-0.229010067701717,0.122129348120342,-0.249053770138799,0.154148653232784,-0.248073551956036,-0.24955472237156,-0.0893670399269283,-0.0815397542118868,-0.210632211450646,-0.247937135586042,-0.250016852710582,-0.249550987254036,-0.180417838150177,-0.173046673838969,-0.163230731839696,-0.214665552764128,-0.254768279389614,-0.247870852163584,-0.256620897652476,-0.254151624014833,-0.23978401272145,-0.0814919520465296,0.318929664313455,-0.256600829301163,-0.219889973959498,-0.254267044313035,0.0670917228410482,-0.213010630848014,-0.255487904683266,-0.246805179255098,-0.0756750169648233,1.66391882812323,8.58722946864924,-0.22145024250223,-0.24833495977089,-0.245768110375069,0.253335579138104
-0.207976363529308,0.0918536907496741,-0.0417459979979521,-0.251413015108006,-0.199860526837764,0.0237241994050084,-0.258050768046439,-0.254504467878117,-0.25401105341343,-0.246363536043328,-0.257862762367096,0.225180631400715,-0.255646413446551,-0.256647358800566,-0.24689814816191,-0.256279034546533,-0.254712989203909,-0.190602783408165,0.0446853167964786,-0.179197247243947,-0.213119339495102,-0.255383969052829,-0.246265252564408,-0.240880450507759,-0.040000836348708,-0.245866453359658,-0.228305117501692,-0.2001939877039,-0.256215133138648,-0.128523839153206,1.15258808512538,-0.253474153434805,-0.239668201890698,-0.134244040991069,-0.238221333997214,-0.254990864954056,-0.244020118650794,-0.252182106480957,0.0949157143027434,-0.135841623656997,-0.11037401365553,1.03444980410293,1.57981601575846,-0.243432029697215,-0.185805916004252,-0.25783868976094,-0.238370559501125,-0.248909861910537,-0.256889054428762,-0.230617928845858,0.141994592786747,-0.250387904589704,0.161724082054575,-0.249043348734844,-0.251414115533641,-0.0923972078796923,-0.0845456440382304,-0.211375371751641,-0.249518786871103,-0.251297316850633,-0.25112492430452,-0.18143677944863,-0.176515269582452,-0.164362120838561,-0.215673615764765,-0.256602757868158,-0.249500514114503,-0.258073470388105,-0.255584512880348,-0.242704354854245,-0.0796455704762915,0.314000622884771,-0.25806116748431,-0.223815988723786,-0.25570545591102,0.0683099898186632,-0.214096699503387,-0.256824032363087,-0.248096278521378,-0.0779638441744907,1.65495811636767,8.57344158661216,-0.224078448120784,-0.24927694294721,-0.247966165043399,0.256853504116666
-0.206435907723589,0.107953400104114,-0.0456799358345619,-0.249617906416631,-0.200853626769694,0.0183565375356675,-0.256542150705662,-0.253023152845063,-0.2525558805457,-0.24499099238798,-0.256351675228965,0.20961481455203,-0.254195843634111,-0.255170924071252,-0.245832759564993,-0.254871039879337,-0.253393646579324,-0.192411153119373,0.0770412479590307,-0.179586622317896,-0.213804896822853,-0.253941812251077,-0.244518641789515,-0.240897327274604,-0.0417674879788072,-0.246556725908042,-0.227607526433693,-0.199358429613746,-0.254885999164866,-0.128046167038065,1.13698941596933,-0.251859551437208,-0.238999683633535,-0.12732754961346,-0.237048517661636,-0.253336182958129,-0.243048097230478,-0.250499561665996,0.0671868577466653,-0.140180217471231,-0.0936772749436931,1.00087477291786,1.57562922149061,-0.242503656803277,-0.183492958382076,-0.256347679555374,-0.23815784089549,-0.247988349578337,-0.255268594427954,-0.228702782199313,0.147095945378287,-0.249431291097091,0.173110009905083,-0.247232294664875,-0.249850398455349,-0.0928610239666961,-0.084446700471039,-0.207969879488097,-0.247753468792473,-0.249508084796241,-0.249610764788083,-0.180306172055338,-0.17562255493798,-0.16167947119526,-0.212930128268621,-0.255075190917036,-0.24839234794423,-0.25658408261287,-0.25404413325726,-0.240941993616108,-0.0781764992407181,0.316077960796235,-0.256566060737233,-0.222098336150434,-0.25404304838706,0.0626601415256663,-0.211735038085271,-0.255171305815354,-0.247113906552212,-0.082104003655211,1.58425106014657,8.59584541900798,-0.224216544904565,-0.246859925450858,-0.246575252958584,0.25754982858362
-0.210019339695777,0.0853554339822239,-0.045518054627474,-0.247687896951876,-0.201145052175503,0.0116056696504059,-0.254797817454158,-0.251377709843792,-0.250482158519669,-0.243159563227182,-0.254602143406407,0.212489195116087,-0.252596162245188,-0.253450712325596,-0.244272939002632,-0.253231846752809,-0.251915842590857,-0.187757201745158,0.0919881226017454,-0.178713210717794,-0.211920452677576,-0.252333352972259,-0.242707409234389,-0.238375180651655,-0.0475001290486048,-0.244124162985981,-0.227724515625182,-0.198363748199531,-0.253258226973355,-0.131224146754576,1.12313263736713,-0.25020126523725,-0.239049935221867,-0.125515512249463,-0.235472238024464,-0.251626722441698,-0.242211896151003,-0.248813894516891,0.0491500441279243,-0.142435198399746,-0.0841696382923702,0.997203962394165,1.64959687459687,-0.239632611142485,-0.177914874844666,-0.254633551123456,-0.23734792595134,-0.246605164427928,-0.253413860112628,-0.226588909363183,0.147527696057789,-0.247639314154124,0.159902931406467,-0.245767831719581,-0.248552810910372,-0.107592120189326,-0.087001617536969,-0.206520327480915,-0.245905583868286,-0.247801807534532,-0.248165840844614,-0.17726414632241,-0.175401613361232,-0.162045797489251,-0.210743984233336,-0.253315417375107,-0.246927580223227,-0.254811495990001,-0.252421617790065,-0.238631557021899,-0.0797933746411438,0.322146378076193,-0.25483658570094,-0.223624463438177,-0.251949902159786,0.0513414527647977,-0.207999411941726,-0.253372934588116,-0.245583421088275,-0.0725219062964011,1.501755999149,8.60228396012919,-0.223504734162058,-0.246243732644271,-0.245302748625164,0.239655495816743
-0.21007634692754,0.0832041072999937,-0.0483330692970906,-0.250107893765966,-0.206585478330638,0.011043284035374,-0.257692130378555,-0.254348026977402,-0.252915261222845,-0.245670096513107,-0.257487314671316,0.215195517212719,-0.255351612601726,-0.256172008270619,-0.24864077996139,-0.256100951813092,-0.254886091884908,-0.19023220773524,0.0596370908792144,-0.180745830319316,-0.216480502525342,-0.255257708556424,-0.245283873830126,-0.241010117743001,-0.0452285311115601,-0.246986415624784,-0.230184421063841,-0.202456116197393,-0.25596788413397,-0.13508361857911,1.1464159407537,-0.253047011623521,-0.241933771185316,-0.125011553048357,-0.238154036250313,-0.2544815879942,-0.245751950651517,-0.25152943295181,0.0606151577766028,-0.147071100402752,-0.0733085753135471,1.04555233406404,1.79685423813432,-0.24247397301514,-0.176229040832378,-0.257494323226163,-0.240724343993819,-0.249293366947196,-0.256241918448211,-0.229242497412472,0.155927227451314,-0.25087157749144,0.166334298820154,-0.248303805783819,-0.251636167509452,-0.137305472779008,-0.0845281009774016,-0.208270988203882,-0.248304662097872,-0.250623944942674,-0.25064702341468,-0.179493859184906,-0.176554007762525,-0.160805780372336,-0.212239734815901,-0.256145882644015,-0.250163096063129,-0.257720813111608,-0.255400480791135,-0.240001050636162,-0.075487770779546,0.326957060305867,-0.257776403689424,-0.226997456006637,-0.254566557980839,0.0496329684194106,-0.208312466986155,-0.256230120510583,-0.248570277181307,-0.0722883819393049,1.49580744502132,8.55938093575681,-0.228441377269866,-0.248715971797485,-0.247686902988151,0.252805303113417
-0.209255564923081,0.080198539901458,-0.0515419701109558,-0.251588906571046,-0.206218882600061,0.0067020273058697,-0.259407748164707,-0.256119582735587,-0.254790432780993,-0.247003296875074,-0.259181423756175,0.234083223115086,-0.257129887745193,-0.257993892613668,-0.250262853963266,-0.257894920311686,-0.256780187438967,-0.193003262484123,0.029779246402521,-0.181943282185343,-0.218553306558717,-0.256916568088922,-0.246611733102542,-0.241545540432031,-0.0462726978619127,-0.249233346700278,-0.232783880910957,-0.207785532006528,-0.257637377557817,-0.140212989350763,1.13499473939184,-0.254899071229562,-0.244399872808623,-0.124223435894658,-0.239205918872138,-0.256347139389284,-0.247713146316876,-0.25316686537981,0.0533508405631723,-0.142784425178108,-0.0589001510811259,1.06026751140805,1.94481939088384,-0.243787552547954,-0.171770946008952,-0.259247260351029,-0.242617730170213,-0.250882256104949,-0.258088173588741,-0.230209664932365,0.170750992205049,-0.252904845245063,0.169443683497077,-0.250386053197076,-0.253654246018442,-0.146449294752105,-0.0911294344125275,-0.209040405789457,-0.249864639397813,-0.252407641702913,-0.25241873690677,-0.184999218798201,-0.178416206418496,-0.159148056644476,-0.213979063194769,-0.2578363324033,-0.251805665902751,-0.259436422539521,-0.257204290309761,-0.240298214001646,-0.0790581202400021,0.332902531682537,-0.259496029805248,-0.229681246432043,-0.256210602621254,0.0432910043136779,-0.208662357202386,-0.257956561520504,-0.250293585332106,-0.0712560461665925,1.49781033213533,8.52265369313157,-0.231101420739087,-0.250791441616454,-0.249730055517472,0.250481156575934
-0.21217994890105,0.0945616672835411,-0.0516047618865203,-0.256400680417087,-0.212729865866906,0.00899395257847487,-0.264631375997529,-0.26137740757421,-0.260031953820461,-0.252137037937305,-0.264344166453567,0.256458146957784,-0.262401422185772,-0.263311485911101,-0.255381589158581,-0.26306199856466,-0.261916929956177,-0.198081033861514,0.0615085860245671,-0.185371429029151,-0.221545711069465,-0.262039066246373,-0.251613336880757,-0.245748118823401,-0.0457263458300008,-0.253731008068193,-0.237761182178368,-0.212224093054429,-0.262888918655262,-0.138651083498944,1.17557417979487,-0.259921617715276,-0.249287051264117,-0.119177846593542,-0.2442295905032,-0.261466869368585,-0.25292920904161,-0.258589913873793,0.0566843233899476,-0.14449471376491,-0.0412478723751766,1.08551792010547,2.12612345622829,-0.248359949037135,-0.167785101848773,-0.264487001609705,-0.246808877721716,-0.25610941212613,-0.263281292575181,-0.235100466890528,0.164338902307374,-0.258083138608412,0.175498157002903,-0.255385169392605,-0.259425742528886,-0.129281729908715,-0.0950550187748725,-0.213386293980863,-0.254640313565137,-0.257311432318277,-0.257576593793054,-0.190364307794075,-0.182871411640152,-0.165912743347047,-0.216702856218478,-0.262928101976066,-0.257823112532673,-0.264677358876143,-0.262313191384092,-0.243623815416283,-0.0825226788896711,0.357411801575489,-0.26472700192416,-0.235581609205193,-0.261411856210241,0.0418774964240541,-0.212487669678359,-0.263059902242937,-0.255611252757133,-0.0757982543544291,1.46240966161155,8.46630235483466,-0.235732447283111,-0.256378992981342,-0.254113212702659,0.261695342302256
-0.216297800612941,0.0955884269573498,-0.0475240034682651,-0.265509463066085,-0.218583515253463,0.01465836009585,-0.273207936972016,-0.269907832115681,-0.268330094701926,-0.260105657553742,-0.272826470698732,0.30003021633635,-0.271001030464588,-0.271550218225372,-0.263712847569432,-0.271617022278306,-0.270464028665787,-0.205695060087716,0.114535164663905,-0.189324839817785,-0.230401256587765,-0.270454870008804,-0.259253277466157,-0.252419477813764,-0.0516184255997664,-0.260316635435756,-0.244586643473141,-0.218062460141702,-0.271221510572099,-0.141637621681252,1.24948957784256,-0.268093233539029,-0.256413611293346,-0.115849110612495,-0.251715731836086,-0.269922694486675,-0.261487511933684,-0.266974298803323,0.0634669494101759,-0.144449246275825,-0.0262808435449818,1.14297271777529,2.16742958270328,-0.257785330650502,-0.166989129889311,-0.27307084028452,-0.253455621607891,-0.264266782779227,-0.271872530292595,-0.242017154578749,0.182021209837085,-0.266523538471849,0.19227231818838,-0.26388320490524,-0.267869090153039,-0.104543180300377,-0.100968923725615,-0.216325147507569,-0.26255187424262,-0.265100762125649,-0.265785319968661,-0.196722278853475,-0.188737750650317,-0.162408334738066,-0.221427559295147,-0.271404440008353,-0.265829183131612,-0.273242538630214,-0.270684623440534,-0.24932314721835,-0.0822279106604709,0.37318288821767,-0.273291131259668,-0.242543290803146,-0.269921293016825,0.0544702596040708,-0.215299578466796,-0.271611167692868,-0.263907414870394,-0.0789764577913375,1.56535885775372,8.40167231975142,-0.24375027770917,-0.264590785772543,-0.260295879945259,0.288870908958337
-0.226574056708338,0.101469082037465,-0.0459251383900328,-0.267751299219468,-0.225420430216599,0.0141267546891991,-0.275307204205934,-0.272184856773034,-0.270430637657436,-0.261992830969031,-0.274759822995597,0.341859399188313,-0.273152869521322,-0.273664934033505,-0.265808679728111,-0.273762329566556,-0.272737377985052,-0.203856585288387,0.126084649445404,-0.189357698128507,-0.231423772786091,-0.27242440217834,-0.260888965596384,-0.253284881243103,-0.0546144126612932,-0.261461059210293,-0.245882709877888,-0.219822787454805,-0.273243032628387,-0.145098436887243,1.27528604942261,-0.269830410510306,-0.258216811968862,-0.111210326005241,-0.253359655242747,-0.272035019813732,-0.263230623598809,-0.269038916594268,0.0555661672942199,-0.142052901964848,-0.00380002835508188,1.11889690186004,2.19545965617041,-0.257018923580261,-0.161747569746212,-0.275163467381907,-0.255704035978242,-0.26632233453759,-0.273759860607841,-0.242099100504736,0.181419138272027,-0.268940902531409,0.194201573380913,-0.265995571999702,-0.269845297025768,-0.0889655898055036,-0.0993141224803213,-0.220062435708257,-0.263991418116399,-0.266965932862237,-0.267726723257556,-0.197955234593406,-0.189225329831974,-0.161059229027081,-0.222044157045421,-0.27355283462309,-0.268198265170176,-0.275300651345722,-0.272784708982749,-0.249313771334607,-0.0827441793976237,0.378756066320047,-0.275393810486416,-0.244997488402245,-0.272005608598173,0.0445092962365971,-0.216570520781397,-0.273778360646875,-0.266232016296333,-0.0770418936949503,1.5647312253991,8.38874676615769,-0.246912077813363,-0.266997789022546,-0.261690191140585,0.289914584449269
-0.216640550565978,0.0876163079577117,-0.0445095452742193,-0.268751057497757,-0.23499399231989,0.0134909395905003,-0.275617076296518,-0.272478807364715,-0.270938421355869,-0.261987841428259,-0.274900214231628,0.379803492900486,-0.273555737412354,-0.274221300466346,-0.266393266967395,-0.274189874904887,-0.27318514354905,-0.208565742182836,0.119666623501675,-0.187833256600957,-0.233959938214744,-0.272652506472373,-0.260827577537748,-0.253861921995741,-0.0580446282674622,-0.261115273773869,-0.246321041351954,-0.22139768728951,-0.273522492772256,-0.142542296345335,1.26177018232246,-0.269828010660286,-0.259854570668945,-0.104122518489188,-0.253279504807755,-0.272666624854233,-0.264082849311893,-0.269344453259745,0.0365045697082336,-0.140314327960871,0.0193225934623339,1.09584804614163,2.26560938563791,-0.255277451839521,-0.160122469519541,-0.275520151369286,-0.255806130399982,-0.267244822763242,-0.274072626126927,-0.241158016156767,0.193324048056492,-0.269415767174125,0.185519358962565,-0.26661704284433,-0.270760899346714,-0.092913346379844,-0.0997714081549285,-0.222815601454301,-0.264411033518,-0.267274341403035,-0.267962087081838,-0.199706942597444,-0.189534757470213,-0.158550780226791,-0.221473222502009,-0.273985744860316,-0.268456766204229,-0.275625160875847,-0.273237467556348,-0.247661962717572,-0.0899415196106407,0.395452761380545,-0.275661790319085,-0.248377964730885,-0.272544312278307,0.0347064380750347,-0.217531998820379,-0.274065816979856,-0.266526492026779,-0.0735665546608694,1.54543618715364,8.37618845449848,-0.249077553766868,-0.267011813181194,-0.261629688938985,0.281552168959851
-0.21903334289848,0.0757695453933365,-0.0479507419333162,-0.26985535655484,-0.237212767708048,0.0135682412594713,-0.276837673682948,-0.273771066788911,-0.272369570502952,-0.263228567681726,-0.275954217226274,0.42850629329978,-0.274901740826165,-0.275422948094721,-0.267661895651787,-0.275478167266612,-0.27478754633168,-0.216751039541133,0.125370366415751,-0.188372453327441,-0.234292530485955,-0.273796793967997,-0.261787375241138,-0.255073679239576,-0.0629965705830664,-0.261349449627099,-0.245283065854819,-0.223854446330907,-0.274605763183323,-0.142403886999379,1.26689619816747,-0.270796033122448,-0.261534703742082,-0.101793252372876,-0.254309850873998,-0.274033180020606,-0.265431244973323,-0.270438968818439,0.0275782748500484,-0.138717838540696,0.0223833642455805,1.11041291635375,2.31538155764593,-0.256497986207057,-0.151500844855068,-0.27663965403417,-0.256565210388549,-0.269170579930554,-0.275357752874948,-0.240468674888652,0.200764657408202,-0.271032961194298,0.182282596757951,-0.267790162783896,-0.273121652273136,-0.0950221948811626,-0.103276684737342,-0.223452704587512,-0.265689040673672,-0.26844134309846,-0.269074190080956,-0.20065901438402,-0.188405389698086,-0.15389744290812,-0.222466243225784,-0.275251861801857,-0.270496998683239,-0.276831519268009,-0.274552197537281,-0.247622565860242,-0.0935068918994913,0.406160644645592,-0.276939553220429,-0.250973775705464,-0.274016498422387,0.0277970231772304,-0.216359196497083,-0.275322654950676,-0.268126421046476,-0.079841640440499,1.55481825132922,8.35358869336677,-0.251729375226892,-0.268815260684806,-0.263297214825433,0.263022459454386
-0.220018588732581,0.0911231284419275,-0.0435979692831774,-0.276655134501594,-0.238791359142443,0.0224058877546458,-0.282364128191582,-0.279225458000888,-0.277892316185417,-0.268346160595984,-0.281419023773315,0.483342298735863,-0.28028169408111,-0.281013484493336,-0.272176835770691,-0.280942863770395,-0.28023973544475,-0.220660793010184,0.130637323131311,-0.188496079257696,-0.238365036561097,-0.279094577504321,-0.266452657515976,-0.259611033240367,-0.0701879657537031,-0.265915771340189,-0.247150347426736,-0.228402000364867,-0.280110864487967,-0.143099606481323,1.33379612930325,-0.273797869269421,-0.265978706369044,-0.118056066695037,-0.258339655699958,-0.279356461911333,-0.270285176985983,-0.276081342274453,0.0267682408888237,-0.13372127679987,0.0353751636225567,1.18666849926454,2.2876828067997,-0.261157093888378,-0.144605517492475,-0.282154208205338,-0.261196823446625,-0.274561504311324,-0.280798440440132,-0.242843097119152,0.224698381410455,-0.276198420170828,0.194289871829812,-0.271991048760693,-0.278326589347294,-0.0795059520483071,-0.101355524779693,-0.226922593075928,-0.270945500511084,-0.27376146033438,-0.27393968875763,-0.198738280901185,-0.190627765946361,-0.157602136736697,-0.226239847190949,-0.280800154782387,-0.27577093125039,-0.282408561883443,-0.280031365578087,-0.251275890479858,-0.0871284370914273,0.441693459246155,-0.282549930246027,-0.253440273796303,-0.279575431502165,0.0331547258772601,-0.218984307167311,-0.280806004956773,-0.273327477530728,-0.0735964176692074,1.51044234888323,8.33367159193646,-0.2564757104285,-0.273823376318997,-0.267900925409241,0.2817448733461
-0.219301204919847,0.088682538465276,-0.0468550983986679,-0.280044782141505,-0.24305281975801,0.0140418480889282,-0.284824091920672,-0.281877811852448,-0.280181183506049,-0.269758061890664,-0.283775967941952,0.520758032993254,-0.28268119328067,-0.283477104170926,-0.273450957847566,-0.283411504674747,-0.282481949792022,-0.231145004046761,0.164386594292796,-0.1887445811473,-0.243041212984462,-0.281280964235852,-0.268579286490823,-0.260161921588285,-0.0756823393643104,-0.26750741190203,-0.245697026880245,-0.225990671085253,-0.282572406255693,-0.143000314449953,1.31639977541663,-0.274536783500144,-0.270545460013892,-0.109974784160397,-0.260329521511842,-0.28153706471871,-0.2726164703033,-0.278411862134379,0.0527477686426859,-0.127777063765662,0.0319808668903766,1.1540205252763,2.36568399872678,-0.263434544217245,-0.136187979003254,-0.284722840590469,-0.265087981473809,-0.276931210172801,-0.283150752507724,-0.244984393205094,0.251581106616638,-0.278576233566962,0.192003547904984,-0.274480558876712,-0.280927835802846,-0.0925390819746887,-0.0947734586272207,-0.227022741569005,-0.273210945120991,-0.276314879514767,-0.275803624628641,-0.197565018869921,-0.188041460788969,-0.165478082984414,-0.229065872391728,-0.283319405765312,-0.277712825246302,-0.284871906694414,-0.282460523557141,-0.252481635813233,-0.0862112574704476,0.443421834845329,-0.285048450300538,-0.251285586424217,-0.281959943271642,0.0388672855577507,-0.218262190681519,-0.283232747043709,-0.275660321459361,-0.0609770570853742,1.48221787087374,8.31676292403602,-0.257335038967561,-0.27650151641323,-0.270660749802265,0.287030015891087
-0.216858566124556,0.0634233863504473,-0.0478442872878307,-0.279593371437163,-0.242420734550949,0.0157400056410626,-0.284395458280687,-0.281566205654487,-0.279546744082474,-0.269393939258424,-0.2832438107302,0.55983711856843,-0.282145310881324,-0.282976654948439,-0.274205315806272,-0.282954666863963,-0.282089111166419,-0.231403902538242,0.135838139791122,-0.18873853231542,-0.24681635495327,-0.280992702704345,-0.268078297550493,-0.257868255774614,-0.0738172058997505,-0.26679850567619,-0.244422610412243,-0.220991047710129,-0.282184012729722,-0.14913557719459,1.30379546692121,-0.270969882964138,-0.271319832188303,-0.106795595532995,-0.259360905834573,-0.281216079326152,-0.271774626623186,-0.277612381648737,0.0417875829139556,-0.124532557785327,0.0717727132692902,1.18060867631533,2.33488687767377,-0.2636181298788,-0.124388770734564,-0.284237324032599,-0.265150350856829,-0.277138060849406,-0.282702302374543,-0.242098357729783,0.247963005462797,-0.278175594066585,0.189014462353225,-0.27402824049925,-0.280663920555805,-0.0850740728931632,-0.0932146320748401,-0.226602549902784,-0.273166374392638,-0.276597581968938,-0.275141916409084,-0.200254604985656,-0.184294492169868,-0.163106105154667,-0.22806351041387,-0.282596037875028,-0.276992340211217,-0.284372845218052,-0.282161056941803,-0.251335442594545,-0.0913702866352415,0.430636158050815,-0.28458266419631,-0.247129905927553,-0.28139286182467,0.0265129739059449,-0.215189181499705,-0.282923353638983,-0.275098267680576,-0.0493388430750917,1.44394636438157,8.33135992162237,-0.257222407232603,-0.275964395638138,-0.270869276956527,0.273196250303963
-0.215068898010072,0.0729313702122892,-0.0451752191432925,-0.278084474787951,-0.241875816705518,0.00596825996861761,-0.283113961571637,-0.280277334147618,-0.278201370454887,-0.268046368551765,-0.281854687833475,0.564912236960457,-0.280979111530636,-0.281578000076236,-0.271986931829583,-0.281694152649318,-0.280875702496948,-0.227071145770562,0.149619457412054,-0.187747201974282,-0.24689244198801,-0.280216652551927,-0.266092558611104,-0.255859325680662,-0.0777845968271771,-0.265436508176937,-0.244256847819352,-0.216943537154207,-0.280874656735024,-0.153351747931926,1.28985447670652,-0.27196359120594,-0.270331143434519,-0.108118901649395,-0.257271945243567,-0.280191194924679,-0.270596802108362,-0.275929291663221,0.0517860304154053,-0.11742698043712,0.048337025251064,1.15517651602986,2.33431011966245,-0.261331116320276,-0.111023953965485,-0.282861788256524,-0.264423874197796,-0.276020756135576,-0.281420435839451,-0.239479606468339,0.243760357774585,-0.276995662441163,0.181469153989135,-0.272350977805448,-0.279258914630397,-0.0808180273093989,-0.0924991169412007,-0.225618017922581,-0.272271048321754,-0.275612060155445,-0.273215572810686,-0.202314775014381,-0.181964139537086,-0.160506681311113,-0.225982786950747,-0.281377018055145,-0.276257967927014,-0.283149814972671,-0.281002596546629,-0.249296521007387,-0.0985395081806686,0.420775320063715,-0.283287071635924,-0.245221852780205,-0.279930104819487,0.00972166697018004,-0.210329091807742,-0.281604650169888,-0.273390619367759,-0.050450635330961,1.41201225746964,8.34583612404427,-0.256745824794922,-0.275460516971119,-0.271113260509175,0.269825095958213
-0.209832372066849,0.0422224813763342,-0.0550828073039076,-0.274880641916197,-0.238461639357438,0.00173376570160538,-0.280357992412584,-0.277662274120034,-0.275657510036078,-0.265792695394931,-0.27896307800353,0.564338404128344,-0.278253649003206,-0.278953826548639,-0.267413011391026,-0.279024428781448,-0.278281556090674,-0.223082919039534,0.17679763346311,-0.182194468083469,-0.247883005893396,-0.277440788914316,-0.263200949687677,-0.251660474728714,-0.0812028578204562,-0.263250137264322,-0.241391061419354,-0.212145810330048,-0.27822055608602,-0.153650267864577,1.27164319931848,-0.272464737406294,-0.267197413987301,-0.102269197245621,-0.254623576755889,-0.277678106858106,-0.267750293528594,-0.273142245566101,0.0555826649225908,-0.112336430871001,-0.00631524880750896,1.12867240641513,2.33431656909335,-0.258263327592205,-0.0991570958329853,-0.280028360557873,-0.261916941688661,-0.273853560590305,-0.278586192141253,-0.236202723258548,0.264393617857198,-0.274312105508238,0.172361821441548,-0.271015801318494,-0.276182147079971,-0.0995200487418843,-0.0924970983385503,-0.221406704417273,-0.269052902260107,-0.272627774284362,-0.269816922160987,-0.205758756569115,-0.179402506060251,-0.160759168687867,-0.22239103722742,-0.278553429321574,-0.274162509619091,-0.280340023052998,-0.278330917382359,-0.245772616791104,-0.0999520757337918,0.397324806768372,-0.280530016914193,-0.246595692845191,-0.277143249524979,0.00236045601835496,-0.204168787110945,-0.278753591796174,-0.270197676022461,-0.05628846402551,1.39581328271935,8.3611182240517,-0.254003288019186,-0.273088167588335,-0.269325999434778,0.2489963768084
-0.208430447011455,0.0620584123965505,-0.0522571469894351,-0.274947996317956,-0.239276181326324,-0.00262209290826075,-0.281714778007722,-0.278942739269923,-0.27709769483892,-0.267648418402084,-0.280180686022104,0.590156057372059,-0.279623676896722,-0.280361912057983,-0.268450880837637,-0.280503836089575,-0.280272838945801,-0.221674164909331,0.193826015236441,-0.181712983785317,-0.250215296091125,-0.27860687059686,-0.264319716103448,-0.253328965998443,-0.0817336520257526,-0.264438962336836,-0.242651589981362,-0.212780458166739,-0.279373655461662,-0.150487879294514,1.27205097362023,-0.274080075876602,-0.269357669167794,-0.103902956233739,-0.255674534826857,-0.279215023644084,-0.268603607829834,-0.274355970837288,0.026006883683694,-0.107665836819814,-0.0487043271782526,1.16173871119852,2.38482667968932,-0.258725982296919,-0.0913296653435157,-0.281408438874334,-0.2634915029064,-0.274795518412911,-0.279941023190186,-0.235024794505025,0.296051544936868,-0.27575504462064,0.164774488646437,-0.275232850005209,-0.277390661424211,-0.0950621903262822,-0.0921601946500259,-0.222594798036749,-0.2703053215688,-0.27413061998265,-0.27029424910872,-0.206656185515188,-0.178656173502527,-0.159572704252568,-0.221237966033943,-0.279742676285629,-0.275307859850853,-0.281656025454882,-0.279680574775382,-0.245072567496478,-0.100701047196799,0.373720605785158,-0.281906019954079,-0.250769340825495,-0.278663230293744,0.00210245319061515,-0.20410649136121,-0.280302976707586,-0.271556275440798,-0.0664696404582972,1.3995809342383,8.33756048841179,-0.25466107384683,-0.274947895061377,-0.270716843484233,0.250787697732063
-0.212322471475538,0.062451849177478,-0.0529603691867635,-0.278863876872203,-0.2433590629488,0.00504222843654514,-0.286025939292367,-0.283103143388515,-0.281076144077332,-0.272244951955227,-0.284317476534529,0.664786610083503,-0.283984288524903,-0.284723833903094,-0.273116963556005,-0.284960538060912,-0.284770634488335,-0.221302458377265,0.226069813973384,-0.182120090419385,-0.253933632634624,-0.282353647823072,-0.268586645085746,-0.260905970001842,-0.0873421146796065,-0.267425326847518,-0.245615909213731,-0.210307004766806,-0.28380075660534,-0.147949445111388,1.29012984413104,-0.278261144975641,-0.27369180474125,-0.107309307614575,-0.259090523637001,-0.283544830563471,-0.27199670697089,-0.278697075332151,0.0419595867331668,-0.0948410288730866,-0.103759934741949,1.20493034360809,2.45200074408916,-0.261822768632391,-0.0990949407409275,-0.285809499221671,-0.267736657791104,-0.279112489068085,-0.284312610389188,-0.235957205253027,0.344238344103761,-0.28029103859486,0.165800807775106,-0.279298205140992,-0.281893161064254,-0.0918264265630944,-0.0881230494694838,-0.220968037933703,-0.273142301373305,-0.278705084347129,-0.273293197036066,-0.206648209840973,-0.177791024597202,-0.158489639511409,-0.223111572229204,-0.283902599388105,-0.279419623443941,-0.28605839324843,-0.283939074669403,-0.245747538707133,-0.093315538243171,0.382951609890768,-0.286276696522216,-0.25470970537543,-0.283358025930524,0.00217920508421549,-0.204551020359465,-0.284404746888582,-0.274841859017383,-0.0764029644630179,1.35887393301014,8.29977141490976,-0.257466990166912,-0.279114912747711,-0.273453599634041,0.261869125878287
-0.210506669615637,0.0377705957486461,-0.0575019602649024,-0.278309049563137,-0.239914928053532,-0.00136719134612147,-0.284595601762077,-0.281410653576179,-0.279643595933552,-0.271115603823812,-0.282733333484327,0.603759204089461,-0.282501233170414,-0.283109249494132,-0.269758480303512,-0.283586882442417,-0.283358385306422,-0.217286240525473,0.240685970097397,-0.180887782204088,-0.252536601925252,-0.280289264286403,-0.267981791177482,-0.259211969701076,-0.0920177610741926,-0.26565056185583,-0.242924732360534,-0.205243771874476,-0.282257959899256,-0.148083898348182,1.26988256548607,-0.276610547278863,-0.273007115454703,-0.112925563347131,-0.258144298990147,-0.282136264301994,-0.271318316274504,-0.277544450926357,0.0547072290574113,-0.0832979922729427,-0.11690856535351,1.18257838009373,2.50106327480193,-0.260071909817791,-0.0889340702754333,-0.284385365409473,-0.266856321074956,-0.278571144223917,-0.283047793453466,-0.23231379297442,0.382900204540255,-0.278492575643487,0.152838648067814,-0.277655011545705,-0.280577215195176,-0.120049054754856,-0.0883897503339793,-0.216045014092262,-0.270821281609892,-0.277479249324326,-0.270986802705984,-0.202812607572286,-0.175351204548578,-0.15812778457223,-0.222497980329721,-0.282387108192626,-0.277792664541152,-0.284676535647539,-0.282490834898776,-0.240986497758967,-0.0864408482827296,0.367331470910449,-0.284832277095511,-0.251728942981599,-0.281774271375056,-0.00208545700799673,-0.200368446761766,-0.283090745644198,-0.273163366353835,-0.0700875839546967,1.3078666309658,8.30617628519847,-0.256290365224797,-0.277407829329635,-0.270727470492573,0.267914983516526
-0.210358674520247,0.0334498190215585,-0.0558514421717121,-0.283282653520908,-0.243948671274535,-0.00201487922501807,-0.29010360722854,-0.286797941489717,-0.285390506593063,-0.277032161988567,-0.287921907040125,0.61559923336874,-0.287728572434707,-0.288621912545617,-0.273930496250506,-0.288960579822547,-0.288754791775358,-0.229603139252453,0.288968895892747,-0.184240992203759,-0.257838135487373,-0.28458734796445,-0.274569488472674,-0.26438416113182,-0.0881861633388027,-0.270612057613276,-0.24770577803006,-0.201862753193437,-0.287914564470446,-0.147764607021144,1.32107644490441,-0.282296732272623,-0.279236085379529,-0.118495253314926,-0.264321463999794,-0.288019116751949,-0.277176587048085,-0.283133051486478,0.0649206856583016,-0.0819776575798375,-0.0811305536913528,1.19953857344639,2.61896403540259,-0.264924252527273,-0.0757200963697031,-0.289855658358503,-0.271956940224295,-0.284138004050696,-0.28848457821586,-0.23406380257297,0.381304416212002,-0.283677378713654,0.146704498078479,-0.283147079392866,-0.285939198018112,-0.135083174656667,-0.0912455484275816,-0.216220986126487,-0.275400111616406,-0.282880039962747,-0.276542975776984,-0.2075951965014,-0.175536454920594,-0.159485270427354,-0.228300455283164,-0.287819211203544,-0.282627891069552,-0.290190256977748,-0.287845910418927,-0.242836576777189,-0.0905133060832982,0.377303405755656,-0.290327621214102,-0.254856514457787,-0.287393906452994,-0.000874639103936207,-0.200349719797707,-0.288656224644162,-0.278082784236198,-0.0654591317543851,1.35222067402483,8.23966584191747,-0.264330809653104,-0.283055607783312,-0.275696173577131,0.287151451250644
-0.206062446545001,0.0371025769172597,-0.0553587350850866,-0.279898885425134,-0.240694469778882,-0.00956179267391748,-0.286706501193703,-0.283686256235008,-0.28207338642561,-0.274688304921272,-0.284256152605,0.556388546663386,-0.284407491681941,-0.285200961255272,-0.270082887631984,-0.285731959786729,-0.285113363178344,-0.231614647223925,0.328488118582551,-0.183568699650752,-0.255308556699964,-0.281063406457895,-0.271355949328666,-0.263013682716167,-0.0880203516275614,-0.267112718809531,-0.246175142787657,-0.197735360356783,-0.28470026819128,-0.145924558064452,1.2775613082137,-0.278757901426521,-0.276773580290973,-0.123907282724273,-0.262620307053304,-0.284868569285811,-0.274180629475805,-0.279944793003522,0.0786197529508755,-0.0783099862513594,-0.0640157960284215,1.15855397076603,2.6043233069687,-0.262225250193795,-0.0535332368795404,-0.286441560177832,-0.26875622272082,-0.280917603648876,-0.285064296917808,-0.229560037419855,0.334702385258377,-0.280731920508092,0.140876011363654,-0.27969088455564,-0.28287657860812,-0.154332635280192,-0.0883966956950781,-0.211003749066102,-0.273252256715263,-0.27952683258413,-0.274102738764974,-0.215863070392703,-0.174733249136461,-0.161651838959123,-0.228827867580594,-0.284340661360679,-0.279961380245527,-0.286785817682197,-0.284586731608054,-0.237442836298749,-0.0988368013973186,0.364671076415297,-0.286902551182178,-0.252185374454992,-0.284218853338377,-0.00404858156288708,-0.195786241492976,-0.285411418133529,-0.276410538434971,-0.0605300238420926,1.35476921157712,8.26812941452829,-0.264574561470392,-0.280079604404085,-0.272650821005097,0.254551425391357
-0.202249588042423,0.0262522550639203,-0.0651025035110776,-0.274764362140296,-0.236886007757105,-0.0158546291257169,-0.282112400315778,-0.27902641012062,-0.277754989350915,-0.270877782501719,-0.279585895943635,0.551062321505998,-0.280013928946393,-0.280707692796895,-0.265333949138005,-0.281074605968823,-0.280587712883188,-0.228328873889133,0.382374447352547,-0.182165103560528,-0.251025217581754,-0.276427478389244,-0.266534935862189,-0.260521764689527,-0.088055225236892,-0.263515011962583,-0.243109966148009,-0.19052605714013,-0.280041499561876,-0.145837217613014,1.20672420211753,-0.274072717465235,-0.27196082904708,-0.126405505364543,-0.259424770098121,-0.280510748901293,-0.270341342409729,-0.275349888857777,0.0735077953362228,-0.0733311015838538,-0.0882746832061489,1.11666037277345,2.54804270402109,-0.258757385685048,-0.0403822845132576,-0.281832482130936,-0.264220244811348,-0.276590346761955,-0.280473269500313,-0.224345215221312,0.32039048032977,-0.275929988424861,0.131060647773856,-0.275655329158777,-0.279219206700594,-0.159401656506939,-0.0849064336877985,-0.207524161710824,-0.269152459805929,-0.275416341813097,-0.269958269761133,-0.213285926873909,-0.184563299023819,-0.167086988528369,-0.224609355608743,-0.280019273919463,-0.275529587256677,-0.282177460636223,-0.280033016320482,-0.231828542395713,-0.0969712431251348,0.339506990691024,-0.282285312503786,-0.25140197447312,-0.279843644716683,-0.00587682194503975,-0.191944536508925,-0.280812825623787,-0.273052737263283,-0.0557959795304805,1.29182871166614,8.31923865055554,-0.261614488387877,-0.275931572253025,-0.26920472899045,0.248677210003268
-0.202080512245214,-0.00107519511713366,-0.0681338813045264,-0.274143716637336,-0.236698980245228,-0.0218698903705953,-0.28155284843492,-0.278337247286332,-0.277470616370143,-0.270967643911197,-0.278926261502718,0.580618911805231,-0.279331379080013,-0.279993756355771,-0.264122408079574,-0.280503817237713,-0.279669821836427,-0.227866568866586,0.441674181029669,-0.182668964701042,-0.251589457972574,-0.276173861065033,-0.266500667406249,-0.259888327466221,-0.0878964280865798,-0.264103662256836,-0.242645315763273,-0.188568167693792,-0.279685040347499,-0.146151919961332,1.17008406456883,-0.274035474695583,-0.271297136606828,-0.128403094846996,-0.259925820153133,-0.279972506144497,-0.270192964667488,-0.274677024579688,0.0775941292251302,-0.0762971435648941,-0.0920983045136827,1.09805042274925,2.57396080795473,-0.258165244252694,-0.0314121029887644,-0.281269477249868,-0.263898354185913,-0.276192764647536,-0.279890943987702,-0.226706477765365,0.309167992418752,-0.275231617373249,0.125100826918637,-0.275635362469693,-0.278530025526894,-0.156832592343464,-0.0818150092930425,-0.204524109922547,-0.268484766171314,-0.274856767657221,-0.269347024625834,-0.214151304289002,-0.19441702762111,-0.168085074978757,-0.22466266039152,-0.279439648041349,-0.275006310014745,-0.281572879716832,-0.279694603868823,-0.233616549902373,-0.106082884152793,0.328709659427924,-0.281703794589196,-0.253974114193191,-0.279327745414737,-0.0107887443815565,-0.191003444119963,-0.280214542329064,-0.273243688123548,-0.0551886751761244,1.29120668768858,8.31510089343816,-0.261595555003813,-0.275523940154405,-0.26827967574025,0.254612752813999
-0.204599060768455,0.00612137966862494,-0.0706594646123546,-0.274436168621778,-0.236545237326042,-0.0261096122997207,-0.281714394520973,-0.278549588697528,-0.277494780590085,-0.271778703696252,-0.278950378007429,0.614208703744317,-0.279379731314049,-0.280164338947596,-0.263712299047627,-0.280668566981858,-0.280009399265888,-0.227019626377795,0.480041287700739,-0.180547370793827,-0.251380845616143,-0.276925513341581,-0.266352759358984,-0.2600942755507,-0.0853191678505112,-0.264256602002914,-0.242803502273498,-0.187558106324898,-0.279753511143481,-0.14721979470768,1.15441258169957,-0.27453102795837,-0.27128135126636,-0.132914311089013,-0.260798082661712,-0.280226315142968,-0.270811162782635,-0.274709269794151,0.0820670638890043,-0.071834875068014,-0.11655335587556,1.09011423724906,2.5696945768671,-0.257469693005071,-0.0124746514537222,-0.281426926651441,-0.262917491872668,-0.276443391313622,-0.280133892194774,-0.228051078307185,0.271730217388327,-0.27532438838366,0.122355304948564,-0.276078491134451,-0.278597902501486,-0.161092232368998,-0.0808200797821169,-0.203147520190496,-0.26863508019368,-0.274936613414891,-0.269326883284722,-0.210390660671703,-0.194525819479477,-0.167482154744247,-0.223977845217569,-0.279555282713125,-0.275194536188762,-0.281756191990953,-0.279911518743265,-0.234766223069666,-0.112075221643812,0.32742751079657,-0.281863438058164,-0.253605854446797,-0.279563941400189,-0.0129246600407362,-0.189329356475359,-0.280414164470504,-0.273982387261553,-0.0475264289553016,1.28660135688273,8.31663350761082,-0.260701183778441,-0.27586209549324,-0.268625201187098,0.257165305315949
-0.208870881153543,0.00253330789551887,-0.0763191574562711,-0.275518237142009,-0.237513408992978,-0.0303965924586253,-0.282714395179466,-0.279764844055858,-0.278523164594899,-0.272929599207349,-0.279724560269762,0.612373916755346,-0.280519404305774,-0.281161355521224,-0.265776488881888,-0.281830305800012,-0.281171384206923,-0.226542277293608,0.538111685773642,-0.179868566614222,-0.252696788457845,-0.278134862385595,-0.267212170163295,-0.261976189558402,-0.0927542571476137,-0.264165370832248,-0.245313946976219,-0.188400339705755,-0.281030625449929,-0.148316603198109,1.1386668677338,-0.277104755971594,-0.272191871746479,-0.142422576644868,-0.261848515978484,-0.281312692998597,-0.272331252148629,-0.275525088998431,0.0822379564689422,-0.0700727025876433,-0.12365432447215,1.08337606481155,2.59691124156607,-0.257951228955541,0.0101827355934346,-0.282483038340138,-0.26389053369038,-0.277613846126163,-0.281208139721455,-0.228265013727719,0.260538759407003,-0.276486663203657,0.11471721078046,-0.27736892621186,-0.279755368048051,-0.162619800457026,-0.0854871082508148,-0.20202259930953,-0.270380956672279,-0.276030627813751,-0.269868677982227,-0.207194434052534,-0.194934488948277,-0.165461374114698,-0.223805789462112,-0.280682974239693,-0.276050382518556,-0.282786934871607,-0.280865574319502,-0.232515010745825,-0.1156081741897,0.337715745882362,-0.282908345820678,-0.251714230736199,-0.280849177347547,-0.0146567202091125,-0.185077957833472,-0.281502360244455,-0.275666598751278,-0.0352824429293232,1.31236780711283,8.30204199527225,-0.260828082598977,-0.276954311017967,-0.269983501937177,0.250595658902386
-0.213314318160248,-0.0132156390177969,-0.0791877562190048,-0.276229979889351,-0.238962751002513,-0.0303244031625968,-0.283239546947211,-0.280352443159821,-0.279093930548545,-0.27363552437859,-0.279771625648386,0.573023847262947,-0.281036943520628,-0.281702330421977,-0.268383887807837,-0.282419924696376,-0.281504798947053,-0.225531418410706,0.590687510174795,-0.180818110634888,-0.254417352167771,-0.278819201916635,-0.267923028481466,-0.263206260010278,-0.101474039258333,-0.265139466759731,-0.245348750710826,-0.188048386263992,-0.281657338327543,-0.14789749690548,1.1418946334316,-0.277164339432813,-0.272621090197123,-0.143214040700549,-0.262518152343841,-0.282015997988112,-0.273329153000287,-0.276278353917558,0.0997468174613462,-0.06825385393542,-0.140319718227909,1.07927956159516,2.6569065312838,-0.258082703937779,0.0307596273913467,-0.283005069863756,-0.263702043358915,-0.27822318342726,-0.281785539889591,-0.225937118574507,0.243422275465447,-0.27682982497998,0.110264084790271,-0.278872910730527,-0.280227233616535,-0.159860081953226,-0.0949765618348809,-0.200117988510008,-0.273130983600098,-0.276690384438391,-0.270235258163632,-0.217870930122387,-0.193600274681599,-0.162605079508488,-0.22354837936093,-0.281234419207026,-0.276966501097027,-0.283335102382011,-0.281680985260152,-0.229765864020516,-0.116586273952261,0.340901950233464,-0.283429498936269,-0.253714290427537,-0.281324916126964,-0.020110394462175,-0.177339393115224,-0.282018277552805,-0.276827285689481,-0.0409246287789536,1.33116857500227,8.27779138420066,-0.262020818337974,-0.277397232032612,-0.270143839724602,0.256645826482164
-0.212980319793168,-0.0418089903451177,-0.0790554466045976,-0.276105811010453,-0.239458975996785,-0.0311608011471436,-0.28328101370132,-0.280663806960358,-0.27933615088394,-0.273725178061922,-0.279502519352007,0.567862906089835,-0.281171397307682,-0.281842551092656,-0.269305939853029,-0.282535038943048,-0.281571484043158,-0.222169835641598,0.594240002054386,-0.181265805229895,-0.255935560275184,-0.278966780017349,-0.267724814727726,-0.263461393932672,-0.107061569845515,-0.265118037484913,-0.246465639470479,-0.187081095076337,-0.281672953396002,-0.146269254145463,1.14963615600167,-0.276950534822688,-0.2725710178485,-0.143269676657845,-0.262574805545944,-0.282256543827617,-0.274095076489973,-0.276445403809139,0.107688459399011,-0.0600098616210341,-0.137150609642093,1.07412709996899,2.68945775659658,-0.257946846526951,0.0406682875976483,-0.283080849531083,-0.262626652685893,-0.278298254255743,-0.281923909943003,-0.22308119994592,0.245015281149259,-0.276883745829754,0.11262617075633,-0.27922580137654,-0.280415423547212,-0.162166037768765,-0.100045383119223,-0.199252992817926,-0.273449582784697,-0.277137377530884,-0.269913309766046,-0.228181637741523,-0.1915968936985,-0.159581267117605,-0.223313891434061,-0.281419822690042,-0.277044583529047,-0.283393163240424,-0.281834347637275,-0.22653261512707,-0.118899108837958,0.347150139600898,-0.283529168860387,-0.252310356762018,-0.281405999522242,-0.0230458648347737,-0.168796729490726,-0.282104609513839,-0.277227813501527,-0.0491698131582317,1.31245894227799,8.26934694394134,-0.262672391136102,-0.277784416710503,-0.270047462468119,0.257082873612028
-0.215523443622769,-0.0543550347971044,-0.0762573275162549,-0.277998036029506,-0.23955496532169,-0.0303214684772458,-0.284832429042871,-0.282055005946277,-0.281037924492389,-0.275084527872945,-0.280910738960292,0.51206722841518,-0.282851468711647,-0.283422304872051,-0.272091294302206,-0.284198866122794,-0.283321936456552,-0.223060793037183,0.60786410725762,-0.180729733373899,-0.259927952860968,-0.280628982552917,-0.269109416929374,-0.265717130404324,-0.109835103971313,-0.268122102949519,-0.247511505426851,-0.185354014487145,-0.283200538821825,-0.149868439468254,1.15890833145378,-0.278350609711748,-0.27404709205531,-0.147834555766885,-0.263982613111929,-0.283946796014971,-0.275808410908005,-0.278005377967064,0.119056376502296,-0.0504924818251151,-0.122314923929437,1.07035308726931,2.76621557819267,-0.259034738664439,0.063618045856376,-0.284656814563789,-0.263573373961962,-0.27985143469119,-0.283462538814219,-0.220604438835861,0.259081312934626,-0.278320048929159,0.118916378521997,-0.280933149995237,-0.282139859214303,-0.152299708741033,-0.102041303366193,-0.198945988004978,-0.274448252690519,-0.279085384497503,-0.271249976649158,-0.233677656916722,-0.192360000370827,-0.158996133873246,-0.227879482612724,-0.283136643349709,-0.278845430394017,-0.284976420441037,-0.283417008112814,-0.223831477881398,-0.124490544716452,0.35562948528625,-0.285128936081096,-0.256272582854807,-0.283174521282388,-0.0282119336933543,-0.160242202853178,-0.283753262160928,-0.278876364110356,-0.034422278881546,1.28874124100977,8.24572783158748,-0.2646637912396,-0.279548443370163,-0.270998437395416,0.263036908042591
-0.220485736709892,-0.0380153925791867,-0.0737001778236556,-0.282214765586581,-0.241999904141031,-0.0304424267906121,-0.28863663641874,-0.28579995352385,-0.285088447860013,-0.278452674625032,-0.284463815536473,0.513567722583261,-0.286499435861976,-0.287204043689924,-0.276525231561459,-0.288088298400086,-0.287022348646257,-0.222304178796406,0.683274939900221,-0.182888654236383,-0.266041771728661,-0.284407723350904,-0.272675191730376,-0.269656825877284,-0.111895132620699,-0.271897883201242,-0.249899456148373,-0.188463535458773,-0.287148143700854,-0.162181704989774,1.16499874537115,-0.281818343285639,-0.277362725335933,-0.14794730201784,-0.267152261334899,-0.287736402821901,-0.279538870429958,-0.282157391726808,0.118005898578673,-0.0393350295238091,-0.106093235719063,1.08245861710804,2.85866568335207,-0.262626905002074,0.0959975083006643,-0.288479158225953,-0.265640332070144,-0.284103884675068,-0.287170456069459,-0.218539678337226,0.276145713918805,-0.28176774691745,0.123435212495287,-0.284835612795101,-0.286044140806842,-0.15617358773829,-0.100929928724313,-0.198765021758585,-0.277328094641674,-0.282375851743111,-0.274682161913796,-0.23659299724123,-0.196972291070192,-0.157815552288558,-0.230638266675233,-0.287081827947351,-0.282570381447463,-0.288841634114562,-0.287253318094691,-0.2238178124117,-0.13057193783497,0.365744990039988,-0.289003762559861,-0.258066567123992,-0.286997953148853,-0.0359393255277651,-0.153881769144379,-0.28764928800364,-0.282572177228133,-0.0373872003369995,1.2619742981237,8.20242414894073,-0.26788065210263,-0.283449345855287,-0.274128305716631,0.255122502370958
-0.220612210348572,-0.025585971454989,-0.0751421983160073,-0.281920387159103,-0.240170697768381,-0.0337420269623026,-0.287794155092135,-0.285027875872416,-0.284443112434934,-0.277833533927613,-0.28369623827475,0.485547559461536,-0.285801966523559,-0.286470252822751,-0.276525529120673,-0.287428813278562,-0.286132911785006,-0.21631665408397,0.788423646684826,-0.181191919024131,-0.268351638748303,-0.283654967325218,-0.27091760256788,-0.269527846716192,-0.113179151724163,-0.269752540142988,-0.249519063452505,-0.186396339201609,-0.286305655665629,-0.169355978946524,1.14383783482176,-0.281496922495138,-0.276499521547812,-0.150535733869607,-0.266010856898207,-0.286884375917041,-0.279567121550491,-0.281174301741563,0.127972982574367,-0.0304560857527649,-0.105061734584855,1.05235729874539,2.79062187851986,-0.26287354607359,0.108143940106689,-0.287667225515787,-0.26516881181446,-0.283425850321864,-0.28661562974285,-0.213826528467925,0.279037241973782,-0.280918705490831,0.118413346351016,-0.284178530321863,-0.285302490397421,-0.153489889093008,-0.09938609431061,-0.193989618479273,-0.275959895251084,-0.280871408204917,-0.274111076896202,-0.23770533787041,-0.198646381788495,-0.159672027973938,-0.229057469780949,-0.286242498698792,-0.281912514372391,-0.288041996423925,-0.286930251480685,-0.22082473683971,-0.137941305828756,0.352383783987595,-0.288213237282953,-0.256249018988142,-0.286282503289251,-0.0457602393411535,-0.146630738807455,-0.286989706327411,-0.281335774879956,-0.0320158998698691,1.22133296160906,8.23334839049669,-0.26610660644057,-0.282951096494354,-0.275148276281168,0.241505947207789
-0.223698998852105,-0.0108318431376966,-0.0791887034113518,-0.282139027824,-0.239172298316748,-0.0422615005635991,-0.287844719312176,-0.284989579931701,-0.284500001939104,-0.277720610953987,-0.283801161905522,0.504323588600018,-0.285854184432183,-0.286730504466011,-0.277826901703451,-0.287533027863473,-0.286649402567626,-0.21346221054948,0.908778595714039,-0.178173222390359,-0.2715742031895,-0.283899776245508,-0.270192417459356,-0.270096344373681,-0.117401728338678,-0.268925089481759,-0.249773584597938,-0.186006240568986,-0.286392711388359,-0.173035674349206,1.1009876755809,-0.281472157689927,-0.276294064356624,-0.15604773417035,-0.265761053559899,-0.286868743637327,-0.280339937918363,-0.280960064526296,0.137331270187041,-0.0202885397076214,-0.112131333883691,1.00930724924396,2.70369765452282,-0.263475364620308,0.125291448903687,-0.287737791053273,-0.264844142099314,-0.283522852312796,-0.286555603855198,-0.208457628060792,0.276249257156477,-0.280892626212049,0.113674768049581,-0.28438060952287,-0.285450621783952,-0.15945909887126,-0.0986990853738605,-0.194690459843657,-0.275666962807641,-0.279762352254209,-0.273836972643277,-0.236387696094852,-0.198944005205103,-0.165382244841132,-0.227850467434337,-0.286564957950874,-0.282062652632181,-0.288101990048274,-0.287027763014533,-0.214930610952387,-0.13978060879248,0.330644123344151,-0.288286793523372,-0.255653892718857,-0.286569034317662,-0.0564982079127549,-0.138641573799797,-0.287344838001014,-0.281635767424075,-0.0190166583011044,1.22213212444276,8.26007271667182,-0.266136947882881,-0.282790771693097,-0.275409579089358,0.249798060090965
-0.227034810562997,-0.00583137271515592,-0.0824398214736939,-0.282559641513481,-0.239519843377802,-0.0440617490614446,-0.288251738472562,-0.285431664071184,-0.285007747379486,-0.278009841394765,-0.284188440984167,0.519420067678606,-0.286300401315566,-0.287251933070451,-0.278408575908797,-0.287899171917951,-0.286904188211087,-0.212968067819307,1.01462839065521,-0.176435335451784,-0.273224812656388,-0.284706452707769,-0.270447063416325,-0.271013862318475,-0.11529548269238,-0.269536270407463,-0.249989712250209,-0.186239352921135,-0.286742664533771,-0.173261054761433,1.0809573511866,-0.281858001086074,-0.276734795688102,-0.158758406830053,-0.266093239858523,-0.287164789251216,-0.281984612368897,-0.281606637210652,0.148575781333485,-0.0110662899621438,-0.121903104552413,0.987987811484887,2.62426276769449,-0.264143024115104,0.146612292456597,-0.288096293741013,-0.265223346838718,-0.284092815554062,-0.287220843122809,-0.204674507336033,0.28193664089201,-0.280941515384302,0.109944177171645,-0.284778786750237,-0.285889831764124,-0.166857995901848,-0.0968279457175651,-0.195148505990843,-0.276167238027031,-0.279958672170848,-0.274001755330661,-0.232493992538385,-0.198848805825203,-0.169157947474453,-0.228017745538358,-0.288042394360903,-0.282687366176639,-0.288505523736447,-0.287497384538083,-0.210145318124053,-0.14105699383375,0.321657404812991,-0.288683777930715,-0.256928793050432,-0.28695564916706,-0.0566443481353378,-0.132992946596009,-0.287579766641681,-0.282031302940184,-0.0414569275345034,1.22204263601301,8.27637006281627,-0.265764881766435,-0.283874545570454,-0.275096422433629,0.250221477637212
-0.228140208039064,-0.0230893129011689,-0.0844113174122467,-0.284169695017501,-0.240110264545867,-0.0467566731928412,-0.289978498397304,-0.287027160809961,-0.286654643535325,-0.279517751342858,-0.285698035322507,0.52892704913357,-0.287932147967608,-0.289149738740079,-0.280108552533946,-0.289559639685177,-0.288646761704065,-0.210137061992443,1.11634687483796,-0.175511139181614,-0.275257787269979,-0.286366157383215,-0.271911546813825,-0.271964299525933,-0.11661702905184,-0.270697966345863,-0.251906904013568,-0.186103980901562,-0.288459284004843,-0.173372901819852,1.07003248455157,-0.283415607800494,-0.278287195325502,-0.161353287990384,-0.267322814855332,-0.288833662860581,-0.28320628751336,-0.283070868004009,0.167200750838556,0.00188572974397783,-0.124258749784893,0.987376510646293,2.61782283584285,-0.265463222753582,0.173792176755393,-0.289801620774313,-0.267249883281461,-0.285856758502791,-0.288682342090549,-0.200612954792873,0.229740544145319,-0.282598524114004,0.109468342070975,-0.286359203555645,-0.287610239405311,-0.171980704155636,-0.0959991348359255,-0.19488128008258,-0.278008322653996,-0.282209227755033,-0.275122338980859,-0.231665591296799,-0.198955686381331,-0.169136379788678,-0.228688009746252,-0.289433224029822,-0.284231886856664,-0.290234776311304,-0.289370806441045,-0.208495160001036,-0.142331964826479,0.319707092429742,-0.290375803926759,-0.257638966952625,-0.288722681672479,-0.055782908380043,-0.126622873522637,-0.289217295551238,-0.283672092394612,-0.030930797095975,1.21642068596607,8.26518199885633,-0.268436647775071,-0.285579442640189,-0.277164786894569,0.254225397988165
-0.22852908788023,-0.0190344784624095,-0.0877496268550711,-0.284758703689257,-0.240337026226033,-0.053009058936161,-0.290620191536255,-0.287626549875655,-0.287320142659571,-0.280069007732378,-0.286216080826135,0.516405561708124,-0.288354182419651,-0.28995340513607,-0.280678517999916,-0.290270562301447,-0.289298732842147,-0.208357831856391,1.19994194047771,-0.177976132532561,-0.276587518485782,-0.28696309665354,-0.272962692796205,-0.271857995782866,-0.118606919931118,-0.270881515167052,-0.253271275569962,-0.185440435721552,-0.289056515409526,-0.174048409675472,1.03921051303473,-0.284043322001764,-0.278801776922397,-0.163038636551733,-0.268115299465189,-0.289376083512978,-0.283796602933526,-0.283829003912063,0.183510677563283,0.0128421557398828,-0.120649306184795,0.956589062591277,2.6008989008617,-0.265979220110383,0.19187431224011,-0.290405499799508,-0.268396513028249,-0.286551946499986,-0.289231397238624,-0.195768672627162,0.244467425072826,-0.283092853050596,0.108012762199759,-0.286868881493445,-0.288341485407315,-0.172051212236258,-0.0941553265052506,-0.194456715407262,-0.278584810359988,-0.282499096866844,-0.276066603354382,-0.232808900524558,-0.197677714838161,-0.170005121981395,-0.23014806054432,-0.289938699890594,-0.284959981139765,-0.290849982118534,-0.290018489658059,-0.206136912745574,-0.142116215455397,0.312879586168515,-0.29100622669614,-0.257556347138135,-0.289397456472481,-0.0612430535714964,-0.124178478514326,-0.289762268520009,-0.284059617009734,-0.0223710427302953,1.18953369714649,8.26930229906542,-0.268656941358268,-0.286075637508845,-0.276914744459081,0.254348959435465
-0.230158094320981,-0.0085215276489403,-0.0915942622430555,-0.284359621783203,-0.239956192578682,-0.0536585454310677,-0.290397142828516,-0.287342935511051,-0.287076222973564,-0.279757154707756,-0.285782800571684,0.510563776683887,-0.288064511617496,-0.289805260108845,-0.280415087397976,-0.290031139342753,-0.289041753204767,-0.205567809877302,1.27260605688931,-0.17856097571665,-0.277751271698927,-0.286939511748687,-0.272505506249699,-0.270604890542919,-0.119898852330488,-0.269727402195873,-0.252988597216359,-0.183875019574639,-0.288971654090662,-0.171391674207719,1.0159277120506,-0.283705863345899,-0.27857200765541,-0.162432536168537,-0.267846056333524,-0.289110031234511,-0.283676429016967,-0.283571040736334,0.1831595115835,0.0145970164253369,-0.125053609981574,0.928704291788204,2.51240740392576,-0.266654608703887,0.201350138631701,-0.290182544494087,-0.267894804248019,-0.286346963608042,-0.289011938600637,-0.192654249531915,0.258428644237622,-0.282796051065953,0.108824052097521,-0.286650586093302,-0.288191485501614,-0.173243376362971,-0.0918303471568589,-0.197171862355387,-0.27807673990916,-0.282961005309687,-0.275829532890385,-0.231288234349998,-0.196542539618291,-0.169516505780913,-0.229507241562753,-0.289576981066099,-0.284802343345757,-0.290582578687853,-0.289922986355604,-0.202522172269412,-0.144148044034125,0.310355947688147,-0.29078126482215,-0.25273865968531,-0.289140986876139,-0.0634589137504576,-0.135074419033732,-0.289375947906288,-0.283596918974386,-0.0133612683819085,1.19245807304963,8.29180875977952,-0.267475935521887,-0.285866721988877,-0.27689516517782,0.253193532383947
-0.226597211777665,-0.00603525549735657,-0.0894955332077335,-0.281994212171565,-0.23646003080656,-0.0554147518554126,-0.287475856465324,-0.284422853206179,-0.284158661747786,-0.276723577529743,-0.283045229052002,0.485184284236101,-0.285044553428319,-0.286873746769739,-0.27741933543265,-0.28710177212192,-0.286060020303819,-0.202505842646129,1.33319403284018,-0.179363946760661,-0.275555657528951,-0.28402868405516,-0.269019642074742,-0.267632914149361,-0.119927512576517,-0.266248369142841,-0.25033970852748,-0.179338650588019,-0.286106728741072,-0.166804055203689,1.01355296269533,-0.280822128492543,-0.275566627214218,-0.159654126190418,-0.264703828129219,-0.286300153770903,-0.280886064860144,-0.280679797599969,0.195995020189944,-0.0328580863424208,-0.125215096339057,0.905825451257085,2.37298979089186,-0.263902393440722,0.160993321417383,-0.287283835384013,-0.264377067019198,-0.283429387173646,-0.286092419367583,-0.200499924523645,0.2674457690184,-0.279954072542385,0.114258300620938,-0.283741637646307,-0.28509955044847,-0.171941912971402,-0.0915650336019937,-0.195569221899462,-0.274735909522442,-0.280652200368503,-0.273488643424397,-0.230900183383455,-0.197736488582582,-0.165661625352745,-0.225684237398022,-0.286581396992311,-0.281765081448425,-0.287636386134294,-0.287027511425693,-0.20488505023517,-0.14618767450038,0.3154907213495,-0.287859079849291,-0.24970667613891,-0.286252257938143,-0.0598778171258884,-0.149627270299364,-0.28656215923319,-0.280375953528154,-0.0147296184024794,1.18321507628622,8.33358848177984,-0.264438278256784,-0.283168465445885,-0.274127572443107,0.259271003172953
-0.225249165878109,-0.0250273297767749,-0.0890477396197907,-0.279470406839849,-0.234269333997239,-0.0552730328486873,-0.285384980889834,-0.2823307930383,-0.282140722781764,-0.275104168798025,-0.280725701936525,0.458095175716651,-0.282895306408572,-0.284886609635319,-0.275350267910122,-0.285052734179415,-0.284108247441448,-0.204287489661772,1.38587804098662,-0.186280992219453,-0.2745512013554,-0.282252389060303,-0.266996359764026,-0.266213611254958,-0.120214166239868,-0.263866714576621,-0.251600158913621,-0.175558426516994,-0.283959284596232,-0.164772340057656,1.00337830806818,-0.279711302264093,-0.273509128738192,-0.159233591999063,-0.262771177525867,-0.284269137926255,-0.278947417897285,-0.278993891488448,0.218663178031716,-0.0396331747399882,-0.126903491307086,0.876127241297572,2.25432466109353,-0.262333329429361,0.193450021522855,-0.285261887800129,-0.261457054050815,-0.281357955388696,-0.284062586442514,-0.196983912327002,0.260728980708453,-0.277895488760303,0.118752885698839,-0.281570502429691,-0.283180639713382,-0.174136740298597,-0.0940082523348347,-0.194170008282574,-0.272740856307075,-0.278779427916202,-0.272245672473062,-0.230438998667853,-0.196593619841435,-0.164185591622978,-0.223034762573707,-0.284524440860739,-0.279590731190077,-0.285593164076638,-0.285043622545946,-0.201776127778974,-0.146854247792437,0.318060065484251,-0.285807435021403,-0.248127942630286,-0.284304748228354,-0.0581589707411228,-0.147343423105722,-0.284535194486782,-0.278045461732895,-0.0327526325489695,1.16570985881831,8.36803379741705,-0.263825976599404,-0.281098671212847,-0.272775212095181,0.264235064546914
-0.226159465184127,-0.0380580398688797,-0.0911760963861168,-0.280193080591497,-0.234407662682384,-0.0568859109210915,-0.286042008447371,-0.282991217421688,-0.282663818892057,-0.276000077881438,-0.281561960509159,0.45930594554758,-0.283690321154824,-0.285673056991871,-0.276104617341959,-0.285848892578461,-0.284932332804113,-0.204340186692684,1.45538114536977,-0.188149538400517,-0.276507468751947,-0.282846714400081,-0.267766861502873,-0.26777877700237,-0.121529001985204,-0.264474738638789,-0.253329620703908,-0.173889792534616,-0.284808001232701,-0.163565439659318,1.00026052495584,-0.280808720428865,-0.274284624647226,-0.160198625103029,-0.263610175891212,-0.28509437855919,-0.279897663733349,-0.279499609778747,0.216599687025656,-0.0384567995230337,-0.124984499682243,0.871720287543431,2.22060343752522,-0.263863624845514,0.21549900974684,-0.285988758773123,-0.261511980605801,-0.282066970190166,-0.28483896350469,-0.193646635210149,0.264340148837819,-0.278454534051701,0.118333735406703,-0.282295933226139,-0.284058708701906,-0.173894824202176,-0.0964159491917282,-0.194768068117652,-0.2736465054564,-0.279974029072026,-0.273831016938551,-0.231925392237531,-0.197090182696732,-0.165262998502475,-0.224272040987797,-0.285181620214609,-0.280330020223016,-0.286332533939782,-0.285740736882366,-0.198511628782518,-0.147467877217016,0.323886160663344,-0.286541004472715,-0.248038163281843,-0.285065788058679,-0.0574614078983012,-0.14761694036849,-0.285337271832845,-0.278552723171643,-0.0266229463796442,1.16464510415097,8.36398020777145,-0.265848914735629,-0.281834137704979,-0.274423757430427,0.26236899307107
-0.227156484680105,-0.0539429478234777,-0.0931355163879997,-0.282170972455023,-0.234473169980707,-0.0592065731067717,-0.288081165037776,-0.28490359110929,-0.284483719879993,-0.278020720676546,-0.283684312869673,0.458565743618026,-0.285590541631724,-0.287734529504328,-0.277844031639237,-0.28788674804899,-0.286800647376627,-0.204825667661976,1.57598926878258,-0.189763744876711,-0.278919151774652,-0.284814540226727,-0.269407176854112,-0.270486054997988,-0.124231920821382,-0.266269446054661,-0.254470457816768,-0.173364475974604,-0.286863393586402,-0.16393034428326,1.00803975061162,-0.282824725164157,-0.276008451541603,-0.158612031984035,-0.265423418388119,-0.287147013362124,-0.282076848573063,-0.28146062931854,0.23251074883639,-0.0345526720159996,-0.125163464422286,0.878145658909833,2.19813486262722,-0.265350209350325,0.231512089352299,-0.288039270879044,-0.263115841494973,-0.28391076519359,-0.287036838756472,-0.196355394626404,0.253478869342131,-0.280226569776346,0.12073670270843,-0.284287962721873,-0.285960199918503,-0.170709048485169,-0.0968592050181648,-0.194705462498051,-0.27580144001746,-0.282136881495864,-0.276166689542038,-0.234318405029608,-0.197529301138817,-0.166452161449683,-0.223184968930495,-0.287129646320094,-0.282200352624293,-0.288423908392457,-0.287899247959652,-0.202574799801753,-0.147485710015665,0.338254308571306,-0.288610836382999,-0.248078132273432,-0.28708326012513,-0.0589884464864132,-0.146613203534231,-0.287415000014772,-0.280380332982495,-0.0465918942843886,1.17617125242923,8.34013926713394,-0.268971910313202,-0.283700180109726,-0.276467117909033,0.264813374837054
-0.226435812172125,-0.0849029861544379,-0.095067956422676,-0.28367158876023,-0.234967810235305,-0.0610785510668961,-0.289610475823972,-0.286349761633674,-0.286188261479965,-0.279509915374542,-0.285022899762633,0.465869504864996,-0.287065215842096,-0.289260837295781,-0.279114472093013,-0.289425808435069,-0.288216770970103,-0.205262604398077,1.70787644895488,-0.190681159263309,-0.280368353361927,-0.286260763462035,-0.270663357511626,-0.272874844500818,-0.128021278008994,-0.267236856597399,-0.255265925641079,-0.174304567809486,-0.288393299460311,-0.165658942998233,0.997432953984291,-0.284509211860077,-0.277228549745418,-0.157511834346962,-0.26652047723085,-0.288717789598834,-0.283688615863407,-0.282877814358346,0.240977698822993,-0.0294822673505922,-0.116696967833819,0.858336572307866,2.15251991399887,-0.267209555445322,0.259998805622428,-0.289607551163901,-0.264323601950445,-0.286177469433114,-0.288597591241111,-0.194690034625716,0.241875882161419,-0.28193279379324,0.112626567547172,-0.28589619392088,-0.287427234859864,-0.156609989935146,-0.0991714095143323,-0.195650456211778,-0.277309866335854,-0.283829466771794,-0.277959515680164,-0.233940426201319,-0.197407771439134,-0.169303541558302,-0.225343591944011,-0.288482074981942,-0.283876549651006,-0.289985305817654,-0.289197760813663,-0.20237035641972,-0.146467596286148,0.342143529638953,-0.290156319190635,-0.247965493983337,-0.28862351738921,-0.0597544628573951,-0.142156072190141,-0.288942642515124,-0.28142434439246,-0.0371985896996011,1.17352448226995,8.32586457728824,-0.272411041440331,-0.285120398030806,-0.279344069034914,0.274932323981565
-0.224578434256343,-0.0739482883759155,-0.0996827878062663,-0.284734735050539,-0.234789371255735,-0.0661450884404092,-0.290335002855962,-0.287111731726819,-0.286950861023324,-0.280318195734323,-0.285715376627945,0.451717265113425,-0.287683744614785,-0.29009411458927,-0.279619646662904,-0.290297250284256,-0.288733819982021,-0.204584771597865,1.84446429696833,-0.190534033595972,-0.280891574924255,-0.287131449423952,-0.271183164838692,-0.274974677089299,-0.132860758884674,-0.268992799876779,-0.256128959336216,-0.174823330300592,-0.289215628331505,-0.167600910796224,0.969909715300058,-0.285332532473355,-0.277720780730114,-0.154632320822146,-0.26739541762761,-0.289562710318858,-0.284435631203038,-0.283541460295906,0.265490019868972,-0.0256504691958471,-0.10789075614429,0.826065810967552,2.11791113240859,-0.267997527667519,0.260214992708195,-0.290374772335873,-0.265192064094505,-0.286670396254057,-0.289327590620611,-0.192838783694642,0.233264410171012,-0.282632161704285,0.100861287698835,-0.286697593638053,-0.288232653066319,-0.151686341716852,-0.103763659284651,-0.193836185190158,-0.277931585860042,-0.284662915213203,-0.278575015956347,-0.234060034255683,-0.196266573504543,-0.174666875164041,-0.22796592501592,-0.289278765961278,-0.284487903833115,-0.290813931836344,-0.289896989375558,-0.201792877096751,-0.147265891476179,0.341493436146703,-0.290924272150427,-0.247371119213269,-0.289343187056542,-0.0619948788901433,-0.136844438535807,-0.289666173723745,-0.281190336309241,-0.0310843220255469,1.17505558677229,8.31128846042577,-0.273571987254104,-0.2856925462375,-0.282294220563837,0.274978668320965
-0.225481217823222,-0.0645128039398444,-0.103094775316844,-0.286034046831859,-0.235211768928716,-0.0681510748931932,-0.291431779791542,-0.288196715208277,-0.288123631641108,-0.281401443461292,-0.286887246185205,0.46327641413148,-0.28876945440798,-0.29118702207739,-0.280378261328387,-0.291380452687451,-0.289101109760725,-0.203446996352462,1.96916952758557,-0.190333491553503,-0.281718747110573,-0.288254852109818,-0.272201495701223,-0.276203693703765,-0.135974281286699,-0.270400005144529,-0.255802933181481,-0.175809472874603,-0.290291981350301,-0.168699343110508,0.954756440362452,-0.286625105617143,-0.278612902407476,-0.154324639436273,-0.268693806347262,-0.290706380940759,-0.285889440519749,-0.284476543226972,0.285454781477359,-0.0240894708068502,-0.108378930749089,0.797411479912877,2.07505780188573,-0.268850081520414,0.265525787591447,-0.291498341834965,-0.26623365709435,-0.287716559637202,-0.29040305403533,-0.191294920610254,0.231821059763752,-0.283677007231518,0.0922035517381857,-0.28774163969271,-0.289442885329436,-0.145723069339328,-0.104900233083167,-0.191603238997748,-0.27857961463382,-0.285846780828542,-0.279669355316062,-0.234628756525008,-0.195010128684327,-0.178236696557296,-0.226168522768356,-0.290313876303045,-0.285547723338334,-0.291949663096014,-0.290964248372694,-0.19777188636602,-0.147583807851654,0.335121967189193,-0.292026625989875,-0.247986813834851,-0.290360494154366,-0.0623283596158804,-0.134528433321686,-0.290847719578337,-0.281907445392426,-0.0176535381821371,1.15078082587528,8.29895172188349,-0.274501461279507,-0.286630798184447,-0.284246734499669,0.275120131498031
-0.224857263515113,-0.0540745022234602,-0.106609607703578,-0.28681736829378,-0.234439062097275,-0.0720060439979781,-0.292207848976094,-0.28904099975055,-0.288970965287233,-0.282091793373189,-0.287605725209641,0.458501736616621,-0.289358183533046,-0.291982152663469,-0.281316500628336,-0.292170182051399,-0.289428413856916,-0.202421551345403,2.13497592927003,-0.19003618133677,-0.282234433613153,-0.288855584779213,-0.272919245794939,-0.277395841856167,-0.13887155209275,-0.269957015746838,-0.256021419362708,-0.175763454074737,-0.291115821294817,-0.170621009777201,0.928874448142824,-0.287446529437128,-0.279088569144455,-0.159284232608132,-0.269564201111605,-0.291561735921117,-0.286693587806237,-0.285062015773942,0.307919630258332,-0.0198345678839113,-0.110139339284005,0.765817986946144,2.02982002921447,-0.269122221213761,0.267750120380235,-0.292262188188026,-0.267315526758011,-0.288432436581048,-0.291173762030961,-0.190517358564354,0.223756459978804,-0.284461389237209,0.0851318274416056,-0.288479094023751,-0.290101601703699,-0.142687463279994,-0.107699946512658,-0.189677495572372,-0.278882376229102,-0.286443965017491,-0.280629658577955,-0.233979856432595,-0.19465460385906,-0.182268135272281,-0.23059513716733,-0.290961160016202,-0.286272142711799,-0.292687304278231,-0.291715023622759,-0.195236850275999,-0.146217744149494,0.333752695341977,-0.292792689877409,-0.247938597134319,-0.291106994602275,-0.0650734666128903,-0.134628843296108,-0.291736376201694,-0.282419989935244,-0.00454016294687113,1.13492925794141,8.275841002479,-0.274622657554904,-0.287197886625129,-0.285753326902287,0.271078812160096
-0.228414061778695,-0.0456366995549322,-0.108863565909427,-0.289346624230182,-0.235018013053903,-0.07614841100491,-0.294675291450854,-0.291495637873125,-0.291360032063871,-0.284413559628267,-0.289813446390927,0.460625830651041,-0.291729325555555,-0.294437260579902,-0.283740608057284,-0.294635354293404,-0.292004953339357,-0.202510710113373,2.35318972749402,-0.189134293310826,-0.284502730431642,-0.291140001613157,-0.274614745513531,-0.279953551127856,-0.140479391244827,-0.271122691652867,-0.258114378314025,-0.174249222099598,-0.293624540436748,-0.172272236283572,0.915986424899016,-0.290266138433347,-0.28114910836371,-0.158752821582528,-0.271581329611166,-0.294012809135044,-0.289270766908054,-0.287286921525364,0.332964323869986,-0.0165693200388461,-0.109659357188424,0.747567859092755,1.98334612927298,-0.27086969730586,0.275775796285119,-0.294733441048709,-0.269122124552563,-0.290816638006146,-0.293626410226767,-0.190755644948062,0.227109199223704,-0.286937651797101,0.0831347686092531,-0.290920864925357,-0.292503371189313,-0.141190659602408,-0.111847384512642,-0.189582424271544,-0.28062513869026,-0.288787601687068,-0.282929429124748,-0.234053175932072,-0.195239080918045,-0.186576278858898,-0.235944575645281,-0.293313847200529,-0.288818122975124,-0.295137663448263,-0.294181594115157,-0.19233500091994,-0.145461990882799,0.335962495422121,-0.295258239616069,-0.249015893953355,-0.293536835379375,-0.0646086400733959,-0.13459361900631,-0.294225094460751,-0.283870679842551,0.00308890407426399,1.11629511684226,8.22808030436693,-0.276963755799891,-0.289412370688144,-0.288720542798646,0.265388513992794
-0.231859992124899,-0.034702349141605,-0.111215384494207,-0.293167231325937,-0.236337010886472,-0.078367221124438,-0.298399667116722,-0.295100978538868,-0.295071634699983,-0.287966667644931,-0.293380496978863,0.479669006472718,-0.295413043941152,-0.298158829496464,-0.287310696615404,-0.298346379155689,-0.29572152226225,-0.20424878428066,2.63916458174071,-0.188962284565463,-0.287873586465153,-0.295287743457034,-0.277269991112913,-0.283965712315084,-0.147311348259394,-0.273790456359599,-0.262125779255803,-0.173120287596177,-0.297427252981935,-0.173207535770843,0.905853107954981,-0.293834314804929,-0.284682302190516,-0.162075391449371,-0.274521012918186,-0.297672657584148,-0.29289030079973,-0.290752525072104,0.357882944911926,-0.0111468907658767,-0.104018184476323,0.728821915204615,1.94674448217917,-0.273662603228273,0.287753997890229,-0.298449792716555,-0.271527558146523,-0.294415049343151,-0.297222899234957,-0.191090830270487,0.219943064503158,-0.290627487519396,0.0823635345436037,-0.294551209767095,-0.296225347706419,-0.139484309347469,-0.115530297179774,-0.19139026187585,-0.283036372800309,-0.292191576731991,-0.286353581930749,-0.234460400739065,-0.195504348881268,-0.190793979972066,-0.242068028560853,-0.296934974358207,-0.292554855772021,-0.298827321597237,-0.297835936205927,-0.189989128467304,-0.145701645249871,0.336132852611984,-0.29898415704555,-0.25149028374427,-0.297220003206295,-0.0672815403279357,-0.134464183605132,-0.298010041745905,-0.287393648725055,0.00537966880463665,1.10700403277877,8.14494773752121,-0.280042515904389,-0.292813163428313,-0.292894000709841,0.266065856956915
-0.233604962406559,-0.029331550420541,-0.113014952707372,-0.296064935448307,-0.2358887149909,-0.0822290271709353,-0.301118340607773,-0.297629114711076,-0.297887488372595,-0.290076555146937,-0.295939692347166,0.50871687745208,-0.297917748750271,-0.300805981117481,-0.289781690504105,-0.301029614517203,-0.298340617953472,-0.20429654861598,2.88877868763553,-0.189138505102855,-0.289969887156797,-0.297765921730699,-0.279141281240468,-0.286079384806192,-0.152252858929801,-0.275919715221827,-0.262836136339628,-0.168091887095341,-0.300120514301792,-0.176147137983829,0.894500818042607,-0.296764332363857,-0.286187108074076,-0.166558649127927,-0.276645711681132,-0.300353796759661,-0.295476674137537,-0.293168861993236,0.36889518631901,0.000526456839518025,-0.108123826453871,0.706350689077042,1.89501144486811,-0.276547415704039,0.29688054807628,-0.301102013480279,-0.27457507462874,-0.296827203841419,-0.299774597680782,-0.189654356089558,0.218086738293733,-0.292877360794952,0.0841684478974859,-0.297127921105107,-0.298708390978335,-0.1330196437467,-0.119142280829899,-0.193313370471946,-0.284293742465817,-0.294976804374423,-0.288336028592446,-0.231917327017951,-0.194737712244942,-0.194198855019982,-0.246365244643534,-0.299382247332388,-0.29506496527125,-0.30153886875752,-0.300462445911047,-0.191726451281932,-0.145031456365705,0.332852079715912,-0.301680721061297,-0.252825005126635,-0.299846468391998,-0.0732647742464143,-0.135940924755638,-0.300662359240575,-0.289801570350003,0.00218648474221676,1.08850475652031,8.07050440531086,-0.281549999175215,-0.295065316930804,-0.296787034375799,0.277862057783581
-0.233073288215739,-0.0434067069661206,-0.11911542180096,-0.297777741223871,-0.233113726751098,-0.0851833430920544,-0.30265197566584,-0.299004587879383,-0.299610432317938,-0.291041832569885,-0.298276662290244,0.517544731360624,-0.299276951125983,-0.302281586231993,-0.290829770695891,-0.302466195083711,-0.299670863764721,-0.205572491957314,3.23624820130607,-0.187786794597684,-0.290991668676682,-0.298738971847513,-0.280564474008427,-0.286812385637097,-0.159142313608444,-0.276843419156503,-0.263601316227793,-0.161399613389935,-0.301663232723549,-0.186229392543573,0.8749280642437,-0.298225276616165,-0.286725538465723,-0.172104937962283,-0.277707623304518,-0.301809077658759,-0.296532140692623,-0.294805958751563,0.43029081468058,0.0174455121088657,-0.104956231554682,0.664995037022962,1.79753843290367,-0.276874742899392,0.308581192102997,-0.302643452349681,-0.276634231367421,-0.298507958495916,-0.301090289347471,-0.191341238167253,0.195980608836575,-0.293867646529412,0.0736970701225406,-0.298766334136604,-0.300136625291719,-0.118405673661121,-0.121314655993217,-0.190202737864048,-0.285362074093857,-0.295929835364693,-0.289721808781372,-0.231693193585897,-0.193193634152385,-0.197639280828151,-0.248227370120419,-0.300716165428364,-0.296313269754715,-0.303080068639604,-0.301930177097537,-0.191573500524191,-0.146813744751335,0.316015661296056,-0.303223429789061,-0.255057159998299,-0.301289566700346,-0.0816579323171031,-0.136309575970263,-0.30210560400756,-0.291718362841393,-0.00995678002496519,1.04292425652535,7.96600669453965,-0.281920497942786,-0.295853578384196,-0.297610278323588,0.295480143531965
-0.235344133506595,-0.0298697821086067,-0.124839062132593,-0.299981856924665,-0.234046199054361,-0.0894190746587208,-0.304748232409328,-0.301155307700679,-0.301929043743395,-0.293085229100705,-0.300027833830423,0.544201486273932,-0.301158182684374,-0.304337345077225,-0.293023854849439,-0.304529628783266,-0.301375258525316,-0.205796039419663,3.46390528608027,-0.18918836679191,-0.292672523279098,-0.300526834428415,-0.282310569405012,-0.288405988227875,-0.164026602514718,-0.277769062552756,-0.265814788897438,-0.161755092469901,-0.30375256842552,-0.189100540392989,0.850805440961121,-0.300130878988851,-0.288145637349556,-0.186040089798775,-0.280031018261545,-0.303876439538056,-0.299255138546502,-0.296891372338808,0.460741456617617,0.0225750533878933,-0.103385967155286,0.642596993883091,1.79960001666657,-0.27787411543963,0.323662412392867,-0.30470215909763,-0.278740439952372,-0.300740764621168,-0.303089295591923,-0.189596060927809,0.199797249096662,-0.295852632898624,0.0623619091399267,-0.300813847490224,-0.302051104751854,-0.113146174748995,-0.128986863427082,-0.194770832273316,-0.287093713024628,-0.297539845795928,-0.290829910571109,-0.230691330418311,-0.191608083884905,-0.201910220281046,-0.252595533717348,-0.302691556420653,-0.29842026358086,-0.305140952589332,-0.303978153432413,-0.182184710491602,-0.150173984139476,0.291695599240201,-0.305327147948537,-0.257145280385464,-0.30333257202775,-0.0793315141235794,-0.13255181680146,-0.30414504659539,-0.293855338639211,0.000786122237440153,1.02188727394988,7.86964672603621,-0.283175426942934,-0.297446318366386,-0.298665911031047,0.283681440338674
-0.236446698159027,-0.0223917139843383,-0.125766726212013,-0.301290060253221,-0.232662394001331,-0.0928805695652486,-0.305962807895134,-0.30233504610224,-0.30335585638978,-0.293975289669516,-0.300991892014907,0.552933221263291,-0.302176465161824,-0.305508828036586,-0.29413742972323,-0.305701630066605,-0.302676448131658,-0.203631430453374,3.71124918568834,-0.18564554657943,-0.293341174937976,-0.301743515724908,-0.283128178107601,-0.290964173239564,-0.167196942425491,-0.278859711926851,-0.265026558870285,-0.164357985996181,-0.304941965238538,-0.190546594329979,0.84306320668662,-0.301085305804897,-0.287409068725527,-0.202274829758403,-0.280872251155283,-0.305021707631572,-0.300297668475483,-0.297988595180907,0.477946316706644,0.032230642845587,-0.104828269386703,0.622331552448746,1.74205636515443,-0.278427098109743,0.328055049511083,-0.305872495768706,-0.280382360317226,-0.301986501132205,-0.304224689384075,-0.18793875527032,0.202979767111496,-0.296978762054638,0.056791718777975,-0.301833724030111,-0.303253967094199,-0.109588510336414,-0.133258619097982,-0.195987077789946,-0.286736469660945,-0.298860202248829,-0.291799386952523,-0.229286915106758,-0.191593420063106,-0.207613349672935,-0.255402206795983,-0.303728227052323,-0.299710304624797,-0.306301543365658,-0.305107144059843,-0.179238837141299,-0.150766245389769,0.269644504197922,-0.30652728351212,-0.261162116586897,-0.304450022585142,-0.0795932629730626,-0.136999224593348,-0.305278533175296,-0.295396947118982,0.024722727116764,0.998645010798809,7.7710588431478,-0.283840445609821,-0.298410531366798,-0.299044013683529,0.280292411585433
-0.235018931890226,-0.0327242555385991,-0.128883303403829,-0.300014118358492,-0.228981787782615,-0.0966737514700723,-0.304675507864416,-0.300982121886406,-0.30236468583281,-0.29245178913911,-0.299902187765722,0.543674783792533,-0.300746194536209,-0.304210742148973,-0.292678268059038,-0.304398957567202,-0.301162978494634,-0.199379077497819,3.89468502470544,-0.18351075242058,-0.29154796942596,-0.300125531161928,-0.281456306997372,-0.288998806347358,-0.169921766864562,-0.27770566234108,-0.262749036829232,-0.16440222669447,-0.303694012883997,-0.194432666051271,0.812330049326405,-0.299687989297069,-0.284975320944575,-0.211407722456733,-0.279644195357766,-0.303702716000357,-0.299187586152443,-0.296626036398004,0.496497537632821,0.0428590947121711,-0.117123341943391,0.568077456701396,1.70737548357509,-0.276764495701635,0.324511865666186,-0.30456038728705,-0.279495532520199,-0.300713482974333,-0.302976855665272,-0.184020827573554,0.206512284382813,-0.295555015378539,0.0432124770367866,-0.300390519527302,-0.301713796291948,-0.106311066237647,-0.132789801484997,-0.194360672049052,-0.284168091616532,-0.297464527212493,-0.291087249339124,-0.225784877644882,-0.186166060620054,-0.213300270671917,-0.255695797547019,-0.302280189727193,-0.298372210693638,-0.305031053891128,-0.303619536957253,-0.17641204969202,-0.1506800757618,0.236589778643025,-0.305252897340153,-0.268826869761667,-0.303180389879299,-0.0866256473957207,-0.129039055134119,-0.303945057110345,-0.293734525309406,0.0311537169396896,0.97794448737121,7.70145023809441,-0.282480490434145,-0.296767045084999,-0.296808772198383,0.28564922093917
-0.235123376467952,-0.0342745845312363,-0.133957779517662,-0.300297075942437,-0.226708175674007,-0.101799935497853,-0.304626573851347,-0.300759133167744,-0.302432595174774,-0.291932481979696,-0.299418917643416,0.543721021990155,-0.30057953638136,-0.30414959756639,-0.29239317350896,-0.304823214018225,-0.301011592698163,-0.199029515400175,4.08891387022787,-0.180950607011904,-0.290765381563193,-0.300287821102318,-0.281540405980723,-0.287713450428967,-0.172613980374442,-0.277163648361714,-0.261905634265058,-0.165488857591578,-0.303626750757396,-0.198612432813731,0.786017224644733,-0.299501514523528,-0.284077340520191,-0.216419986266244,-0.279434847369818,-0.303655509970383,-0.299070112187652,-0.296609297287807,0.522866892667993,0.0515320489592419,-0.125369441483562,0.527019445472779,1.68788865178833,-0.2765069881996,0.325531553274909,-0.304537379328642,-0.279417741224563,-0.30071162173026,-0.302885682864096,-0.18199080093231,0.198346489866736,-0.295468941180245,0.0326345074987846,-0.30025798684366,-0.301591350063813,-0.0991800355709613,-0.136059181377069,-0.192821700211591,-0.2833213584329,-0.297364437084352,-0.290306771864428,-0.22354191126367,-0.181786599490755,-0.21678362015322,-0.257264842842246,-0.302189640767375,-0.298378480107492,-0.304979156604819,-0.303243691682485,-0.174101864256201,-0.151424540407757,0.213426332340439,-0.305219485417858,-0.269166043046106,-0.303146806711474,-0.0904514518040709,-0.129545749265889,-0.303859865542456,-0.293602530657758,0.0491113253825028,0.963224788836625,7.6111466190191,-0.28207856869728,-0.296555718150672,-0.296757074297307,0.283243124986792
-0.234347256942786,-0.0491443950443395,-0.137926866146619,-0.299921581891362,-0.224167048494058,-0.104788242761575,-0.30416890357671,-0.300167245395012,-0.30219482895816,-0.291199657723822,-0.298826960898571,0.52100564019151,-0.300080365521968,-0.303686315787811,-0.291636833106098,-0.304395786561072,-0.300403221569704,-0.200156347081826,4.26388694347566,-0.179080552235617,-0.289434058867647,-0.299663751158205,-0.281038604504312,-0.286217511871902,-0.174354547974663,-0.275688153991861,-0.261257800357407,-0.16558917848515,-0.303133254294691,-0.201978836516165,0.761470785425378,-0.29899256037438,-0.283723574219367,-0.218425455142693,-0.278700484689883,-0.303235051238449,-0.29871997557499,-0.296181502146514,0.556093646380047,0.0578041661570883,-0.122019212736117,0.500658487409296,1.6299564164244,-0.275578811294998,0.325249406068842,-0.304102710572988,-0.279143998490565,-0.300260128739256,-0.302373322840295,-0.178329361175708,0.196494639408509,-0.294755470295927,0.0268695965881971,-0.299732114989576,-0.301012970425015,-0.0927621116082456,-0.137827827419474,-0.190895341819413,-0.282495183444732,-0.296102463744718,-0.289563833525835,-0.223837656298866,-0.177711253405401,-0.218506808382848,-0.258923451801529,-0.301646001371067,-0.297725948011325,-0.304521749831454,-0.302765255869421,-0.172870735616186,-0.153820813304703,0.204201090364485,-0.30477606526453,-0.268243617779513,-0.302767886319444,-0.0913844121717098,-0.133077947751083,-0.303366282819096,-0.293151760072401,0.0551142035858803,0.962170113161805,7.53234179413271,-0.281646860245583,-0.295985064796536,-0.296463042312348,0.279457258879492
-0.233305705705657,-0.0504062394147055,-0.141170478140493,-0.299047094646836,-0.220892583357856,-0.106889358639427,-0.303164070902078,-0.299249176440827,-0.301268386206146,-0.290030177726673,-0.298335222061477,0.464657716708947,-0.299059781081397,-0.302782931051853,-0.290367151484965,-0.303383614371352,-0.29943591449543,-0.200665592447614,4.41441513719026,-0.178917034272266,-0.287932527839477,-0.299034997553198,-0.280030695561137,-0.284563950644194,-0.17499644982214,-0.273750377574752,-0.261752921748712,-0.163609649548869,-0.302109575356259,-0.204062351666017,0.736372860114526,-0.297971628673705,-0.283031748847301,-0.220634509851999,-0.277580375528839,-0.302281357053029,-0.297779653228025,-0.295157706043183,0.593216713725452,0.0631055792231508,-0.129976486503002,0.479344445314954,1.59195691571173,-0.274195890050482,0.321143253386122,-0.303100401481233,-0.278482396759479,-0.299276963137568,-0.30138839181921,-0.175558666153907,0.195774983351113,-0.293715468600474,0.022461774741335,-0.298665398990739,-0.299976172963303,-0.0937975669563902,-0.139536296981922,-0.188696527156997,-0.281033180027062,-0.294840440547202,-0.288660362122727,-0.223142301820478,-0.173387009594709,-0.219051943394599,-0.260010128329004,-0.300464355464351,-0.296524856262681,-0.303502978437995,-0.302307427305441,-0.172722416996157,-0.156211684570246,0.206136314685412,-0.303771480130898,-0.267855079961075,-0.301920332292189,-0.0886459078981636,-0.13292705582533,-0.302323576179567,-0.292652813682401,0.064582783439317,0.947809710772072,7.46198597229783,-0.281381897384833,-0.295041914640366,-0.295591374969913,0.272023973717761
