Algeria,Argentina,Austria,"Bahamas, The",Bangladesh,Belgium,Belize,Benin,Bermuda,Bolivia,Botswana,Brazil,Burkina Faso,Burundi,Cameroon,Central African Republic,Chad,Chile,China,Colombia,"Congo, Dem. Rep.","Congo, Rep.",Costa Rica,Cote d'Ivoire,Denmark,Dominican Republic,Ecuador,"Egypt, Arab Rep.",Fiji,Finland,France,Gabon,Ghana,Greece,Guatemala,Guyana,Haiti,Honduras,India,Indonesia,"Iran, Islamic Rep.",Italy,Japan,Kenya,"Korea, Rep.",Lesotho,Luxembourg,Madagascar,Malawi,Malaysia,Mexico,Nepal,Netherlands,Nicaragua,Niger,Nigeria,Norway,Pakistan,Panama,Papua New Guinea,Paraguay,Peru,Philippines,Portugal,Puerto Rico,Rwanda,Senegal,Seychelles,Sierra Leone,Singapore,South Africa,Spain,St. Vincent and the Grenadines,Sudan,Suriname,Sweden,Thailand,Togo,Trinidad and Tobago,Turkiye,United Kingdom,United States,Uruguay,Zambia,Zimbabwe,Australia
0.101180046,0.107448286,0.104192188,0.100102538,0.101093456,0.105303422,0.100000707,0.100075288,0.10007693,0.100227379,0.100003715,0.109310301,0.100051345,0.10003314,0.100232302,0.100042129,0.100077554,0.10131754,0.107849169,0.101506671,0.100941227,0.100055659,0.10023053,0.100265197,0.104093005,0.100217649,0.100571226,0.100997079,0.100036399,0.102495541,0.125752188,0.100077527,0.100372233,0.102065703,0.100372246,0.100070578,0.100324238,0.100116669,0.106734959,0.102602702,0.102476768,0.124034523,0.128843426,0.100295317,0.101264105,0.100003232,0.100389763,0.100198889,0.100026018,0.10049172,0.106980726,0.100157393,0.108100591,0.100141009,0.100122303,0.103234219,0.1033811,0.100836618,0.100145373,0.10012312,0.100134091,0.101353853,0.101543163,0.101716688,0.1007289,0.100043756,0.10018376,0.100000325,0.100050606,0.100287644,0.103239181,0.109350583,0.100001542,0.100775091,0.100045069,0.106108058,0.100780107,0.100020152,0.10017349,0.103401941,0.138628726,0.27089818,0.100763274,0.100178832,0.10020768,0.110127788
0.101018634,0.107852911,0.104424702,0.100114151,0.101160083,0.105567764,0.100001051,0.100077852,0.100080827,0.100232262,0.100004352,0.110111532,0.100053677,0.100027714,0.100235127,0.10004453,0.100078726,0.101386981,0.105706973,0.101583671,0.100838404,0.100060836,0.100234981,0.100292167,0.104354495,0.100212468,0.100600823,0.101048867,0.100037902,0.1026858,0.127034992,0.100089911,0.100385217,0.102339291,0.100388519,0.100074185,0.100314545,0.100118952,0.10698592,0.102752478,0.102734785,0.126007615,0.132317958,0.100271865,0.101352222,0.10000341,0.100404933,0.100203094,0.100028489,0.100529562,0.107330079,0.100160517,0.108124551,0.100152057,0.100128151,0.103240434,0.103593605,0.100887089,0.100161949,0.100131122,0.100143781,0.101453788,0.101631415,0.101812055,0.100780673,0.100041604,0.100189451,0.1,0.100051636,0.100311567,0.103363962,0.110458318,0.100001899,0.100775266,0.100047536,0.106455435,0.100822277,0.100023375,0.100198732,0.103441343,0.139663033,0.274828983,0.100782461,0.100181353,0.100221198,0.110379384
0.100816868,0.107785949,0.104542065,0.100126744,0.101223688,0.105858286,0.100001413,0.100074967,0.100084723,0.100245573,0.100005065,0.110779311,0.100057355,0.1000308,0.100242471,0.100042641,0.100083286,0.101443085,0.10538817,0.10166972,0.101017494,0.10006433,0.100248114,0.100295829,0.104601615,0.100249768,0.10063069,0.101089762,0.100039497,0.102766078,0.128885557,0.100097081,0.100401306,0.102347848,0.100402483,0.100075075,0.100339855,0.100126174,0.107190872,0.102803294,0.102951588,0.12762143,0.13519772,0.100298175,0.101405142,0.100004904,0.100410521,0.10020785,0.100028722,0.100563972,0.10767228,0.100163704,0.108680989,0.100169307,0.100141975,0.103373648,0.103694906,0.10092714,0.100175824,0.100139883,0.100148735,0.101600315,0.101710785,0.101932332,0.100846178,0.100047037,0.100189184,0.100000533,0.100054269,0.100335579,0.103572177,0.11149991,0.100002203,0.100829321,0.100049637,0.106730644,0.100884872,0.100024497,0.100204356,0.103633428,0.14010055,0.285493938,0.100770041,0.100176678,0.100224462,0.110513838
0.10109934,0.107372319,0.10473029,0.10014075,0.10121808,0.10611349,0.100001797,0.100078813,0.100085698,0.100262697,0.10000574,0.110844025,0.100056547,0.100032336,0.100251783,0.100042295,0.100081852,0.101527734,0.105943804,0.101724807,0.101070877,0.100061483,0.100265669,0.100339614,0.104630969,0.100266422,0.100644108,0.101205051,0.100042411,0.102857155,0.130686585,0.100103381,0.100419267,0.102626698,0.100441489,0.100065079,0.100333302,0.100130919,0.107622298,0.102740442,0.103159887,0.129171272,0.138180786,0.100324906,0.101532465,0.100006097,0.100424857,0.100205859,0.100028234,0.100605826,0.108294777,0.100166927,0.108995871,0.100188391,0.100155958,0.103663604,0.103834999,0.101008248,0.100191378,0.100145838,0.100156039,0.101669855,0.101831262,0.102046203,0.100919929,0.100041796,0.100192829,0.100001229,0.100055299,0.100369908,0.103836046,0.112604107,0.100001668,0.10080553,0.100052771,0.107089586,0.100956167,0.100026038,0.100216165,0.10396342,0.142055514,0.29365595,0.100771364,0.100182667,0.100238873,0.111167783
0.101163905,0.108119799,0.105020378,0.100156196,0.101352188,0.106539227,0.100002203,0.100084476,0.100095923,0.100273341,0.100006565,0.111212938,0.100057983,0.100034762,0.100260938,0.100043306,0.100079638,0.101566963,0.10702554,0.101831566,0.10104459,0.100064072,0.100275621,0.100400546,0.105060844,0.100284873,0.100692288,0.101344452,0.100044789,0.103007164,0.132728308,0.100108378,0.10042867,0.102874458,0.100462236,0.100073191,0.100327707,0.100138353,0.108190856,0.102837395,0.103428231,0.129987575,0.142639785,0.100341351,0.101678248,0.100007123,0.100458774,0.100214268,0.100029154,0.100638631,0.109283064,0.100179978,0.109740795,0.100211171,0.10015617,0.103845284,0.104027437,0.101085049,0.100200141,0.10015888,0.100162879,0.10177961,0.101893787,0.102175734,0.100985332,0.100035796,0.100200565,0.100001676,0.100059419,0.100358232,0.104141116,0.113273534,0.100001962,0.100796433,0.100056613,0.107573611,0.101021916,0.100030663,0.100233142,0.104180131,0.144383073,0.304888362,0.100790344,0.100205752,0.100236161,0.111947744
0.10123654,0.108978685,0.105195317,0.10017314,0.101374009,0.106772292,0.100002624,0.100089283,0.10010079,0.100287083,0.100007315,0.1114822,0.100060404,0.100036392,0.100266354,0.100043777,0.100080159,0.101581914,0.108217442,0.101897731,0.101055072,0.10006666,0.100298715,0.100387893,0.105291667,0.100248525,0.100715168,0.10141083,0.100043408,0.103166966,0.134319705,0.100117938,0.100434625,0.103184662,0.100482674,0.100081574,0.100334929,0.100151429,0.107974797,0.102868153,0.104013334,0.130967783,0.145121664,0.100348336,0.101801533,0.100007413,0.100455356,0.10021327,0.100033987,0.100688196,0.109942611,0.100177736,0.110583249,0.100231889,0.100167415,0.104033435,0.104240646,0.101198765,0.100219054,0.100175845,0.100173316,0.101880011,0.10199535,0.102338712,0.101076614,0.100038749,0.100203321,0.100001591,0.10006414,0.100386793,0.104395056,0.114103942,0.100002035,0.100850837,0.100064167,0.107863279,0.101106044,0.100036383,0.100234804,0.104298337,0.145333973,0.318001623,0.100798674,0.100241059,0.100248069,0.11266265
0.10117682,0.108919408,0.105488839,0.100189422,0.10140944,0.106986219,0.100003052,0.100092702,0.100116177,0.100308123,0.100008181,0.112251932,0.100060763,0.100038363,0.100278938,0.1000441,0.100078596,0.101760373,0.109093275,0.101997442,0.101126987,0.100067652,0.100319975,0.100433535,0.10543688,0.100282838,0.100712718,0.101482346,0.100043408,0.103242263,0.136122453,0.10012354,0.100415847,0.103391902,0.100509629,0.100086175,0.100332964,0.100159907,0.107970381,0.10294839,0.104475693,0.13282152,0.149922634,0.100400574,0.102018368,0.100007357,0.100460462,0.100217804,0.100039329,0.100742486,0.110549113,0.100190696,0.11087352,0.100239753,0.100166751,0.103861724,0.104401458,0.101268539,0.100236142,0.100186436,0.100176894,0.102035426,0.102084248,0.102434341,0.101157825,0.100041909,0.100209352,0.100002693,0.100065338,0.100426814,0.104590407,0.115126381,0.100002035,0.100820192,0.100077703,0.10802782,0.101229768,0.100040402,0.100244587,0.104781012,0.146047221,0.33217214,0.100823331,0.100227278,0.100251944,0.11296405
0.101288664,0.109204318,0.105654136,0.100208211,0.101382882,0.107256701,0.100003513,0.10009377,0.10013244,0.100327988,0.100009041,0.112766779,0.100066683,0.100044541,0.100247809,0.100046459,0.100079248,0.101824257,0.108568227,0.102080295,0.101115815,0.100069218,0.100338412,0.100453761,0.10573791,0.10029246,0.100745946,0.101494334,0.10005005,0.103312719,0.137900405,0.100128885,0.100428831,0.103584564,0.100530846,0.100090165,0.100325778,0.100169844,0.108594636,0.102989177,0.104980046,0.135178105,0.155455834,0.100414251,0.102202203,0.100008851,0.100461474,0.100230195,0.100042654,0.100771369,0.111167127,0.1001876,0.111447978,0.100256904,0.100166963,0.103252751,0.104677214,0.10133739,0.100256881,0.100194283,0.10019366,0.102114086,0.102193432,0.102618477,0.101230274,0.100045246,0.100206721,0.100002739,0.100065364,0.100480995,0.104921212,0.115783192,0.100001238,0.100831963,0.100087872,0.108298201,0.101336271,0.100042972,0.100249712,0.105007574,0.147330492,0.337976602,0.100792991,0.100245779,0.100273554,0.113781826
0.101428475,0.109648502,0.10590729,0.10022628,0.101514711,0.107561322,0.100004238,0.100097616,0.100135362,0.100356503,0.100010665,0.114018544,0.100068926,0.100044389,0.100263938,0.1000472,0.100078856,0.101890013,0.10821667,0.102204097,0.101164435,0.100074983,0.100367623,0.100511494,0.106056892,0.100293174,0.100760311,0.101470221,0.100054514,0.103389166,0.139602913,0.100132277,0.100430436,0.103843243,0.100577936,0.100091154,0.100336345,0.100181469,0.108886031,0.103316142,0.105698294,0.13748077,0.16260073,0.100447825,0.102492974,0.100008796,0.100481046,0.100246348,0.100041712,0.100833414,0.112220033,0.10018891,0.112182903,0.100260439,0.100167628,0.103212066,0.104783056,0.101434585,0.100275246,0.100203029,0.100202714,0.102117314,0.10230426,0.102851443,0.101294335,0.100048864,0.100220124,0.100003424,0.100066813,0.100546916,0.105125872,0.11682483,0.100001731,0.10084842,0.100095032,0.108600362,0.101445321,0.100045449,0.100263065,0.105347416,0.149906128,0.349399783,0.10080809,0.100248927,0.100279068,0.114484199
0.101549476,0.110583044,0.106278421,0.100247173,0.101533281,0.108063042,0.100004778,0.100100608,0.100140231,0.100372737,0.100013236,0.115350908,0.10007045,0.100043649,0.100277185,0.100050996,0.100084719,0.10196469,0.109609647,0.102338989,0.101273654,0.100081122,0.10038816,0.100560891,0.106451563,0.100325795,0.100796107,0.101548176,0.100056094,0.103714907,0.142418923,0.100143481,0.10045667,0.104288395,0.100605612,0.100097973,0.100349408,0.1001827,0.109467565,0.103542811,0.106583462,0.139766756,0.170412774,0.100483973,0.102856908,0.10000903,0.100529652,0.10025575,0.100044538,0.100874465,0.112638006,0.100197624,0.112966603,0.100277079,0.100158084,0.103990835,0.104998799,0.101513949,0.100299016,0.100220351,0.100212542,0.102191949,0.102412615,0.102912049,0.101416276,0.10005494,0.100205282,0.100003424,0.100073049,0.100623452,0.105367902,0.118323985,0.100001962,0.100860296,0.100099593,0.109031478,0.101540414,0.100051058,0.100270421,0.105565911,0.150866492,0.357131373,0.100855854,0.100247811,0.100314539,0.115505142
0.101687363,0.110905559,0.10667569,0.10023285,0.101619805,0.108513544,0.100005312,0.100102851,0.100149483,0.100392567,0.100016587,0.116948061,0.10007054,0.100054308,0.100285952,0.100052334,0.100086412,0.10200074,0.111465532,0.102484582,0.101270517,0.100086683,0.10041776,0.100619741,0.106554685,0.100386331,0.10085125,0.101635206,0.100064024,0.103894037,0.145010546,0.100156484,0.10050169,0.104656249,0.100640541,0.100102412,0.100351724,0.100189555,0.109956156,0.103810936,0.107303568,0.141862278,0.172141533,0.100461147,0.103144742,0.100009364,0.100589117,0.100269579,0.100044782,0.100927195,0.113460202,0.100202878,0.113763165,0.100280916,0.100163109,0.104990417,0.105096064,0.101686554,0.100320266,0.10024493,0.100224697,0.102265942,0.102501934,0.103280133,0.101535746,0.100058617,0.100223401,0.10000429,0.100079892,0.100711257,0.105649977,0.119110206,0.100002853,0.100911644,0.100102453,0.109690262,0.101716866,0.100052507,0.100280201,0.10574609,0.154346659,0.35640241,0.10087597,0.100260003,0.100386944,0.116618233
0.101495438,0.111522968,0.107017473,0.100236741,0.101530701,0.108853132,0.100005773,0.100101217,0.100154839,0.100412764,0.100022506,0.118871185,0.100071627,0.100055974,0.100296122,0.100052997,0.100084327,0.10218986,0.112275445,0.102633059,0.101347192,0.100093894,0.100446507,0.100678947,0.106751844,0.100429019,0.100905215,0.101701809,0.100068871,0.103985966,0.147403966,0.100173187,0.100528189,0.105021851,0.100676661,0.100105797,0.100374928,0.100197381,0.110119833,0.104079061,0.108305141,0.142623494,0.175531756,0.100564806,0.103477039,0.100010167,0.100604999,0.100280421,0.100053072,0.101020871,0.113966876,0.100200377,0.114357592,0.100290409,0.100172732,0.105701831,0.105385493,0.101694483,0.100351672,0.100260748,0.100237492,0.102370251,0.102637105,0.10349808,0.101633906,0.100059401,0.100223078,0.100005974,0.100082881,0.100800335,0.105892007,0.119999024,0.100003126,0.100932274,0.100106696,0.109781861,0.101801223,0.100052507,0.100283182,0.10606631,0.156251577,0.364846851,0.100873749,0.100259774,0.100422015,0.11728337
0.101907283,0.111710713,0.107453501,0.10022824,0.10131592,0.109322294,0.100007011,0.100108128,0.100157761,0.100446156,0.100030109,0.121125227,0.100073429,0.100051984,0.100304209,0.100052996,0.10008537,0.10216746,0.112743381,0.102835478,0.101349238,0.100102532,0.100483541,0.10070798,0.107017399,0.100474271,0.100950953,0.101754004,0.1000745,0.10429479,0.149542822,0.100193539,0.100514892,0.105532722,0.100726746,0.100102077,0.100378653,0.10020912,0.110063805,0.104366577,0.109510223,0.144196742,0.181887189,0.10066237,0.103728342,0.100010134,0.100645336,0.100276772,0.100056774,0.10111731,0.115116705,0.100206822,0.114865195,0.100296999,0.100163481,0.105893868,0.105672911,0.101708318,0.100368079,0.100275821,0.100253661,0.102452898,0.102780654,0.103778983,0.10175157,0.100059574,0.100237722,0.10000675,0.100083684,0.100907748,0.105989614,0.12162941,0.10000557,0.100884677,0.100106018,0.110005887,0.10187856,0.100056994,0.100299917,0.106517251,0.158682857,0.378775235,0.100862136,0.100284279,0.100457696,0.117959447
0.101980253,0.112040168,0.10781832,0.100245991,0.101359894,0.10991762,0.100007725,0.100112371,0.100160196,0.100472125,0.100037872,0.124077036,0.100073787,0.100056001,0.100320841,0.100054117,0.100077684,0.102058135,0.113732759,0.103026532,0.101459545,0.100111493,0.100521305,0.100750404,0.107304876,0.100536249,0.101084501,0.101815736,0.100083887,0.104595173,0.152686508,0.100213891,0.100529927,0.105980963,0.100776469,0.100103426,0.10039696,0.100226076,0.110395668,0.104720957,0.110218415,0.147346593,0.188465368,0.100701801,0.104284747,0.100014482,0.100699507,0.100269359,0.100058226,0.101248789,0.116305545,0.100205806,0.115674834,0.100316464,0.100134531,0.106212052,0.105930347,0.101829445,0.100388163,0.100294243,0.100272648,0.102607262,0.103025408,0.104202965,0.101863108,0.10006184,0.100224096,0.100007935,0.100085715,0.101004668,0.106263746,0.123314503,0.100004248,0.10089031,0.100103995,0.11040317,0.102071506,0.100059424,0.10030499,0.106730073,0.162511651,0.394514469,0.100864526,0.100281484,0.100469783,0.118430039
0.102129146,0.112706798,0.108126778,0.100203716,0.101490942,0.110370674,0.100009631,0.100116334,0.100161656,0.10048619,0.100041761,0.126040779,0.100080426,0.100055548,0.100355961,0.100057949,0.100081853,0.102107313,0.114050132,0.103200793,0.101505435,0.100120784,0.100550562,0.100783151,0.107222816,0.100568814,0.101206768,0.101844141,0.100086234,0.104744102,0.154952785,0.100300852,0.100566674,0.105595487,0.100826373,0.100111881,0.10042027,0.100223223,0.110518967,0.10506294,0.110811558,0.14995107,0.187381378,0.100730591,0.104692907,0.100016768,0.10072924,0.100274891,0.100062859,0.101353198,0.117247855,0.100219242,0.116214065,0.100362277,0.100146893,0.106906066,0.106163243,0.101894436,0.100397822,0.10030209,0.100296031,0.102852596,0.103128323,0.104251071,0.101917646,0.100062801,0.100233775,0.100008121,0.100088937,0.101066515,0.106646918,0.124624851,0.100003315,0.100992934,0.100104437,0.110736087,0.102164308,0.100062602,0.100316844,0.107106939,0.160958452,0.392922432,0.100889741,0.100299985,0.100501326,0.119187215
0.102236888,0.112703185,0.108097195,0.100172622,0.10142973,0.110166668,0.100010205,0.100110329,0.100167986,0.100522198,0.100045824,0.127386542,0.100083028,0.10005598,0.100396702,0.100058209,0.100089799,0.101834397,0.115275856,0.103275303,0.101430125,0.100130612,0.100562257,0.100848307,0.107117513,0.100598683,0.101339871,0.102009558,0.100086725,0.104829843,0.15442524,0.100359802,0.10049544,0.105952144,0.100842611,0.100121909,0.10042506,0.100228114,0.111482023,0.105347199,0.110776268,0.148906879,0.190083035,0.100737092,0.105061325,0.100013646,0.100680903,0.100278431,0.100067071,0.101364089,0.118239019,0.100222528,0.116214395,0.100361712,0.100142613,0.106544703,0.10646877,0.101974485,0.100404858,0.100299376,0.10031675,0.102975555,0.103299197,0.104065975,0.101905053,0.100061339,0.100251869,0.10000858,0.100090527,0.101109308,0.10675972,0.124758402,0.100002581,0.101149954,0.100107538,0.111010326,0.102272197,0.100064284,0.10032162,0.107617254,0.160060045,0.392320592,0.100944373,0.100293034,0.100491522,0.119443701
0.102425022,0.112446675,0.108468211,0.100181901,0.101511031,0.110741722,0.1000102,0.100111361,0.100183568,0.100546588,0.100051377,0.130196265,0.100090655,0.10006093,0.100374554,0.100061716,0.100092664,0.101904944,0.115035926,0.10343047,0.101353863,0.100131867,0.100593629,0.100958696,0.107539573,0.100639389,0.101439453,0.102277262,0.100089271,0.104846498,0.156796693,0.100490239,0.100477726,0.106360413,0.100905325,0.10012388,0.100461465,0.100252732,0.111673086,0.10572621,0.112745218,0.152392134,0.193664073,0.100753105,0.105731343,0.100015854,0.10069832,0.100269692,0.100070739,0.101522558,0.119044997,0.100232594,0.11693724,0.100380886,0.100143623,0.107137071,0.10684597,0.10207662,0.100411702,0.100289017,0.100341065,0.103018706,0.10358937,0.104346973,0.102024382,0.100074539,0.100274902,0.100011008,0.100090092,0.10119228,0.106911946,0.125576577,0.100003506,0.101342652,0.100117559,0.111126894,0.102484712,0.100062835,0.100342626,0.108414771,0.161808136,0.408071574,0.100981788,0.100311657,0.100493836,0.119947218
0.102552877,0.113310185,0.108898716,0.100199134,0.101551591,0.110809021,0.100011274,0.100117227,0.100194768,0.100574075,0.10005831,0.13168656,0.100091014,0.100068645,0.100426888,0.100064306,0.100094877,0.102104572,0.116174625,0.10357339,0.101364211,0.100119493,0.100647053,0.101029282,0.107680703,0.100671558,0.101462655,0.102482856,0.100094916,0.104858121,0.158764527,0.10042776,0.100488734,0.106547659,0.100976519,0.100120444,0.100478812,0.100279634,0.1125204,0.106199974,0.112391544,0.153733797,0.197776521,0.100824901,0.106439141,0.100020693,0.100709381,0.100276217,0.10007453,0.101641094,0.119690959,0.100239803,0.117364293,0.10041329,0.100155266,0.107567398,0.107131077,0.102158849,0.100416276,0.100291483,0.100380996,0.103029266,0.103789398,0.104590872,0.102145224,0.100076152,0.100267357,0.100009934,0.100090137,0.101274415,0.106905445,0.126302767,0.100004808,0.101426611,0.100130196,0.110949178,0.102729917,0.100067649,0.100374458,0.10870165,0.163327382,0.422317568,0.10099617,0.100297143,0.100459521,0.120664514
0.102788704,0.112710126,0.108879957,0.100228268,0.101661796,0.111116382,0.100012668,0.100118778,0.100197689,0.100585989,0.100067575,0.133261664,0.1000955,0.100067939,0.10052221,0.10006516,0.100094401,0.102267135,0.118007277,0.103876589,0.101290952,0.100127496,0.100688005,0.101142263,0.10785184,0.100686069,0.101546488,0.102697642,0.100096802,0.105000149,0.161102751,0.100323363,0.100530696,0.107022618,0.101025629,0.100118154,0.100508934,0.100296695,0.113235994,0.106626362,0.11079955,0.155475053,0.202931575,0.10088236,0.107145114,0.100025643,0.100738547,0.100268696,0.10008241,0.101750712,0.121455234,0.100250647,0.117832648,0.100380397,0.100177038,0.107130836,0.107407253,0.102333114,0.10045766,0.100316946,0.100427587,0.10294905,0.103986487,0.104720327,0.102294369,0.1000837,0.100256536,0.100013376,0.100092458,0.101374021,0.107113799,0.12668767,0.100005897,0.101341623,0.100139207,0.11114107,0.103011634,0.100075821,0.1004126,0.108832525,0.165990096,0.440159179,0.101050045,0.100298824,0.100446911,0.120849136
0.102997712,0.1140101,0.10935597,0.100289592,0.101741894,0.111376773,0.100014097,0.100126955,0.100202072,0.100586779,0.100076554,0.135510435,0.100099232,0.100069176,0.100554108,0.100063398,0.100072802,0.102458522,0.119374748,0.104085457,0.101296531,0.100140629,0.1007223,0.101169765,0.108155882,0.100717445,0.101604471,0.102820611,0.100109411,0.105356707,0.163272117,0.100324927,0.10051719,0.107253314,0.10107427,0.100115869,0.10054789,0.100313695,0.112542337,0.107100126,0.109500601,0.158781277,0.208576734,0.100950037,0.107765232,0.100026569,0.100756019,0.1002958,0.100086312,0.10191498,0.123536614,0.100256735,0.118191955,0.100277995,0.100190144,0.107613269,0.107731409,0.102421041,0.100478609,0.10032287,0.100479059,0.103069947,0.104209908,0.104986861,0.102476281,0.100094387,0.100274941,0.100016489,0.100096915,0.101505906,0.107383689,0.126698761,0.100006311,0.101273974,0.100138334,0.11156913,0.103173753,0.100071575,0.100427679,0.108777361,0.168464313,0.450929314,0.101115531,0.100289596,0.100461854,0.121693788
0.103021462,0.11422298,0.109518076,0.100308813,0.101756214,0.111882645,0.100016842,0.100135994,0.100218627,0.100578643,0.10008649,0.138777978,0.100100073,0.100069924,0.100543094,0.100060275,0.100068016,0.102655381,0.120893091,0.104252702,0.101325128,0.100166548,0.100727778,0.101040891,0.108116459,0.100775121,0.101664211,0.103103625,0.100107555,0.105645724,0.164271123,0.100333384,0.10051966,0.107302471,0.1011149,0.100117988,0.100588763,0.100315613,0.113387593,0.107810772,0.107447136,0.160797702,0.211636161,0.101003517,0.107637336,0.100025666,0.100762429,0.100298678,0.100086688,0.102057961,0.125710394,0.100250633,0.11843616,0.100291107,0.10018532,0.10793366,0.10808461,0.102669014,0.100542061,0.100315287,0.100535909,0.103252781,0.104429183,0.105216016,0.10258163,0.100103403,0.100286157,0.100015519,0.100101916,0.101658845,0.107872952,0.127288603,0.10000662,0.10129349,0.100125603,0.11176591,0.103338276,0.100082932,0.100472776,0.108562393,0.167073423,0.450028287,0.101181086,0.100298579,0.10052937,0.122352515
0.103112296,0.113484508,0.109504333,0.100279736,0.101883716,0.111849441,0.100017105,0.100150162,0.100223983,0.100580255,0.100094904,0.137129644,0.100104601,0.1000792,0.100636951,0.100059246,0.100068792,0.102829068,0.121961628,0.104349675,0.101356424,0.10019701,0.100711175,0.101077549,0.108062351,0.100808566,0.101757976,0.103332163,0.100114764,0.105720098,0.164958262,0.100350694,0.100501234,0.107188913,0.101122153,0.100119848,0.100571786,0.100311679,0.11419206,0.108426665,0.107022527,0.161311026,0.216392828,0.101041624,0.10819121,0.100025888,0.100758194,0.100268787,0.100081767,0.102201266,0.127902901,0.100272069,0.118291643,0.10030706,0.10018498,0.106891307,0.108213925,0.102880922,0.100592551,0.100314403,0.100585636,0.103433729,0.104580975,0.105300519,0.102611339,0.100109369,0.100301309,0.100013724,0.100105035,0.101838949,0.108295344,0.127252446,0.100007217,0.101390166,0.100134971,0.111819454,0.103535837,0.100079973,0.100494706,0.108978546,0.166545006,0.458911184,0.101199604,0.100317386,0.10059647,0.123099187
0.103311889,0.113385262,0.109695617,0.1002989,0.101924056,0.111919981,0.10001708,0.100153659,0.10021181,0.100557151,0.100107221,0.137437873,0.100115209,0.100078299,0.100685302,0.100064306,0.100072809,0.102516768,0.123942505,0.104390989,0.101350187,0.100244994,0.1006589,0.101079726,0.108359648,0.100822409,0.101768824,0.103662913,0.100107524,0.105898081,0.166585883,0.100339635,0.100466091,0.107107416,0.101082316,0.100103204,0.100551183,0.100305081,0.114685558,0.108616171,0.108651202,0.161564626,0.220210421,0.101057411,0.108874728,0.100027324,0.100766843,0.10026356,0.100083973,0.102332467,0.127757547,0.100282591,0.118064609,0.100304502,0.10018914,0.106422034,0.108233272,0.103069676,0.100624582,0.100315535,0.100577362,0.103426067,0.104750633,0.10541384,0.102570591,0.100111464,0.100325953,0.1000135,0.100110361,0.101970004,0.108263513,0.127592217,0.100007824,0.101473378,0.100129036,0.111967118,0.103725427,0.100076881,0.100513742,0.109298698,0.167872633,0.452440305,0.10108193,0.100308281,0.100612349,0.123867412
0.103491073,0.113967675,0.109984065,0.100309879,0.101998975,0.111957173,0.100016578,0.100146703,0.100216193,0.100534374,0.10012215,0.136340758,0.100115629,0.100081443,0.100732795,0.100058565,0.100085217,0.102390173,0.126521843,0.104460201,0.101369337,0.100259707,0.100677946,0.101037367,0.108576835,0.100860763,0.101762844,0.10384984,0.100103015,0.106082097,0.167412202,0.100359038,0.100444531,0.107030685,0.101054315,0.100095764,0.100556247,0.100307902,0.115756434,0.108995182,0.109611039,0.162284516,0.224574528,0.101071336,0.110062674,0.100027993,0.100789954,0.100265989,0.100087331,0.102478695,0.126789581,0.100273989,0.11843867,0.100318841,0.100181588,0.105719793,0.108560616,0.10327818,0.100596245,0.100325909,0.100559603,0.103068819,0.10484087,0.105404457,0.10251024,0.100118509,0.100307187,0.100013161,0.100107907,0.10213907,0.108110806,0.128080743,0.100008131,0.101503897,0.100123757,0.11219469,0.103933816,0.100072376,0.100460173,0.109761258,0.170738385,0.468596154,0.100970118,0.100302093,0.100622157,0.12333633
0.103686927,0.11418717,0.109989187,0.100354691,0.102095297,0.112252238,0.10001703,0.100158839,0.100217264,0.100533289,0.100133129,0.138303501,0.10011346,0.10008158,0.100788042,0.100064719,0.100087093,0.102488518,0.130551882,0.10460986,0.101445564,0.100278266,0.100732854,0.101009174,0.108934422,0.100871627,0.10180929,0.104225653,0.100112193,0.106279221,0.168432731,0.100386473,0.10048352,0.10717217,0.101059584,0.10009063,0.10055794,0.100327784,0.116358688,0.109611075,0.108924373,0.164293927,0.230069641,0.101090252,0.11112512,0.100029893,0.100839219,0.100270782,0.100092352,0.102671578,0.12770354,0.100301127,0.119003397,0.100313748,0.100149979,0.105655911,0.109079122,0.103444547,0.100612572,0.100324731,0.100575543,0.10317978,0.104499657,0.105302735,0.10265944,0.100113214,0.100319527,0.10001404,0.100112583,0.1023277,0.108524711,0.128582009,0.100009084,0.101428251,0.100121285,0.112710737,0.10416047,0.100076749,0.100433344,0.110416861,0.172343658,0.495270563,0.100958961,0.100301054,0.10061017,0.124408164
0.103823578,0.113450665,0.110238943,0.100372125,0.102165533,0.112454725,0.100017266,0.100171277,0.100212784,0.100524243,0.100143066,0.141310823,0.100123663,0.100091939,0.100852094,0.10006751,0.100107454,0.10258856,0.134656057,0.10475329,0.101452357,0.100274892,0.100738188,0.101054884,0.109292387,0.100852992,0.101880735,0.104470749,0.100106725,0.106502289,0.169543347,0.100377309,0.100508462,0.107352319,0.101053089,0.100092957,0.100561346,0.100346583,0.117218556,0.109847957,0.109091167,0.166093103,0.236781311,0.101137411,0.111997699,0.100030838,0.100862825,0.100273987,0.100096863,0.102644122,0.128309747,0.10032002,0.119493883,0.100300683,0.100162044,0.105990721,0.10958367,0.103706542,0.10064316,0.100337974,0.100601862,0.10324545,0.104190619,0.105451784,0.102742011,0.100118478,0.100330812,0.100016307,0.100106267,0.102313166,0.108421354,0.129245669,0.100010037,0.101338144,0.100123837,0.112985473,0.104354112,0.100081364,0.100415232,0.110858944,0.175344312,0.511752251,0.100973117,0.10030602,0.100652982,0.125696821
0.103838898,0.114278725,0.110474727,0.100378926,0.102256174,0.11268186,0.100018338,0.100175133,0.100227392,0.100510586,0.100155277,0.144405478,0.100134005,0.100095133,0.100910224,0.100070152,0.100102809,0.102728105,0.137758328,0.105030494,0.101521166,0.100255595,0.100779406,0.101089473,0.109748413,0.100883257,0.101946118,0.104683165,0.100115487,0.106681643,0.171168916,0.100374227,0.100535227,0.107390412,0.101054604,0.100092062,0.100558521,0.100365396,0.118041313,0.110416474,0.108200985,0.167983529,0.241287161,0.101219504,0.113357428,0.10003258,0.100949601,0.100279481,0.100096641,0.102677004,0.127437908,0.100334921,0.120037349,0.10029756,0.10017274,0.105994376,0.109971323,0.103910812,0.100666332,0.100354132,0.100632058,0.103551962,0.104337961,0.105677802,0.102878806,0.100125308,0.100341354,0.100016267,0.100107658,0.102344312,0.108422858,0.130197331,0.100010954,0.101410932,0.100124879,0.113335125,0.104595412,0.100082756,0.100401408,0.11162082,0.177718114,0.526009993,0.101059405,0.100308281,0.100666822,0.126716279
0.103811981,0.114665117,0.110616973,0.100390424,0.102341525,0.112974534,0.100020986,0.100172411,0.100236157,0.10052332,0.100174479,0.145973215,0.100133673,0.100100717,0.100890548,0.100066374,0.100100202,0.102904763,0.142160717,0.105300918,0.101562037,0.100256091,0.100816843,0.101085649,0.109773216,0.10097326,0.101941059,0.104862902,0.100107428,0.106920727,0.172992355,0.100308975,0.100561194,0.107223329,0.101092204,0.100092947,0.100554039,0.100390073,0.118756967,0.110937615,0.10818686,0.170153738,0.2478557,0.101292283,0.115057792,0.100032864,0.10098737,0.10028284,0.100098315,0.102816321,0.127910618,0.100340707,0.120424442,0.100295413,0.100172898,0.106186407,0.110146271,0.10416356,0.100654163,0.100364119,0.100680463,0.103898047,0.104527451,0.10604053,0.103045249,0.100125276,0.100363105,0.100017262,0.100115902,0.102598134,0.108599933,0.131872766,0.100011029,0.10161248,0.100116743,0.113782576,0.105033449,0.10008321,0.100382808,0.112723719,0.18190959,0.540746972,0.101144591,0.100316699,0.100674568,0.127400179
0.103773798,0.114505208,0.110967104,0.100399588,0.102398255,0.113587647,0.100023661,0.100178498,0.100245993,0.100538731,0.100209647,0.145945627,0.100141788,0.100106102,0.10082038,0.100067617,0.100116696,0.103118586,0.146892954,0.105516614,0.101569414,0.100260727,0.100845096,0.101098059,0.109771886,0.10099438,0.10205577,0.105128827,0.100108515,0.107282122,0.176454786,0.100349478,0.100593136,0.107533327,0.101134963,0.10008928,0.100555162,0.100396994,0.120563457,0.111553508,0.10768855,0.173096516,0.257705731,0.101372839,0.116863636,0.100036236,0.10107147,0.100292691,0.10010164,0.103096828,0.128268866,0.100367418,0.12112751,0.100257846,0.100185213,0.106640584,0.110120347,0.104481526,0.10056579,0.100374897,0.100721089,0.103529424,0.104831075,0.106493386,0.103224938,0.100131197,0.100360088,0.100018536,0.100107247,0.10289149,0.108961406,0.13349679,0.100013473,0.10160712,0.100126343,0.11413544,0.105703142,0.100089158,0.100367554,0.11301915,0.18660535,0.559157507,0.101161635,0.100336988,0.100725992,0.128978066
0.103940124,0.113466625,0.11139365,0.100426896,0.102466463,0.114059245,0.100027563,0.100173222,0.100247113,0.100559389,0.100237853,0.147397709,0.100144973,0.10010762,0.100805341,0.10006908,0.100122706,0.103428684,0.148865695,0.105705173,0.101549465,0.10026767,0.100893338,0.101130617,0.109834974,0.101038417,0.10207651,0.105381522,0.100117059,0.107652896,0.179776151,0.100379883,0.100623624,0.107819835,0.10117996,0.100084579,0.100538803,0.100407996,0.121786813,0.11245366,0.108160409,0.175573521,0.265474289,0.101437527,0.118056831,0.100038703,0.101177074,0.100304876,0.100103092,0.103377963,0.129429707,0.1003836,0.122061651,0.100253254,0.100187046,0.106768163,0.110225491,0.104704113,0.100574728,0.100369485,0.100771538,0.1030941,0.105130217,0.106912009,0.103365012,0.100131147,0.100374649,0.100021321,0.100108076,0.103185875,0.109176165,0.135113996,0.100013752,0.101751224,0.100131916,0.114510877,0.106399156,0.100093035,0.100364451,0.113056955,0.188837855,0.57602098,0.101174529,0.100333474,0.100764071,0.130101335
0.103971695,0.113134218,0.111889053,0.100419981,0.10260549,0.114500539,0.100031442,0.10018934,0.100247161,0.100585615,0.100254392,0.145335633,0.10014406,0.100111608,0.100755782,0.10006746,0.100117314,0.103543193,0.150781601,0.10594974,0.101447275,0.10027041,0.100925304,0.101118157,0.109980157,0.100981433,0.102153157,0.105686853,0.100124216,0.107704234,0.182108939,0.100399937,0.100644594,0.107819835,0.101216765,0.10008179,0.100544462,0.100419563,0.122992727,0.113353811,0.109270672,0.177074367,0.273485089,0.101498054,0.11984103,0.100041425,0.101240031,0.100314614,0.100109321,0.103682838,0.130953248,0.100401674,0.122984804,0.100253118,0.100184516,0.107565988,0.110423213,0.104914133,0.100621788,0.100358164,0.100803612,0.102939618,0.10528856,0.10718532,0.103269248,0.100127848,0.100371806,0.100023256,0.100111909,0.103499379,0.109146986,0.136442034,0.100014585,0.101655085,0.100125695,0.114620434,0.107114467,0.100092793,0.100370047,0.114267419,0.189489754,0.584998688,0.10117804,0.100331839,0.100817912,0.131178131
0.103923959,0.114334359,0.112298448,0.100402153,0.102696518,0.114766461,0.100035768,0.100197609,0.100238202,0.10061679,0.100273839,0.145803648,0.100157701,0.100117501,0.100726756,0.100067052,0.100127868,0.103820212,0.155485979,0.106068957,0.101324866,0.100277039,0.100946411,0.101118617,0.110119333,0.100990759,0.102245828,0.105750924,0.100120691,0.107250365,0.182969652,0.10042477,0.100678975,0.108062446,0.101261509,0.100087129,0.10055482,0.100405426,0.123235788,0.11425907,0.11045035,0.178260213,0.279597812,0.101519693,0.12198019,0.100044753,0.101347769,0.100294374,0.100119418,0.104034987,0.132258118,0.100427657,0.123545589,0.100252627,0.100183677,0.107593124,0.110744935,0.105163186,0.100680951,0.100392963,0.100831908,0.103004997,0.105265453,0.107499467,0.10334473,0.100124474,0.100381864,0.100024073,0.10011469,0.103733855,0.109053783,0.13737001,0.100014823,0.101779872,0.100129259,0.114452815,0.107723884,0.100092099,0.100381762,0.11437023,0.188502503,0.584473598,0.101219953,0.100331717,0.100863507,0.131058672
0.103994704,0.115472622,0.112556051,0.100386526,0.102843626,0.114992581,0.100040836,0.100203641,0.100238056,0.10062705,0.100282012,0.145554409,0.100158083,0.100118752,0.10070403,0.100062338,0.100138606,0.104247511,0.1633795,0.106314698,0.101185089,0.100284441,0.101034074,0.101115866,0.110317493,0.101102642,0.102293445,0.106008438,0.100128439,0.107011281,0.184296722,0.100411448,0.100705561,0.108118927,0.101322852,0.10009438,0.100525023,0.100430436,0.124510014,0.115185966,0.11079521,0.178913172,0.281215302,0.101507492,0.123343056,0.100048307,0.101372409,0.100297925,0.100110196,0.104394063,0.133400636,0.100445478,0.123947401,0.100253627,0.100187479,0.10794507,0.111129228,0.105561544,0.10073732,0.100448262,0.100846128,0.10298872,0.10528747,0.10758124,0.103497674,0.100132156,0.100386989,0.10002625,0.10009168,0.103982197,0.108860165,0.137717317,0.100016172,0.101897367,0.100129802,0.114285293,0.108348748,0.100088181,0.100420932,0.115094181,0.188857496,0.601539116,0.101317217,0.100325866,0.100785086,0.131191823
0.103910683,0.116742976,0.112622231,0.100387735,0.102977904,0.114848311,0.100043778,0.100215895,0.100245408,0.100654091,0.100287537,0.147798134,0.100163774,0.100110947,0.100647684,0.100062568,0.100115836,0.104527788,0.172179817,0.106655112,0.101024616,0.100281592,0.101107914,0.101113706,0.110318596,0.101184313,0.102338825,0.106182914,0.10013131,0.106964825,0.183766737,0.100427936,0.100740088,0.107988923,0.101375051,0.100102613,0.10049619,0.100458807,0.12567473,0.11617292,0.110636318,0.178240142,0.280383096,0.101512839,0.124948905,0.100050224,0.101430325,0.100304314,0.10012149,0.10482948,0.134049117,0.100462872,0.124248632,0.100252606,0.100188102,0.107783249,0.111446071,0.105659413,0.100777892,0.100531009,0.100888209,0.103145768,0.105402975,0.107426205,0.103660419,0.100120926,0.100392339,0.100028269,0.100093027,0.104439268,0.108969539,0.1373282,0.100017129,0.101984342,0.100120681,0.113990082,0.109038202,0.100073913,0.100418073,0.116249562,0.191070056,0.615340548,0.101352391,0.100348446,0.100793407,0.132454545
0.103875429,0.1177205,0.112925584,0.100400144,0.103093994,0.115327666,0.100043877,0.100220385,0.100246918,0.100684915,0.100298198,0.150596068,0.100166011,0.100106455,0.100659958,0.100065944,0.10012822,0.104755863,0.181590587,0.107042452,0.100984409,0.100265776,0.101158267,0.101122792,0.110869169,0.101215274,0.102438688,0.106428824,0.10013833,0.107241095,0.185742393,0.10044406,0.10076472,0.108148828,0.101430772,0.100111909,0.100436135,0.100459793,0.127384813,0.117392831,0.110455575,0.179923242,0.282337405,0.101552836,0.127261922,0.100053607,0.101485219,0.100304183,0.100108401,0.105274957,0.135731824,0.100501422,0.124966844,0.100261248,0.100191708,0.107641874,0.112025039,0.105871165,0.100800243,0.100562938,0.10093578,0.103533741,0.10563956,0.107497917,0.103813908,0.10005698,0.10039215,0.100027993,0.100091092,0.104932539,0.109256767,0.138217955,0.100016836,0.102004373,0.100124999,0.114540138,0.109761496,0.100085936,0.100433213,0.115490712,0.194572862,0.636102809,0.101451324,0.100317845,0.100867265,0.133746788
0.104022936,0.117216134,0.113270606,0.100417943,0.103252771,0.115693344,0.100044199,0.100234091,0.100258059,0.100717254,0.100319608,0.152733409,0.100175863,0.100097522,0.100679241,0.100071149,0.100129884,0.105181285,0.190528676,0.107409161,0.100991344,0.10027662,0.101206644,0.10120325,0.111198434,0.101284727,0.102493763,0.106727574,0.100141946,0.10754671,0.187548857,0.100466462,0.100796429,0.108320064,0.101501888,0.100117859,0.10047993,0.100488643,0.129459553,0.118823044,0.11070677,0.182230678,0.287134868,0.101621536,0.129883647,0.100055579,0.101506581,0.100309396,0.100127595,0.10579406,0.133483454,0.100519034,0.125745017,0.100277068,0.100196575,0.107636316,0.112525002,0.106162843,0.100814372,0.100544081,0.101000059,0.10379611,0.105900695,0.107819308,0.10398769,0.100079282,0.100413941,0.10002771,0.100083298,0.105286923,0.109543923,0.139271988,0.100018636,0.102124957,0.100124999,0.11511257,0.110554674,0.100093175,0.100449959,0.116711611,0.196967295,0.650493143,0.101430223,0.100327238,0.100868646,0.135058808
0.104188136,0.118167967,0.113582552,0.100435862,0.103400178,0.115900808,0.100044718,0.100244487,0.100264934,0.100748812,0.10033861,0.153898358,0.100195932,0.100089213,0.100708138,0.100068049,0.100132901,0.105534194,0.199512064,0.107561613,0.100981136,0.10028876,0.101223025,0.101296743,0.111523384,0.101361905,0.102537059,0.10706351,0.100149064,0.107823694,0.188786007,0.100483601,0.100833376,0.108558376,0.101546498,0.100127739,0.100500065,0.100497902,0.131684087,0.12029516,0.111387109,0.183272444,0.292999632,0.101689041,0.132242177,0.100059045,0.101527732,0.100316197,0.100137394,0.106374256,0.135751804,0.100547027,0.126645991,0.100295048,0.100196779,0.107956996,0.113155071,0.106461837,0.100847854,0.100586649,0.101015897,0.103902539,0.106246868,0.108093538,0.1040801,0.100090195,0.100422431,0.100029384,0.10008487,0.105682403,0.109954584,0.140317012,0.100018957,0.10225111,0.100126313,0.115351366,0.111151577,0.100101968,0.100482513,0.117945339,0.198817365,0.671261097,0.101510354,0.100347982,0.1009593,0.136411215
0.104234276,0.119642093,0.113867049,0.100466267,0.103553126,0.116504271,0.100046547,0.100258871,0.100277413,0.100786223,0.10036733,0.15572834,0.100208708,0.100087694,0.100740485,0.100071991,0.100140772,0.105943736,0.208704359,0.107821216,0.100925669,0.100286917,0.101290347,0.101422475,0.111899355,0.101483477,0.102647133,0.107451811,0.100145645,0.108319632,0.190860459,0.100511715,0.100868613,0.108942435,0.101614265,0.100136025,0.100513761,0.100521088,0.132967492,0.121249306,0.111540966,0.184796623,0.294893462,0.101697093,0.134232088,0.100061466,0.101610876,0.10032811,0.100142845,0.10684149,0.138200111,0.100574964,0.127799784,0.100307002,0.100199881,0.108190887,0.113850598,0.10652745,0.100903043,0.100563496,0.101059266,0.10415571,0.106571185,0.108450002,0.104279522,0.100103564,0.100435489,0.100033656,0.10007951,0.10615549,0.110213568,0.141809982,0.100019844,0.102664509,0.100133873,0.115822928,0.110844335,0.100117539,0.100519289,0.119305657,0.203132582,0.696666359,0.101639995,0.100361495,0.100985185,0.137836173
0.104450547,0.120398592,0.114363914,0.100444983,0.103737401,0.116828177,0.100048624,0.100269376,0.100288479,0.100826084,0.100368987,0.155916777,0.100224423,0.100092161,0.100775776,0.100075673,0.100150998,0.106192501,0.217233748,0.107865816,0.100910532,0.100297877,0.101383129,0.101483398,0.112163442,0.10158351,0.10273381,0.10786764,0.100147621,0.108773995,0.194121359,0.100529732,0.100909739,0.109290981,0.10169519,0.100133635,0.100525109,0.100540023,0.135006731,0.118459136,0.111781151,0.186332078,0.29241759,0.101753139,0.132475846,0.100062508,0.101718817,0.10034121,0.100148656,0.10633753,0.140173064,0.100592498,0.129096638,0.100318632,0.100220447,0.108402478,0.114214262,0.106694077,0.100969805,0.100542019,0.101059991,0.104139414,0.10653737,0.10885658,0.104516561,0.100113299,0.10046155,0.100037017,0.100081042,0.106020483,0.110264667,0.143647014,0.100020915,0.102779582,0.100137098,0.11650546,0.110015991,0.10011469,0.100561993,0.119769946,0.206388974,0.723405616,0.101714391,0.100360077,0.101013792,0.139581983
0.104593167,0.119707792,0.114874967,0.100500032,0.103912239,0.117424581,0.100053544,0.100284103,0.100298451,0.100829637,0.100405271,0.156178463,0.100241488,0.100091166,0.10081106,0.100078625,0.100149924,0.106175539,0.226216275,0.107534869,0.100871381,0.100290022,0.101441692,0.101500781,0.11252221,0.101677947,0.102603944,0.108344286,0.100161169,0.109158536,0.197341819,0.100481847,0.100950046,0.10957665,0.101760649,0.100137778,0.100539512,0.100536004,0.138103901,0.118605221,0.112017218,0.187735705,0.291775029,0.101793702,0.136200559,0.100062836,0.101859851,0.100357542,0.100153371,0.106726892,0.141279425,0.100618922,0.130561696,0.100341497,0.100219949,0.108451597,0.114500504,0.106939321,0.101008043,0.100552194,0.101045424,0.104201389,0.106756352,0.109202817,0.104760331,0.100118506,0.100490949,0.100037828,0.100079313,0.106365119,0.110511171,0.145607291,0.100021653,0.102866059,0.10013509,0.117206747,0.110474243,0.100117694,0.100607601,0.119124613,0.209595803,0.753295096,0.101681023,0.100377115,0.101005449,0.141544109
0.104767948,0.119552248,0.115377319,0.100521043,0.104119661,0.118072432,0.100061332,0.100301116,0.100326849,0.100850602,0.100413452,0.158643823,0.100246168,0.10009033,0.100842385,0.10007651,0.100148549,0.106482879,0.236932692,0.107755439,0.100810722,0.100312474,0.101497712,0.101496775,0.112991637,0.101756465,0.102632443,0.108876221,0.100158322,0.109687657,0.201161438,0.100472655,0.100985432,0.109952281,0.101824417,0.100135813,0.100544262,0.100575548,0.139567712,0.119520922,0.112720059,0.191058457,0.297077108,0.101804497,0.139481205,0.100065517,0.10198933,0.10037376,0.100155888,0.10732338,0.143319955,0.100657688,0.131844221,0.100355764,0.100217214,0.108875841,0.114965445,0.107235212,0.101035587,0.100538259,0.101021085,0.104314761,0.107052727,0.109554254,0.104916295,0.100128956,0.100510279,0.100038497,0.100085011,0.106940991,0.110952907,0.148000157,0.100022112,0.103048338,0.10013806,0.118027182,0.110941179,0.100116722,0.100649971,0.120451007,0.214081439,0.779931237,0.101648458,0.10039206,0.100974497,0.143165063
0.104911177,0.118689942,0.115572255,0.100534887,0.104329149,0.118271229,0.100064743,0.100317513,0.100350913,0.100865031,0.100414504,0.159458999,0.100262867,0.100092318,0.100879086,0.100080209,0.100166606,0.106687551,0.248347564,0.107885674,0.100793563,0.100324597,0.101550221,0.101464398,0.113098631,0.101799821,0.102738406,0.109190242,0.100161615,0.109940672,0.203168325,0.100482882,0.101025103,0.110363732,0.101867121,0.100139053,0.100542374,0.100591393,0.141476751,0.120232391,0.113024496,0.19283547,0.297838054,0.101872944,0.141397298,0.100068076,0.102050684,0.10039649,0.100147817,0.107361324,0.143144747,0.10068956,0.132585369,0.100366485,0.100233462,0.10940146,0.115276078,0.107492606,0.10104157,0.100537599,0.101012515,0.104341461,0.107267974,0.109740081,0.105227084,0.100140435,0.10053255,0.100037479,0.100079215,0.106866595,0.111248806,0.149888253,0.100022609,0.103246903,0.100144125,0.118288578,0.111318238,0.100117735,0.100677329,0.119274709,0.216542801,0.786420144,0.101584845,0.100413242,0.100988617,0.144046371
0.105186557,0.116653079,0.115829544,0.100549525,0.104495334,0.118583206,0.100068378,0.100332549,0.100345633,0.100886689,0.100440047,0.161274751,0.100274586,0.100096704,0.100918727,0.100083339,0.100181291,0.106901942,0.261897662,0.108083288,0.100817142,0.10033976,0.101603406,0.10142424,0.113159745,0.101881009,0.102850852,0.109410059,0.100166989,0.110110482,0.204339906,0.100481664,0.101071518,0.110770537,0.101939048,0.1001407,0.100548146,0.100613834,0.143054757,0.121143028,0.114077234,0.193071235,0.297921074,0.101883221,0.144595788,0.100068615,0.102117031,0.100346508,0.100150438,0.107758514,0.143127554,0.100690396,0.132656183,0.100369296,0.100245256,0.110843596,0.1154971,0.107680705,0.10106493,0.100536735,0.101012297,0.104578569,0.107538306,0.109815218,0.105275046,0.100159797,0.10053292,0.10003801,0.100101814,0.107136245,0.111665289,0.151250849,0.100024155,0.103442307,0.100148338,0.118690502,0.11201459,0.100122483,0.100731589,0.120517897,0.218606612,0.798061546,0.101461815,0.100432148,0.100900126,0.145805656
0.105560446,0.118125278,0.115978634,0.100542496,0.104708694,0.118776162,0.10007535,0.100344219,0.100357638,0.100910902,0.100460696,0.161973863,0.100296504,0.100095443,0.100969172,0.100078499,0.100208912,0.107228237,0.278149634,0.108400262,0.100863074,0.100342574,0.101672902,0.101356633,0.113211101,0.101855611,0.10292865,0.109710767,0.100168722,0.110313201,0.205198843,0.100492631,0.101127566,0.111395006,0.101988857,0.10013977,0.100567446,0.100642033,0.146439523,0.122154045,0.115293956,0.193200265,0.300959508,0.101938632,0.145999547,0.100072032,0.10217265,0.100381033,0.100159383,0.108207982,0.143751435,0.100717883,0.13270702,0.100378764,0.100250717,0.111640761,0.115638198,0.108124788,0.101109982,0.100548487,0.10105631,0.104769531,0.107922096,0.109723827,0.105277867,0.100163456,0.100563086,0.1000354,0.100111886,0.107461108,0.112009494,0.152779305,0.100026196,0.103659186,0.100158082,0.119122364,0.112878804,0.10013114,0.100838153,0.121700751,0.222310958,0.817580983,0.101473638,0.1004626,0.100746072,0.147231049
0.105799817,0.119762485,0.116415843,0.100547341,0.104955739,0.119446924,0.100079132,0.100359747,0.100366087,0.100949181,0.100473333,0.165543901,0.100310067,0.100100363,0.101037934,0.100083584,0.100281299,0.107711091,0.296167654,0.108848587,0.100921658,0.100354705,0.101747201,0.101400044,0.113563771,0.101903466,0.103169642,0.110108398,0.100178,0.110725167,0.20817589,0.100496072,0.101191064,0.111972027,0.102051465,0.100142055,0.100559885,0.100682442,0.150119399,0.123268906,0.115957478,0.194527149,0.305352854,0.102037909,0.148390652,0.100073358,0.102264862,0.100401397,0.100168366,0.108765195,0.145466998,0.100751795,0.133356363,0.100399221,0.100251652,0.112718182,0.116259194,0.108738433,0.101193952,0.100563585,0.101099426,0.105006328,0.108442932,0.109897873,0.105740165,0.100176101,0.100589526,0.10003421,0.100119687,0.10820337,0.112556762,0.15442766,0.100027534,0.103847626,0.100172057,0.119951948,0.113689194,0.100129795,0.10090529,0.123827163,0.225179264,0.845226412,0.101547698,0.100495578,0.100702376,0.149222876
0.10614238,0.121512354,0.116784367,0.10056614,0.105280057,0.119898577,0.100081011,0.100366019,0.100372322,0.100991429,0.10049519,0.167642906,0.100337473,0.100101323,0.101061203,0.100084401,0.100331153,0.108161561,0.31852088,0.10927617,0.100978592,0.100382706,0.101816934,0.101414052,0.113880855,0.102083526,0.103337693,0.110560703,0.100179291,0.111023487,0.209975198,0.100509517,0.101261711,0.112043794,0.102118879,0.100139159,0.10057728,0.100724117,0.154091077,0.124593866,0.116466693,0.19530029,0.30905733,0.102158656,0.150475857,0.100076121,0.102321253,0.100420788,0.100174076,0.109232905,0.146516435,0.100778172,0.13404059,0.100416589,0.100270568,0.113537453,0.116686233,0.109308485,0.101280268,0.100599745,0.101123017,0.105321377,0.108860538,0.109975309,0.105625986,0.10019321,0.100615209,0.100037861,0.100125364,0.108808123,0.113219723,0.156415635,0.100028377,0.104065125,0.100180085,0.120522516,0.114262713,0.100123442,0.100961892,0.125970344,0.228519638,0.871184511,0.101663631,0.100531894,0.100661901,0.150775444
0.106246908,0.123243995,0.117364325,0.100580548,0.10563276,0.12040662,0.100085016,0.100380704,0.100393314,0.101039292,0.100537137,0.170323161,0.100358972,0.100107152,0.101101872,0.10008873,0.100333341,0.108655718,0.34631963,0.109899664,0.101030999,0.100413776,0.101950519,0.101454044,0.114424262,0.102275258,0.103484948,0.111283893,0.100182729,0.111467703,0.212669002,0.100495039,0.101342865,0.11272492,0.102232607,0.100146623,0.100587602,0.100772087,0.158451724,0.125947111,0.11729031,0.197006888,0.311926416,0.102298785,0.153133405,0.100079609,0.102461298,0.100443846,0.100182555,0.109748902,0.14860767,0.100804567,0.135218951,0.100434154,0.100286991,0.114358129,0.117086826,0.109857964,0.101391591,0.100632534,0.101177306,0.105722495,0.109331938,0.110137514,0.105546603,0.100211622,0.100629695,0.100042019,0.100130927,0.109602021,0.113960885,0.158730452,0.100030806,0.104331049,0.100190885,0.12147973,0.114971573,0.100126882,0.101089776,0.1277752,0.23129632,0.892645291,0.101732076,0.100574434,0.10063877,0.152167188
0.106459519,0.125338304,0.118011801,0.100589039,0.106030802,0.12115718,0.100088008,0.100403873,0.100406683,0.101087018,0.100568618,0.17459207,0.100373991,0.100111069,0.101149831,0.10009311,0.100344453,0.109103392,0.381373935,0.11056715,0.101095931,0.100385989,0.102111277,0.101470129,0.114555471,0.102444459,0.103561409,0.112084125,0.100181121,0.11207575,0.215401082,0.100525162,0.101401512,0.113141709,0.102374505,0.100157622,0.100615556,0.100820259,0.162930088,0.127593863,0.118700986,0.198449546,0.315071433,0.102456702,0.15621527,0.100083208,0.102661143,0.100469554,0.100200689,0.110363364,0.149721633,0.100832232,0.136547945,0.100456516,0.100296209,0.115304909,0.117598644,0.110334688,0.101559118,0.100682463,0.101241479,0.106210499,0.109940727,0.110391778,0.105482033,0.100228259,0.100647677,0.100047058,0.100141988,0.110468841,0.114709595,0.160847759,0.10003204,0.10457981,0.100200966,0.122218683,0.115785645,0.100125316,0.101141888,0.129176364,0.234662212,0.908581612,0.101845794,0.100622943,0.100615202,0.15413826
0.106614699,0.126366595,0.118274943,0.100575205,0.106393862,0.121251766,0.100086574,0.100423959,0.100398976,0.101154243,0.100587316,0.178392259,0.10039605,0.100116777,0.101182754,0.100095153,0.100355162,0.109448596,0.408529042,0.110914324,0.101164557,0.100410731,0.102211613,0.101540743,0.114480912,0.102523118,0.103788215,0.112949353,0.100183057,0.112170473,0.215695308,0.100507578,0.101530327,0.11309764,0.102452919,0.1001605,0.100632086,0.100855237,0.164872745,0.129253657,0.118747914,0.197502388,0.31243826,0.102462423,0.157909218,0.100088152,0.102653136,0.100501499,0.100216505,0.110864404,0.150290315,0.100883423,0.137341292,0.100472421,0.1003196,0.116340634,0.117682505,0.110510631,0.101713404,0.100680421,0.101322541,0.106777883,0.110372876,0.110424974,0.10538082,0.100254443,0.100671896,0.100045911,0.100149994,0.110664044,0.115179186,0.161387576,0.100032195,0.104756227,0.100209556,0.122118547,0.116058167,0.100130664,0.101180832,0.12941421,0.234454358,0.909569613,0.101978706,0.100671862,0.100505383,0.156070285
0.106720636,0.124805706,0.11758673,0.100550921,0.10671676,0.120822195,0.100086153,0.100433939,0.100376171,0.101193204,0.100503348,0.178293624,0.100407969,0.100121471,0.101213424,0.100103868,0.100370408,0.109342886,0.437527435,0.111038781,0.101197987,0.100459266,0.10219224,0.10159649,0.113770088,0.10254705,0.103809711,0.11355485,0.100180432,0.111187263,0.212370837,0.100508248,0.101604771,0.112534073,0.102464647,0.100166525,0.100669692,0.100834287,0.169973467,0.130608064,0.118936842,0.192353013,0.300343287,0.102544064,0.158368314,0.100086966,0.102566997,0.100481294,0.100235063,0.110699872,0.147631763,0.100923757,0.135971798,0.100456657,0.100325997,0.117654428,0.117377015,0.110808435,0.10173478,0.100727123,0.10131907,0.106852226,0.1105232,0.1100993,0.10527564,0.100270737,0.100690562,0.100045334,0.100154978,0.110677697,0.11494562,0.159077257,0.100031664,0.104624413,0.100216062,0.121158373,0.115947222,0.100138251,0.101128695,0.127995212,0.228389528,0.888521542,0.102062941,0.100734394,0.100566889,0.157119191
0.106962806,0.127318024,0.117909931,0.100559494,0.107091357,0.121418785,0.100087315,0.100443247,0.100366597,0.101242705,0.100554939,0.184188222,0.100442962,0.10012802,0.101248785,0.100108971,0.100421457,0.10988997,0.473427092,0.111535222,0.10128359,0.100505506,0.102310092,0.101706252,0.114027844,0.102759994,0.103944238,0.114252876,0.10018595,0.111543887,0.21456156,0.100544731,0.101732043,0.111847082,0.102535914,0.100173679,0.100631486,0.100865651,0.175920059,0.13251346,0.120035155,0.193935402,0.30855345,0.102749587,0.162340607,0.10009188,0.102663765,0.100484313,0.100251657,0.111494792,0.150069937,0.100968554,0.13645489,0.100477073,0.100354505,0.119068288,0.117499017,0.110982195,0.101836252,0.100801411,0.101466127,0.107423713,0.111295489,0.110274898,0.105253812,0.100291059,0.100714193,0.100048411,0.100163603,0.112228992,0.115400119,0.159173516,0.100029965,0.104803079,0.100227557,0.122418119,0.117145876,0.10014707,0.101166415,0.130354932,0.231509641,0.909881633,0.102224415,0.100810676,0.100689858,0.158379704
0.107164912,0.128958566,0.118433587,0.100562965,0.107550179,0.121781836,0.100087216,0.100456571,0.100352639,0.101307706,0.100593322,0.18753447,0.100472717,0.100133438,0.101291198,0.100113808,0.100421812,0.110505906,0.509093092,0.112337117,0.101372268,0.100516797,0.102412088,0.101614278,0.11421545,0.102846675,0.104255075,0.11450449,0.100191152,0.111838148,0.217073691,0.100583812,0.101976236,0.110644042,0.102641771,0.100183033,0.100664004,0.100899098,0.179899601,0.134519861,0.120565397,0.194599883,0.308603107,0.10289072,0.164638508,0.100096411,0.102691649,0.100492058,0.10026418,0.112103651,0.151904235,0.101001913,0.137020473,0.100507613,0.100363013,0.120080754,0.117670821,0.111284204,0.102044715,0.100810357,0.101529242,0.107893826,0.11173154,0.110100512,0.105234954,0.100314727,0.100723805,0.100052729,0.100174335,0.112989409,0.115888281,0.158691564,0.100029745,0.104648527,0.100241238,0.123134655,0.117289977,0.100156885,0.101162963,0.133755427,0.23291372,0.922434045,0.102339569,0.100856139,0.100791642,0.159775939
0.107408734,0.128661264,0.11855906,0.100580538,0.108042973,0.121942898,0.100090826,0.100478843,0.100333594,0.101375015,0.100592297,0.189216283,0.100503629,0.100139653,0.101351222,0.10011988,0.100459842,0.11115297,0.541263592,0.112820071,0.101469968,0.100568834,0.102530169,0.101737776,0.114247662,0.102924201,0.104495502,0.11482753,0.100193939,0.111672616,0.217440309,0.100614801,0.102160472,0.109889282,0.102720545,0.100193025,0.100667371,0.100936481,0.184259579,0.136601808,0.119794539,0.191779761,0.311470967,0.103023078,0.16619162,0.10010292,0.102736163,0.100507065,0.100269282,0.112766486,0.153794985,0.101048999,0.136638966,0.100540995,0.100401975,0.12093045,0.118148653,0.111680167,0.102245277,0.100848391,0.10151837,0.108378874,0.112541095,0.109690447,0.105236488,0.100342471,0.100753033,0.100053473,0.100201763,0.113565835,0.116269153,0.156954739,0.100030167,0.103856982,0.100247899,0.122998516,0.118542713,0.100167565,0.101240255,0.135372107,0.23483901,0.941191341,0.102422571,0.100921667,0.100917283,0.162108648
0.107616356,0.129350812,0.118563795,0.100563734,0.108527027,0.122043698,0.100095227,0.100513734,0.100332644,0.101468892,0.100658763,0.191897264,0.100533169,0.100146842,0.101419039,0.100073948,0.100486414,0.111522176,0.575533277,0.113478578,0.101595187,0.100564736,0.102593449,0.101925446,0.1143807,0.103067071,0.104718186,0.115151719,0.100203421,0.111567307,0.218117185,0.100649825,0.10231892,0.109640308,0.102821298,0.100200308,0.100696508,0.1009628,0.18964089,0.138636219,0.119493174,0.190089919,0.315711299,0.10313813,0.168286593,0.100104879,0.102823149,0.100518875,0.100283614,0.113366007,0.154523504,0.101086201,0.136591263,0.100567964,0.100423677,0.122327213,0.118336389,0.112193959,0.102400727,0.100881084,0.101644815,0.10886962,0.113388113,0.10960098,0.105220402,0.100358934,0.100771351,0.100057073,0.100244872,0.114219692,0.116673675,0.15615538,0.100031066,0.103932515,0.100255357,0.123271762,0.119041218,0.100178194,0.101288171,0.138374256,0.237293011,0.956685154,0.102535213,0.100968598,0.100946808,0.16371044
0.107906018,0.12861318,0.118686595,0.100574265,0.109044239,0.122391765,0.10009938,0.100546798,0.100320098,0.101549448,0.100696653,0.192360418,0.100556512,0.100153337,0.101500568,0.100074013,0.100520414,0.111728842,0.610845725,0.114085268,0.101746856,0.100603093,0.102685536,0.102106492,0.114613683,0.10328376,0.104897192,0.115593715,0.100215174,0.111525074,0.219246662,0.100678138,0.102385335,0.109686197,0.102946957,0.100203792,0.100708615,0.100992437,0.196283954,0.140570924,0.12046518,0.190085822,0.316350267,0.103295986,0.170473642,0.100106781,0.102897369,0.100536413,0.100300141,0.114169246,0.156077481,0.101151879,0.137112191,0.100595449,0.100452239,0.123736398,0.118697657,0.112764287,0.102522679,0.101001274,0.101732346,0.109081059,0.114238391,0.109677089,0.105158185,0.100381461,0.100819755,0.100059929,0.100256319,0.114779563,0.116909502,0.156939272,0.100031495,0.10411612,0.100256025,0.123890447,0.119228735,0.10018912,0.101331187,0.140270148,0.241686182,0.976284336,0.102617528,0.1010144,0.100960958,0.165353707
0.108198775,0.129394825,0.118876235,0.100580053,0.109637291,0.122849014,0.10010294,0.100556634,0.100322629,0.101625015,0.100662551,0.189085311,0.100578583,0.10014711,0.101585963,0.100077498,0.100534993,0.111981377,0.646816498,0.114501802,0.10186811,0.100581455,0.102783846,0.102258491,0.11495617,0.103511666,0.10490204,0.116275752,0.100225145,0.111587765,0.220573844,0.100704688,0.102436056,0.109667191,0.103067811,0.100205237,0.100726935,0.10103079,0.20398357,0.142549602,0.120173485,0.190787013,0.319726785,0.103460036,0.172453497,0.100110319,0.102963277,0.100553414,0.100308722,0.114891,0.157924406,0.10119793,0.137839406,0.100624287,0.100472383,0.124366219,0.119065589,0.113368484,0.102667669,0.101067558,0.101783762,0.109376604,0.11514269,0.10985062,0.105103986,0.100415808,0.100872353,0.100063665,0.100202216,0.11521971,0.117133106,0.15912514,0.100032548,0.104194866,0.100247076,0.12496324,0.119831572,0.100200344,0.10132108,0.142720766,0.24507703,1,0.102627256,0.101044209,0.100980533,0.166760736
