Argentina,Austria,Brazil,Canada,Colombia,Ecuador,"Egypt, Arab Rep.",Finland,France,Germany,Hungary,Indonesia,India,"Iran, Islamic Rep.",Italy,China,Japan,"Korea, Rep.",Malaysia,Morocco,Pakistan,Portugal,Poland,Philippines,Romania,Russian Federation,South Africa,Slovenia,Spain,Slovak Republic,Serbia,Turkiye,United Kingdom,Uzbekistan,United States,Ukraine,Thailand,Sweden,Belgium,Mexico,EN.CO2.MANF.ZS,EN.ATM.CO2E.PC,SL.TLF.CACT.ZS,SL.TLF.ACTI.ZS,NV.MNF.TECH.ZS.UN,SL.AGR.EMPL.ZS,SL.IND.EMPL.ZS,SL.SRV.EMPL.ZS,SL.EMP.TOTL.SP.ZS,SL.UEM.TOTL.ZS,TX.VAL.MRCH.XD.WD,NE.CON.GOVT.ZS,NY.GDP.MKTP.CD,TM.VAL.MRCH.XD.WD,NV.AGR.TOTL.ZS,NV.AGR.TOTL.KD,NE.EXP.GNFS.ZS,NY.GDP.MKTP.KD,NY.GDP.PCAP.KD,NV.IND.TOTL.KD,NV.IND.TOTL.ZS,NV.SRV.TOTL.ZS,NV.SRV.TOTL.KD,NE.TRD.GNFS.ZS,NE.GDI.FTOT.ZS,NE.GDI.FTOT.CD,BX.KLT.DINV.WD.GD.ZS,BX.KLT.DINV.CD.WD,NV.IND.MANF.ZS,NV.IND.MANF.CD,auto,Australia
0.034043076,-0.808313108,-0.190380257,-0.685428959,0.089910856,0.56591623,0.933681739,-0.612149235,-0.754904624,-0.875627308,-0.354008954,1.213053061,1.684555553,0.609291005,-0.674618523,0.327026618,-0.805916443,-0.685950464,0.393254283,0.69714165,2.65933541,-0.652157158,-0.557441279,0.678046621,-0.288291784,-0.362166895,-0.595222405,-0.666153195,-0.52820598,-0.623300483,0.123371241,0.014059943,-0.896076685,3.794896263,-0.835715641,0.926553433,0.395796006,-0.761175485,-0.887066987,3.34646442,0,0,0,0,0,0,0,0,0,0,0,0,0,0,1,0,0,0,0,0,0,0,0,0,0,0,0,0,0,0,0,-0.596800477
-0.210630665,-0.368988252,0.073726292,-0.203744085,-0.282059095,-0.336716245,-0.150200799,-0.362662943,-0.178076712,-0.252985726,-0.36306581,0.369218638,1.922158117,-0.121214224,-0.155185238,5.718407449,-0.127397243,-0.220235978,-0.243565255,-0.329487246,0.01477516,-0.370749118,-0.320590426,-0.184135146,-0.345661743,-0.054076596,-0.350260691,-0.391462082,-0.178446519,-0.383601466,-0.378891098,-0.028071164,-0.291176919,-0.226472356,0.893116595,-0.322645051,-0.172519324,-0.351156591,-0.378336175,38720855491,0,0,0,0,0,0,0,0,0,0,0,0,0,0,0,1,0,0,0,0,0,0,0,0,0,0,0,0,0,0,0,-0.206927664
-0.473637026,0.337408181,-1.009759712,2.473882979,-1.121484854,-0.941365139,-0.968765249,0.607331403,-0.341509116,0.806170139,-0.392976226,-1.093460139,-1.146736774,0.337426791,-0.133053159,0.291841358,0.836828568,1.581679414,0.388823903,-1.126178618,-1.354747417,-0.336894373,0.496851685,-1.27206227,-0.622935209,1.282880349,0.402078939,0.190877018,-0.181361739,-0.053685295,0.157739056,-0.362865486,-0.052699476,-0.70949188,2.402757238,-0.400329086,-0.604170561,-0.550824127,0.607000028,3.894939366,0,1,0,0,0,0,0,0,0,0,0,0,0,0,0,0,0,0,0,0,0,0,0,0,0,0,0,0,0,0,0,2.603686871
-1.055534657,-0.71862503,-0.256372202,-0.939771864,0.212267493,1.084879439,0.975503495,-0.756946506,-0.837581276,-0.961327702,-0.663537905,1.474481034,2.491596985,0.369545159,-0.756148124,1.145555126,-0.786485968,-0.671521538,-0.158173459,1.805003708,2.308771541,-0.514243834,-0.221244217,1.081685909,0.778307626,-0.529412756,-0.621224593,-0.665134632,-0.729003772,-0.835186167,0.41984218,0.490896533,-0.975698251,1.123200877,-0.951747333,0.179534579,1.421789018,-0.915022583,-0.966117882,13.10000038,0,0,0,0,0,1,0,0,0,0,0,0,0,0,0,0,0,0,0,0,0,0,0,0,0,0,0,0,0,0,0,-0.856742014
-0.323792852,0.279536677,-0.771787437,-1.046437261,-1.104969275,-1.280565318,0.266029421,-0.485881209,-0.920368539,0.689260347,1.378136831,-0.58493542,0.094935941,1.702313546,0.405605829,1.008934929,0.085931247,0.198492713,0.714024007,-0.465620111,-0.163955346,0.040906488,1.605511045,-1.566471116,1.252067679,0.608216383,-0.222487361,1.992721906,-1.059944517,2.735628272,0.025147952,0.55418693,-1.316584953,-0.283270655,-1.021673601,-0.015374245,-0.143694248,-1.377367818,-0.688491763,25.75,0,0,0,0,0,0,1,0,0,0,0,0,0,0,0,0,0,0,0,0,0,0,0,0,0,0,0,0,0,0,0,-1.11622525
1.106364602,0.585616142,0.501844112,1.239193327,0.169772589,-0.596255889,-1.012100019,0.879197985,1.100327378,0.677690579,0.165243951,-1.197758055,-2.387177337,-0.920025581,0.57806918,-1.421151479,0.713916805,0.568258186,-0.08984706,-1.550206434,-2.128312557,0.47240998,-0.329089278,-0.497389071,-1.155494318,0.297317806,0.661841786,-0.040036361,1.04447859,-0.127582448,-0.405314921,-0.64984007,1.36372022,-0.9660628,1.242212227,-0.164562966,-1.295870004,1.327493995,1.14409999,61.15000153,0,0,0,0,0,0,0,1,0,0,0,0,0,0,0,0,0,0,0,0,0,0,0,0,0,0,0,0,0,0,0,1.184099408
0.001014505,0.436389969,0.08510585,0.908861608,1.167341334,1.36390715,-1.76081914,-0.103539058,-0.530070541,0.563781671,-0.181030402,1.218957914,-1.016931149,-2.245567708,-1.387752903,1.675191919,0.516785494,0.880215106,1.040477391,-1.58471504,-0.593304351,-0.296409054,-0.193835592,0.752690961,-0.485054465,0.667279214,-1.852831896,-0.284264065,-0.949472754,0.002334405,-1.192506987,-1.041485509,0.7508428,0.345565677,0.610250089,-0.421028514,1.789250169,0.708467027,-0.696273632,57.37599945,0,0,0,0,0,0,0,0,1,0,0,0,0,0,0,0,0,0,0,0,0,0,0,0,0,0,0,0,0,0,0,0.916254254
-0.530628145,-0.502214201,0.089289784,-0.951304907,-0.404604475,0.115414125,0.871608869,-1.031680446,-0.885304478,-0.41025477,0.22506835,-0.524894031,1.626476052,-0.350190979,-0.679304066,2.786764091,-0.985459236,-0.169261992,-0.672969106,-0.076823837,-0.499482741,-0.4879959,1.721283808,-0.899175643,1.55166684,-0.2726385,-0.347420077,0.298836628,-0.357877769,1.770849959,2.901632642,1.163024416,-0.933618959,-0.004025392,-0.713473057,-0.372390775,-0.0373142,-0.848511188,-0.573134196,224.7717488,0,0,0,0,0,0,0,0,0,0,1,0,0,0,0,0,0,0,0,0,0,0,0,0,0,0,0,0,0,0,0,-0.095602781
-1.055715492,0.768987616,-1.058479871,-0.187480252,-0.955508607,-0.736446492,-1.155537441,-0.036126059,-0.244905201,0.479211118,2.324603875,-0.755471571,-0.752303402,-0.660633194,-0.286984219,-0.732804855,-0.894158064,0.207394575,1.426451392,-0.222619549,-1.229146686,0.210971418,0.671158624,-0.40846031,0.311918797,-0.445912239,-0.340600804,1.921653499,-0.079502178,2.647698556,0.591030173,-0.57269994,-0.317979984,-1.064593435,-1.082599517,0.626789397,1.43997086,0.324475376,2.005452617,37.04217108,0,0,0,0,0,0,0,0,0,0,0,0,0,0,0,0,1,0,0,0,0,0,0,0,0,0,0,0,0,0,0,-0.747086201
-0.393758885,-1.314804822,0.020660763,-0.20086299,0.109603872,-0.372777689,-0.177507767,-0.213713236,-0.307233168,-0.244431771,5.858275354,-0.405118168,-0.235973739,-0.376078213,-0.302525851,-0.280502292,-0.366493599,-0.3678454,0.059617372,-0.23683149,-0.366158953,-0.046348506,-0.007273295,-0.158849591,-0.068358283,-0.16468351,-0.382109703,-0.085104431,-0.043486063,0.153092233,0.213189378,-0.27640207,0.941544135,-0.236776134,-0.165966808,0.053839057,-0.36359093,-0.108109292,0.947920284,3.604155469,0,0,0,0,0,0,0,0,0,0,0,0,0,0,0,0,0,0,0,0,0,0,0,0,0,0,1,0,0,0,0,-0.046526841
-0.426819858,-0.784964923,0.363274366,-0.082664874,-0.308944124,-0.454582417,-0.372912239,-0.406088159,-0.098216678,0.256643011,0.311960759,-0.412565583,0.0314172,-0.425575945,-0.177710567,1.480603579,-0.00756104,-0.328449291,-0.313258035,-0.439130455,-0.434429605,-0.381276386,-0.259302872,-0.370990813,-0.393542204,-0.101161596,-0.438441481,-0.446995193,0.029134467,-0.410328136,-0.436885332,-0.309199253,3.149714728,-0.444585883,4.813388397,-0.417167193,-0.424305908,-0.289097354,0.176899521,38870479804,0,0,0,0,0,0,0,0,0,0,0,0,0,0,0,0,0,0,0,0,0,0,0,0,0,0,0,1,0,0,0,0.014854778
-0.307955674,-0.365470375,0.038314057,-0.012719532,-0.392306422,-0.452424954,-0.37915868,-0.409751068,0.253907689,0.542232667,-0.443518656,-0.211960262,0.197635029,-0.349174973,0.073280717,3.044002093,0.854250975,-0.031550731,-0.38778518,-0.448571736,-0.396512132,-0.420999302,-0.335153072,-0.383730947,-0.427101182,-0.074162076,-0.37756846,-0.468410792,-0.114023847,-0.454645411,-0.469455904,-0.215284247,0.41275241,-0.45444242,5.039788767,-0.453862683,-0.357860255,-0.327886526,-0.34201729,1.20269E+12,0,0,0,0,0,0,0,0,0,0,0,0,0,0,0,0,0,1,0,0,0,0,0,0,0,0,0,0,0,0,0,-0.067786473
-0.312100396,-0.36044883,0.058126782,-0.021920321,-0.394240862,-0.448926342,-0.379404878,-0.406815406,0.260636817,0.558718506,-0.440353036,-0.200166498,0.207362957,-0.341875031,0.082457833,2.880074234,1.017350153,-0.030257712,-0.388729941,-0.445447346,-0.385029847,-0.417085029,-0.338266568,-0.383535714,-0.42340593,-0.097034426,-0.382052989,-0.465423119,-0.109961311,-0.451911975,-0.466641317,-0.218760374,0.328421416,-0.453052529,5.111251337,-0.45089435,-0.355207511,-0.324622028,-0.336460481,1.07849E+12,0,0,0,0,0,0,0,0,0,0,0,0,1,0,0,0,0,0,0,0,0,0,0,0,0,0,0,0,0,0,0,-0.118040555
-0.358230222,1.414095973,-0.638201703,1.354318306,-0.759421239,-0.777877064,-0.920966827,1.373730067,0.980892115,1.249052527,-0.376666192,-0.920468489,-1.019888067,-0.813831021,0.625000054,-0.633113416,0.883587591,0.555545051,-0.549824233,-0.939563453,-1.040548745,0.001608751,-0.382272002,-0.938749931,-0.58941505,-0.58785735,-0.76538608,0.106045134,0.388274719,-0.169376842,-0.786942639,-0.490895313,1.477035057,-0.953724295,2.134959488,-0.992413167,-0.782807928,1.832099365,1.228394562,9897.150062,0,0,0,0,0,0,0,0,0,0,0,0,0,0,0,0,0,0,1,0,0,0,0,0,0,0,0,0,0,0,0,2.138563864
0.111234717,0.623216804,0.809953171,0.981443468,-0.687128492,-0.670611597,-1.485775596,1.654104096,1.669807331,0.687352374,0.702713488,-1.972768199,-1.772558199,-0.369298073,0.463063047,-0.219779787,0.624793107,-0.507946408,-1.193952628,0.29257341,-1.695522572,0.094130132,0.18722288,-1.529092033,-0.510558366,0.319292507,0.535120612,0.465369463,0.482096187,0.425542355,-0.313658737,-0.637911013,0.490473624,-0.790040232,-0.763121274,0.354199675,-0.09119537,2.345007148,1.549193767,12.01041305,0,0,0,0,0,0,0,0,0,0,0,1,0,0,0,0,0,0,0,0,0,0,0,0,0,0,0,0,0,0,0,0.679152499
-1.420889513,0.187414002,-1.192698646,0.128375969,0.011230044,0.551971375,-1.385204487,0.123346858,-0.046066293,-0.322564218,-0.469015106,1.9155611,1.115541284,0.009598913,-0.892566373,3.551333731,0.490777349,1.394590564,0.628767615,1.205792316,-1.428402215,-1.198360124,-0.655772118,0.533781177,0.190642776,-0.034040521,-0.843262145,-0.854632668,-0.75042325,-0.188925435,-0.912848242,1.283188741,-0.784475126,-0.070990329,-0.308980472,-1.205086113,0.299934042,0.390501127,0.22048931,22.80225729,0,0,0,0,0,0,0,0,0,0,0,0,0,0,0,0,0,0,0,0,0,0,0,0,1,0,0,0,0,0,0,0.598542868
-0.349759981,-0.336853136,-0.132812267,-0.057456457,-0.36825816,-0.409107819,-0.384039398,-0.376780744,0.151133945,0.330659031,-0.409117139,-0.105786976,0.268085795,-0.326093751,-0.085390782,4.647200863,0.912922152,0.049128094,-0.352699749,-0.401568713,-0.387813205,-0.401591483,-0.341873702,-0.349680441,-0.389780038,-0.132151196,-0.37495621,-0.427950192,-0.195258081,-0.41581932,-0.428862877,-0.160713181,0.085878797,-0.416086011,3.711690122,-0.420708294,-0.329664613,-0.300456265,-0.315732064,2.4592E+11,0,0,0,0,0,0,0,0,0,0,0,0,0,0,0,0,0,0,0,0,0,0,0,0,0,1,0,0,0,0,0,-0.103286889
-0.644744589,-0.670301025,-0.48802006,-1.016154261,0.51807314,0.863791014,0.473814898,-0.957802426,-1.02175878,-0.709220963,-0.158928928,-0.02416096,2.696642956,-0.03247155,-1.004470572,2.722761299,-1.075790332,-0.428408433,-0.757787943,0.308043952,0.811697967,-1.003565497,0.642541565,-0.508981351,1.757848433,0.781337858,-0.040783302,-0.095339355,-0.800861249,1.884439215,1.420172234,0.392255252,-0.913857538,0.733908261,-0.946641398,-0.232429854,-0.007144134,-0.840149245,-0.698866957,221.5048093,0,0,0,0,0,0,0,0,0,0,0,0,0,1,0,0,0,0,0,0,0,0,0,0,0,0,0,0,0,0,0,-0.280214608
-0.729652582,-0.165536646,-1.339365104,-0.525083851,0.199095617,0.913383731,0.984739858,-0.49178024,-1.491099194,0.179209585,-0.162951368,2.114141119,0.022715553,1.299794937,-0.867465738,2.159000376,0.354152253,1.288305916,1.846285225,-0.131205503,-1.373093136,-1.178965554,0.706545729,0.627082806,0.600049032,0.443805231,-0.444779355,0.244666679,-1.069430187,0.471450549,-0.108951623,0.263999806,-1.482927639,-0.586729919,-1.390876256,-0.544357202,1.50074831,-0.785830312,-1.185515475,29.63995531,0,0,0,0,0,0,0,0,0,0,0,0,0,0,0,0,0,0,0,0,1,0,0,0,0,0,0,0,0,0,0,-0.684193274
-0.32775071,-0.361915994,-0.100780972,-0.054283831,-0.377259991,-0.437735176,-0.336906474,-0.409149455,0.008645218,0.584958844,-0.435829633,-0.072912695,0.219317365,-0.300615877,-0.033348167,4.875449923,0.958152395,0.103866129,-0.337551075,-0.440349092,-0.411583408,-0.428663949,-0.303241074,-0.359704966,-0.410070464,-0.011359731,-0.381299059,-0.458544983,-0.193640265,-0.442493647,-0.460807868,-0.191633893,0.116932763,-0.449592011,3.328505899,-0.449830039,-0.30610256,-0.348135678,-0.371867968,3.525E+11,0,0,0,0,0,0,0,0,0,0,0,0,0,0,0,0,0,0,0,1,0,0,0,0,0,0,0,0,0,0,0,-0.11188336
0.055994893,0.39467922,0.527678722,1.090606355,1.610232044,1.393721143,-1.852391986,-0.007411778,-0.438886743,0.363749007,-0.457444635,1.183396404,-1.464219554,-2.48491245,-1.416277695,1.767975008,0.207552287,0.702433924,0.87564229,-1.872496713,-1.078675917,-0.03215583,-0.377026318,0.453446565,-0.763652504,0.635934172,-0.610548864,-0.318259562,-0.021330344,0.215284693,-0.823966094,-1.034290834,0.66222447,0.201520692,0.49535683,-0.364654586,1.483418702,0.836979671,-0.857989388,59.68000031,0,0,1,0,0,0,0,0,0,0,0,0,0,0,0,0,0,0,0,0,0,0,0,0,0,0,0,0,0,0,0,0.960700523
-0.055203446,0.924047699,0.166069649,1.148851748,0.681588882,0.332024471,-2.077262902,0.876968317,0.366157023,1.115896181,0.190786325,0.004822766,-1.815972332,-2.564534506,-0.394174996,0.925224684,1.022914401,0.000114828,-0.064619322,-2.230270894,-1.586460345,0.663934114,0.090742638,-0.489510745,-0.328263862,0.695712697,-1.057994282,0.379103853,0.71219048,0.426183235,-0.376520228,-1.385195987,1.039392185,-0.369458321,0.423829266,-0.244697959,0.75338494,1.638477321,-0.070504245,64.16,0,0,0,1,0,0,0,0,0,0,0,0,0,0,0,0,0,0,0,0,0,0,0,0,0,0,0,0,0,0,0,1.022914401
-0.447945614,0.270512048,-0.993254749,-1.166531082,-0.688195347,-0.23348902,0.228913443,-0.2304204,-1.094871007,1.000085469,0.786903798,0.972049021,-0.110008414,-0.557555667,-0.184935277,2.495293026,0.924627493,2.149793396,1.229198393,-0.193766271,-0.907576334,-0.717341012,0.560665483,0.783790577,0.891639871,-0.808799839,-0.65067865,0.900225686,-0.896667802,0.583727955,-0.180825807,0.179285208,-1.350238312,-0.414439823,-0.905009201,-0.704071307,2.308542111,-0.507724972,-0.676252925,17.18045011,0,0,0,0,0,0,0,0,0,0,0,0,0,0,0,0,0,0,0,0,0,0,0,0,0,0,0,0,1,0,0,-1.942019218
-0.318766343,-0.331907226,-0.117068703,-0.188549075,-0.387567185,-0.422019319,-0.351469655,-0.387075561,-0.013909998,0.773597784,-0.403850945,-0.1212278,0.145496274,-0.345861576,0.025824137,4.920465091,1.281213035,0.226271068,-0.334997648,-0.418763836,-0.386921034,-0.404067337,-0.298879198,-0.340520504,-0.38329966,-0.192484121,-0.378010917,-0.431403975,-0.210234881,-0.418293177,-0.436512317,-0.201094036,-0.032367655,-0.426751576,3.124905599,-0.427354245,-0.255776236,-0.330980478,-0.346636746,1.8529E+11,0,0,0,0,0,0,0,0,0,0,0,0,0,0,0,0,0,0,0,0,0,0,0,0,0,0,0,0,0,1,0,-0.321778124
-0.921471532,0.620453146,-0.500521617,-0.068487015,-1.271180346,-2.050979359,-1.539943772,0.699725326,0.997757159,1.921378007,1.467272583,-0.647720472,0.21486915,0.491802402,0.411226606,0.207357397,1.441266404,2.225487994,0.424994835,-0.265984301,-1.166668656,-1.039591671,-0.283351782,0.377588112,0.529645185,-0.869898419,-1.181965563,-0.133957205,0.185421652,0.753541894,-1.101412136,-0.469728051,0.63248156,-1.821033932,0.737655329,-0.735473942,0.117745368,1.131599126,0.901173632,43.24444094,0,0,0,0,1,0,0,0,0,0,0,0,0,0,0,0,0,0,0,0,0,0,0,0,0,0,0,0,0,0,0,-0.774777276
-0.324124588,0.478993678,0.553367491,1.142598106,-0.22792026,-0.890160485,-0.527214121,0.198893661,1.458153196,0.375788005,-0.407665065,-1.870631744,-1.361636067,-0.77019731,0.980410641,-0.790059207,1.381529591,-0.418744895,-0.769068095,-0.662285339,-0.74231383,0.834276896,-0.479746045,0.095537636,-0.449270556,-0.213830057,0.641309967,-0.25645271,1.138661339,-0.025098854,-1.04369113,-0.588790614,1.528454031,-2.443337118,2.317406928,-1.093381237,-0.3473062,0.833900197,1.318148331,60.76208544,0,0,0,0,0,0,0,0,0,0,0,0,0,0,0,0,0,0,0,0,0,1,0,0,0,0,0,0,0,0,0,1.174678069
-0.298133955,-0.335155556,0.023748166,0.008866991,-0.366635406,-0.416343935,-0.361619177,-0.376383068,0.292992002,0.452468755,-0.40833065,-0.272075342,0.020497672,-0.338741876,0.084325234,2.113264104,0.876647394,-0.085301447,-0.367980559,-0.412597997,-0.374914462,-0.381686606,-0.323513416,-0.356091573,-0.39640519,-0.117311957,-0.342731375,-0.427077447,-0.087686095,-0.415472971,-0.428919541,-0.236779552,0.458544517,-0.422593084,5.543733083,-0.417674755,-0.340620001,-0.295607733,-0.301058051,7.39996E+11,0,0,0,0,0,0,0,0,0,0,0,0,0,0,0,0,0,0,0,0,0,0,1,0,0,0,0,0,0,0,0,-0.042974559
-1.094143193,0.731119324,-1.132170352,-0.137013805,-0.847760553,-0.791246794,-0.99292968,-0.002112803,-0.240929837,0.335970972,2.276910775,-0.818057244,-0.753196734,-0.745754114,-0.380649993,-0.83090012,-0.967003994,0.063824153,1.362796319,0.003350687,-1.12807816,0.202030261,0.647223447,-0.224455443,0.363374523,-0.596339936,-0.368618064,1.844380786,-0.176591002,2.755344328,0.752517667,-0.552222882,-0.28587208,-1.018625143,-1.082124503,0.841752224,1.208666455,0.27628106,2.112662385,76.06220914,0,0,0,0,0,0,0,0,0,0,0,0,0,0,0,0,0,0,0,0,0,0,0,1,0,0,0,0,0,0,0,-0.73515208
0.068706031,-0.367818864,0.793615893,-0.162126536,0.189004805,-0.660774739,0.961909544,0.216014939,0.471572235,-0.760504379,-0.554811952,-0.723105702,-0.489779976,1.005541267,0.812315033,-0.675318581,-0.972429853,-0.858156271,-0.901787995,0.315744678,-0.831353942,0.68349761,-0.336653432,-1.055537854,-0.3906736,-0.461315458,3.897700941,0.04564354,2.46200935,0.392619583,1.55405434,0.635710588,-0.617143015,-0.536112713,-0.604676822,0.326133222,-1.473155717,-0.164204285,0.010322611,3.859999895,0,0,0,0,0,0,0,0,0,1,0,0,0,0,0,0,0,0,0,0,0,0,0,0,0,0,0,0,0,0,0,-0.430149927
-0.119241669,-0.790094248,-0.224518842,-0.676737734,0.073958606,0.564382127,0.924079951,-0.605675359,-0.734725762,-0.84995209,-0.36572588,1.202916684,1.770434918,0.647431912,-0.66294225,0.253121542,-0.803790607,-0.68328401,0.442429539,0.869859587,2.672149644,-0.642391026,-0.489825051,0.706807245,-0.251503217,-0.399186969,-0.576002888,-0.68512454,-0.527082031,-0.643307725,0.011310923,0.015394351,-0.893216924,3.789145175,-0.834082911,0.705923178,0.410420275,-0.7512217,-0.881092475,3.381073882,0,0,0,0,0,0,0,0,0,0,0,0,0,0,1,0,0,0,0,0,0,0,0,0,0,0,0,0,0,0,0,-0.541064258
-0.211011127,-0.367905596,0.120013869,-0.206298973,-0.279638924,-0.335102106,-0.151440687,-0.362504733,-0.168578938,-0.249444459,-0.365822552,0.368699391,1.978943881,-0.12239396,-0.17266697,5.711489192,-0.13530823,-0.222581591,-0.240138585,-0.318688285,0.008130457,-0.370493624,-0.321711623,-0.183034879,-0.340638718,-0.061863324,-0.342729748,-0.391181373,-0.193946314,-0.3841381,-0.380828173,-0.024360074,-0.289903339,-0.23051464,0.808888705,-0.326601298,-0.170165711,-0.349613519,-0.377510759,40027692330,0,0,0,0,0,0,0,0,0,0,0,0,0,0,0,1,0,0,0,0,0,0,0,0,0,0,0,0,0,0,0,-0.196474227
-0.516985987,0.385197026,-1.014188134,2.514178757,-1.182854621,-0.982628248,-0.963893755,0.470793851,-0.337800714,0.747705848,-0.339106109,-1.075877021,-1.139905169,0.365817713,-0.155952168,0.317780966,0.8111153,1.630639426,0.288064938,-1.120253622,-1.349834241,-0.224731933,0.583990645,-1.262167861,-0.59172712,1.322830266,0.439418803,0.212683185,-0.09878146,0.038443852,0.188796437,-0.254088636,-0.124831745,-0.699164242,2.32361309,-0.561663676,-0.628138134,-0.586805562,0.560868484,3.839000611,0,1,0,0,0,0,0,0,0,0,0,0,0,0,0,0,0,0,0,0,0,0,0,0,0,0,0,0,0,0,0,2.587801826
-1.060474964,-0.744560416,-0.293137312,-0.941292735,0.283998611,1.195007977,0.979500276,-0.758437805,-0.852314227,-0.960884335,-0.653949276,1.448066169,2.520706194,0.369711796,-0.756805173,1.137049414,-0.784559932,-0.663745067,-0.143751372,1.794184253,2.188465343,-0.542930202,-0.231097228,1.011336731,0.794196515,-0.583746034,-0.634357657,-0.611500812,-0.71027513,-0.844151049,0.340324347,0.516648731,-0.970680135,1.150926803,-0.948639587,0.192571078,1.502759235,-0.915986914,-0.970680135,13.11999989,0,0,0,0,0,1,0,0,0,0,0,0,0,0,0,0,0,0,0,0,0,0,0,0,0,0,0,0,0,0,0,-0.853130543
-0.435236909,0.111659929,-0.867462128,-1.076958686,-1.101216347,-1.293071506,0.473317448,-0.496983489,-0.882898667,0.658556767,1.567111545,-0.527856568,0.09842867,1.681783584,0.349824709,0.815128287,0.047708069,0.188843049,0.729124047,-0.386722009,-0.02726935,0.071965729,1.600189904,-1.354817666,1.258379486,0.563731828,-0.236766329,1.948616163,-0.960081787,2.8108609,0.195458469,0.468907308,-1.357022946,-0.300718189,-1.032854347,-0.02506449,-0.344822529,-1.379075326,-0.805715547,26.01000023,0,0,0,0,0,0,1,0,0,0,0,0,0,0,0,0,0,0,0,0,0,0,0,0,0,0,0,0,0,0,0,-1.099011066
1.14237086,0.657616511,0.575169942,1.253062592,0.115607697,-0.67068718,-1.0798658,0.881290642,1.102674688,0.67059405,0.069040395,-1.171473001,-2.391374755,-0.927950492,0.585857396,-1.34552648,0.717161061,0.554558591,-0.117990622,-1.543245242,-2.037160515,0.482799476,-0.337847847,-0.476785324,-1.178343548,0.350732255,0.67517422,-0.102722998,0.996562544,-0.183642455,-0.385941679,-0.645495076,1.377496,-0.972227418,1.245428779,-0.171428181,-1.285218374,1.333982631,1.186647786,60.86999893,0,0,0,0,0,0,0,1,0,0,0,0,0,0,0,0,0,0,0,0,0,0,0,0,0,0,0,0,0,0,0,1.178250418
-0.085828696,0.442537961,-0.023557447,0.942040447,1.100790843,1.468802917,-1.979742275,-0.099993163,-0.552859498,0.584451264,-0.0818195,1.286667668,-1.14389756,-2.158136457,-1.378414878,1.618466991,0.569885623,0.884847343,1.023954463,-1.770079933,-0.696910699,-0.108411709,-0.115093023,0.413006015,-0.30872062,0.661287644,-1.890879836,0.007444113,-0.860338065,0.071452086,-1.048486853,-0.997307288,0.754292834,0.236081957,0.627479392,-0.4788293,1.656818659,0.729170748,-0.603771954,57.31100082,0,0,0,0,0,0,0,0,1,0,0,0,0,0,0,0,0,0,0,0,0,0,0,0,0,0,0,0,0,0,0,0.933488345
-0.651134383,-0.525665587,0.176545223,-0.989879204,-0.36191399,0.143463364,0.60986037,-1.009335536,-0.933593666,-0.456892749,0.218022999,-0.480825525,1.669942599,-0.170340593,-0.707135146,2.640349915,-1.020490061,-0.121162858,-0.653877559,-0.087457978,-0.572987729,-0.49265831,1.824121832,-0.853645619,1.542764948,-0.106730392,-0.295756117,0.384521991,-0.385641382,1.664630583,3.014710809,1.1233103,-0.9763766,-0.002220734,-0.770580613,-0.29461648,-0.072621623,-0.875316525,-0.622258439,246.1005572,0,0,0,0,0,0,0,0,0,0,1,0,0,0,0,0,0,0,0,0,0,0,0,0,0,0,0,0,0,0,0,0.017344278
-1.164765667,0.770754394,-1.110470542,-0.252778467,-0.991509737,-0.73388978,-0.961018825,0.023304361,-0.275687934,0.458753259,2.214252945,-0.763581651,-0.826340488,-0.64769814,-0.285421951,-0.785551256,-0.880709953,0.176614545,1.49369827,-0.200595641,-1.305121801,0.257696348,0.680368485,-0.338936087,0.240033448,-0.495722698,-0.439139679,2.087694411,-0.086264885,2.628923371,0.608613181,-0.498053547,-0.288197894,-0.737728691,-1.122121916,0.502321988,1.342460836,0.30346553,2.090271942,37.65156846,0,0,0,0,0,0,0,0,0,0,0,0,0,0,0,0,1,0,0,0,0,0,0,0,0,0,0,0,0,0,0,-0.715845575
-0.105513342,0.421554561,0.457296918,-0.197023122,0.8405227,-0.53636258,0.38628,1.681756542,-0.253489325,0.322375385,-3.83625968,-0.021895242,-0.207998086,-0.380934666,-0.549392483,-0.265475727,-0.617139898,-0.354882063,0.311052198,0.065831842,-0.488322653,0.998060184,0.058917439,0.378853108,0.273607009,-0.096527946,-0.559600334,0.138869108,0.117680346,0.849537994,1.625039627,-0.282353592,0.94179017,0.296841753,-0.045251394,0.437235558,-0.096015947,0.894325137,-3.450646191,2.858852183,0,0,0,0,0,0,0,0,0,0,0,0,0,0,0,0,0,0,0,0,0,0,0,0,0,0,1,0,0,0,0,0.564561328
-0.300629581,-0.270613071,0.55951184,-0.093109104,-0.267884068,-0.463865502,-0.362224216,-0.216183767,0.064474468,1.168541956,-0.65521837,-0.165788669,0.125916444,-0.398053553,-0.306303493,2.01682838,-0.191398011,-0.204732264,-0.332840924,-0.433121085,-0.435881488,-0.313119203,-0.296954161,-0.319527341,-0.384051225,-0.045136161,-0.44243983,-0.455369267,-3.78E-05,-0.409949456,-0.429904944,-0.305530292,1.406229647,-0.446342276,5.2364646,-0.418129496,-0.349083097,-0.104954694,-1.032384997,33131610622,0,0,0,0,0,0,0,0,0,0,0,0,0,0,0,0,0,0,0,0,0,0,0,0,0,0,0,1,0,0,0,0.249348605
-0.308986377,-0.366751266,0.027490311,-0.014690116,-0.394042009,-0.452632135,-0.378370954,-0.409852,0.245433301,0.534238961,-0.443121303,-0.207755867,0.219379115,-0.350011224,0.063571388,3.161554936,0.830816196,-0.032916837,-0.38557416,-0.447960682,-0.395631808,-0.420882788,-0.332718156,-0.380371022,-0.42451177,-0.080640071,-0.379811419,-0.468129522,-0.115772197,-0.454679516,-0.469508499,-0.204870048,0.403738598,-0.454094135,4.972805222,-0.45405641,-0.356936505,-0.329158407,-0.344441667,1.22811E+12,0,0,0,0,0,0,0,0,0,0,0,0,0,0,0,0,0,1,0,0,0,0,0,0,0,0,0,0,0,0,0,-0.072542465
-0.300525858,-0.364792416,0.102582997,-0.015021872,-0.394709448,-0.453644397,-0.416328719,-0.410674982,0.253518425,0.564591092,-0.442624299,-0.194916525,0.269508417,-0.345098307,0.073706686,3.011715504,0.916628244,-0.022222845,-0.392657266,-0.449600279,-0.386952666,-0.420410067,-0.334305515,-0.389997461,-0.423592946,-0.036333454,-0.374959668,-0.469459749,-0.110419258,-0.456098998,-0.470711776,-0.239382215,0.278572341,-0.465629257,5.046432126,-0.451431462,-0.353692974,-0.329657185,-0.340517643,1.15891E+12,0,0,0,0,0,0,0,0,0,0,0,0,1,0,0,0,0,0,0,0,0,0,0,0,0,0,0,0,0,0,0,-0.106651573
-0.364965157,1.408475827,-0.651750122,1.354957246,-0.774336139,-0.789327761,-0.92898002,1.40242602,0.983810657,1.260598868,-0.363097665,-0.924827633,-1.025338841,-0.823543662,0.622824995,-0.619162075,0.881271068,0.570392373,-0.542888229,-0.944808913,-1.048730209,0.018216986,-0.364697593,-0.941747038,-0.560243334,-0.595657357,-0.776993317,0.136996405,0.398680102,-0.165908462,-0.792309773,-0.471310665,1.476605142,-0.961133012,2.131910295,-1.000106939,-0.784492251,1.816767374,1.215052567,9997.686914,0,0,0,0,0,0,0,0,0,0,0,0,0,0,0,0,0,0,1,0,0,0,0,0,0,0,0,0,0,0,0,2.10367197
0.161540249,0.617565801,0.78870308,0.926456106,-0.554987302,-0.633703072,-1.773286765,1.456684522,1.674639783,0.70691473,0.796568746,-2.020499245,-1.60155432,-0.254339728,0.449854982,-0.187540289,0.59785581,-0.418022195,-1.238900223,0.234072029,-1.604978426,0.031234641,0.160796642,-1.460050886,-0.334015369,0.293820073,0.553148475,0.353832026,0.407454769,0.466892063,-0.234446768,-0.682298818,0.393736286,-1.136375551,-0.779394608,0.921401214,-0.194272001,2.279768421,1.519047768,11.6165964,0,0,0,0,0,0,0,0,0,0,0,1,0,0,0,0,0,0,0,0,0,0,0,0,0,0,0,0,0,0,0,0.702122875
-1.30939639,0.235657615,-1.419478817,0.065535497,-0.112129526,0.559831367,-1.371603581,0.184641537,0.028947788,-0.351434058,-0.034530888,1.792711692,1.065871745,-0.060482206,-0.886270642,3.563000219,0.487281574,1.674256512,0.497436641,1.05814364,-1.407816637,-1.013432246,-0.870014597,0.603270613,0.089203002,-0.064800297,-1.083723518,-0.733049402,-0.670897158,-0.224919541,-0.839550685,1.372338591,-0.768920044,0.367509387,-0.30824271,-1.197328716,0.140728808,0.510847691,0.171777896,22.09216898,0,0,0,0,0,0,0,0,0,0,0,0,0,0,0,0,0,0,0,0,0,0,0,0,1,0,0,0,0,0,0,0.303750388
-0.335848009,-0.334838036,-0.131898026,-0.057595774,-0.365850053,-0.407329895,-0.398840992,-0.373952879,0.153031395,0.323517388,-0.402101136,-0.105550675,0.317253139,-0.326297314,-0.089153514,4.74757362,0.805862741,0.080551392,-0.353553768,-0.400436614,-0.384097768,-0.396615056,-0.341286425,-0.349277402,-0.385740252,-0.086030985,-0.37107536,-0.425020939,-0.187563478,-0.413674075,-0.426092545,-0.176093153,0.055029988,-0.418771107,3.609796542,-0.416190755,-0.327936482,-0.297232555,-0.31629351,2.56029E+11,0,0,0,0,0,0,0,0,0,0,0,0,0,0,0,0,0,0,0,0,0,0,0,0,0,1,0,0,0,0,0,-0.113839358
-0.544520521,-0.676049205,-0.529837799,-1.035526038,0.226235135,1.027072664,0.361670908,-0.895515611,-1.024342388,-0.727570968,-0.150525745,-0.00149861,2.968353654,-0.023497682,-0.986127119,2.656628454,-1.059540806,-0.359117943,-0.704719983,0.14768323,0.991183652,-0.940732304,0.675010324,-0.491894103,1.677721448,0.99026548,-0.105056129,-0.027051284,-0.776697446,1.6166907,1.337552497,0.449949745,-1.015998088,0.497726333,-0.977616508,-0.027501394,-0.014406605,-0.856858583,-0.747063436,240.8163024,0,0,0,0,0,0,0,0,0,0,0,0,0,1,0,0,0,0,0,0,0,0,0,0,0,0,0,0,0,0,0,-0.233617634
-0.789964881,-0.201773705,-1.372302309,-0.426058015,0.025577558,0.950662992,1.149523865,-0.365632968,-1.525817991,0.130497361,-0.241019497,2.061590799,-0.025441857,1.551168842,-0.86802613,2.138165335,0.36062172,1.314090409,1.856690903,-0.20281291,-1.386752934,-1.221798467,0.357377082,0.562229045,0.397539586,0.65082794,-0.493671766,0.273130767,-1.071357176,0.334955018,-0.093152265,0.401019402,-1.447852144,-0.50178586,-1.332289243,-0.54581158,1.354999471,-0.733856138,-1.202661192,30.94623498,0,0,0,0,0,0,0,0,0,0,0,0,0,0,0,0,0,0,0,0,1,0,0,0,0,0,0,0,0,0,0,-0.515885954
-0.326330723,-0.358483743,-0.115098625,-0.054174044,-0.378616842,-0.434253308,-0.335483878,-0.403295711,-0.002820902,0.574087158,-0.430902258,-0.071210231,0.230175612,-0.299876928,-0.036852658,4.925276376,0.952255203,0.104646727,-0.332841754,-0.435714456,-0.406679346,-0.423891817,-0.304279311,-0.352398183,-0.404079363,-0.020217099,-0.380872876,-0.453151105,-0.192588212,-0.438372521,-0.455899575,-0.174929593,0.100541522,-0.44437795,3.267509264,-0.445398303,-0.306144832,-0.343766298,-0.370470996,3.51622E+11,0,0,0,0,0,0,0,0,0,0,0,0,0,0,0,0,0,0,0,1,0,0,0,0,0,0,0,0,0,0,0,-0.127518765
0.012085044,0.385359663,0.561929317,1.088541083,1.573333037,1.458717917,-2.125338698,0.022926998,-0.478903072,0.383810475,-0.381324888,1.243426828,-1.571622045,-2.322043073,-1.381886653,1.706534872,0.273841738,0.735401185,0.877896377,-2.049444423,-1.145376056,0.035317551,-0.354994595,0.063197032,-0.587323212,0.62388326,-0.522270892,-0.046771705,-0.096335095,0.188654697,-0.737561982,-0.920327207,0.647116358,0.16154981,0.496412595,-0.37559431,1.358041947,0.865505234,-0.757697294,59.34000015,0,0,1,0,0,0,0,0,0,0,0,0,0,0,0,0,0,0,0,0,0,0,0,0,0,0,0,0,0,0,0,0.99715788
-0.049433998,0.883351845,0.173973969,1.128639974,0.604667679,0.381259712,-2.222479537,0.919051056,0.338650976,1.082576476,0.279920015,0.036935061,-1.858577899,-2.42055258,-0.364968963,0.859168508,1.048028852,0.020812837,-0.07592051,-2.313454946,-1.614441357,0.719826425,0.13712317,-0.781843623,-0.145015758,0.632305778,-0.985674604,0.642670066,0.633457366,0.407746224,-0.280903078,-1.279329406,1.007723291,-0.391455474,0.42732321,-0.250961804,0.630002603,1.621519407,-0.069010985,64.04,0,0,0,1,0,0,0,0,0,0,0,0,0,0,0,0,0,0,0,0,0,0,0,0,0,0,0,0,0,0,0,1.019239165
-0.568107001,0.237700252,-0.993108664,-1.201605546,-0.854751348,-0.260317159,0.157431888,-0.09240388,-1.110779066,0.951032508,0.696906577,0.904722089,-0.129150867,-0.38367613,-0.150136501,2.503032784,0.960202848,2.269172184,1.243757986,-0.216794325,-0.876919721,-0.667167615,0.287621822,0.772050156,0.834883671,-0.673146683,-0.632945716,0.98778228,-0.871159219,0.460294423,-0.115386332,0.388328606,-1.34426718,-0.370931443,-0.885060481,-0.739997377,2.283034705,-0.525809098,-0.649752784,17.44124895,0,0,0,0,0,0,0,0,0,0,0,0,0,0,0,0,0,0,0,0,0,0,0,0,0,0,0,0,1,0,0,-1.982631286
-0.312153499,-0.331638525,-0.093129074,-0.19031854,-0.386452105,-0.419001472,-0.3814307,-0.381275636,-0.027067025,0.746353738,-0.399427108,-0.119182303,0.186466304,-0.336938819,0.019585242,5.024439716,1.149375819,0.248668455,-0.332530132,-0.415362924,-0.382117786,-0.39950804,-0.301004936,-0.341471521,-0.376891773,-0.136437455,-0.367263871,-0.426880262,-0.207634795,-0.415547917,-0.432143252,-0.203923753,-0.062165246,-0.429122618,3.022021338,-0.421457116,-0.247892248,-0.331163462,-0.34394447,2.02129E+11,0,0,0,0,0,0,0,0,0,0,0,0,0,0,0,0,0,0,0,0,0,0,0,0,0,0,0,0,0,1,0,-0.321110385
-0.833098679,0.590889788,-0.296388825,-0.161478879,-1.207055274,-1.802912282,-1.387300776,0.611997052,0.924423048,1.834837821,1.474993198,-0.118623053,0.202418952,0.454269904,0.460493901,0.201763578,1.373122816,2.118600932,0.400291249,-2.190750364,-1.102609842,-0.947039049,-0.277107069,0.712205285,0.601479962,-0.926050686,-1.117131311,-0.065781197,0.157702094,0.76112511,-1.013304731,-0.407391554,0.717823708,-1.454052224,0.73344256,-0.886634961,0.194357357,1.100618588,0.850439991,44.44123127,0,0,0,0,1,0,0,0,0,0,0,0,0,0,0,0,0,0,0,0,0,0,0,0,0,0,0,0,0,0,0,-0.716000555
-0.157795099,0.486312163,0.582154075,1.048951682,-0.12586854,-0.913815859,-0.665498046,0.140504507,1.440465743,0.391674154,-0.338634513,-1.854957149,-1.35370752,-0.984053613,0.964239593,-0.73421253,1.347848443,-0.466952457,-0.833394979,-0.683057088,-0.664462504,0.832193447,-0.336127487,0.131396817,-0.212162107,-0.320540315,0.704691902,-0.237877594,1.135586146,0.019254283,-0.950900449,-0.628975338,1.517310381,-2.694146645,2.274174157,-0.947474157,-0.253565172,0.798407104,1.320037719,60.14659186,0,0,0,0,0,0,0,0,0,0,0,0,0,0,0,0,0,0,0,0,0,1,0,0,0,0,0,0,0,0,0,1.035226183
-0.300549429,-0.338217425,0.01239942,0.0071373,-0.368873631,-0.418583082,-0.362324895,-0.378542036,0.286806939,0.447423226,-0.409794251,-0.269599183,0.034059936,-0.341549585,0.074712807,2.245981016,0.852656042,-0.088159887,-0.367584871,-0.414548706,-0.375275315,-0.383617331,-0.320640206,-0.354567563,-0.39628021,-0.122324635,-0.346346823,-0.428958958,-0.088318868,-0.417484277,-0.430930256,-0.229601887,0.456408681,-0.424195924,5.493935883,-0.419661435,-0.340037367,-0.298561105,-0.304670939,7.62931E+11,0,0,0,0,0,0,0,0,0,0,0,0,0,0,0,0,0,0,0,0,0,0,1,0,0,0,0,0,0,0,0,-0.043786903
-1.178548175,0.735872862,-1.20185955,-0.221654018,-0.938352421,-0.766766596,-0.701748256,0.017550567,-0.273071398,0.31040246,2.184974051,-0.840465278,-0.80712784,-0.710928199,-0.377810845,-0.881880711,-0.959015899,0.06725101,1.414070968,-0.003595497,-1.174163226,0.243149221,0.64795954,-0.147929267,0.30845446,-0.659692529,-0.499629367,1.993792674,-0.184254553,2.73372222,0.798098126,-0.446120324,-0.276971905,-0.637864917,-1.130727818,0.714147954,1.11930349,0.255061502,2.187313218,77.1157445,0,0,0,0,0,0,0,0,0,0,0,0,0,0,0,0,0,0,0,0,0,0,0,1,0,0,0,0,0,0,0,-0.778072399
0.214204225,-0.38959171,1.161210209,-0.211630795,0.324370381,-0.741276331,0.932403375,0.275643093,0.438773798,-0.760343551,-0.673481723,-0.732801961,-0.419675616,1.036213842,0.820118588,-0.614161384,-0.961608846,-0.78152935,-0.832375319,0.403181574,-0.725175114,0.324370381,-0.518825237,-1.014573394,-0.510350918,-0.451030579,4.173833993,-0.165022036,2.093386184,0.167595365,1.301036585,0.73749382,-0.637465814,-0.326034212,-0.631110024,0.457841068,-1.378969482,-0.131124757,-0.052737149,3.420000076,0,0,0,0,0,0,0,0,0,1,0,0,0,0,0,0,0,0,0,0,0,0,0,0,0,0,0,0,0,0,0,-0.37052444
-0.213493601,-0.802258856,-0.23379366,-0.703887783,0.078157596,0.548779113,0.942017338,-0.585212494,-0.712702988,-0.878550618,-0.395186517,1.215640082,1.772586099,0.940980848,-0.661461326,0.219385974,-0.817152313,-0.695850705,0.300439161,0.955934368,2.743633931,-0.645717873,-0.580385555,0.669887117,-0.208883295,-0.41110805,-0.606050917,-0.60963021,-0.521358,-0.626965615,0.098387515,0.000451461,-0.899659577,3.626545246,-0.841432204,0.754452455,0.419622349,-0.756954434,-0.893419497,3.383800383,0,0,0,0,0,0,0,0,0,0,0,0,0,0,1,0,0,0,0,0,0,0,0,0,0,0,0,0,0,0,0,-0.572870273
-0.238338912,-0.363116842,0.114404826,-0.208356242,-0.276764081,-0.332124857,-0.147225481,-0.35895949,-0.162552759,-0.274365124,-0.360358658,0.377077604,1.953510495,-0.132774919,-0.171118489,5.720219302,-0.155981054,-0.223133055,-0.240174291,-0.312962584,0.014855727,-0.366679718,-0.326205272,-0.182847004,-0.330135566,-0.062616668,-0.339325309,-0.38536599,-0.181013721,-0.378000706,-0.374135815,-0.024077789,-0.301346217,-0.230656153,0.815464286,-0.318456889,-0.159373382,-0.350808495,-0.374745022,41070154123,0,0,0,0,0,0,0,0,0,0,0,0,0,0,0,1,0,0,0,0,0,0,0,0,0,0,0,0,0,0,0,-0.203507264
-0.534455755,0.294446331,-1.036106779,2.530598758,-1.159529565,-0.958915787,-0.950854623,0.543743967,-0.377916669,0.662818722,-0.332104368,-1.011037377,-1.108027924,0.376362923,-0.166617155,0.387454348,0.732518122,1.631326248,0.402249937,-1.103551093,-1.354439629,-0.314552231,0.578129835,-1.243155009,-0.564573965,1.440023106,0.41048076,0.202893532,-0.136241624,0.012370427,0.156182948,-0.272903437,-0.153260058,-0.682276565,2.418225205,-0.486146258,-0.629455575,-0.649126191,0.573593969,3.649350191,0,1,0,0,0,0,0,0,0,0,0,0,0,0,0,0,0,0,0,0,0,0,0,0,0,0,0,0,0,0,0,2.491981647
-1.051551759,-0.750749299,-0.284044639,-0.935085069,0.340183201,1.355705766,0.754938739,-0.749073521,-0.850458196,-0.955194426,-0.653554089,1.42273689,2.570646205,0.422296527,-0.744884076,1.124448149,-0.7675071,-0.640985734,-0.16925374,1.801463299,2.075452998,-0.553845193,-0.253880634,0.975303859,0.809401547,-0.567251417,-0.627579509,-0.600767019,-0.708016937,-0.868053885,0.274827895,0.484300357,-0.970276439,1.173045754,-0.945139748,0.148306509,1.633047261,-0.914975712,-0.976979562,12.81000042,0,0,0,0,0,1,0,0,0,0,0,0,0,0,0,0,0,0,0,0,0,0,0,0,0,0,0,0,0,0,0,-0.840403527
-0.582703278,0.201221791,-0.977997014,-1.102358922,-1.009087385,-1.33331675,0.518789176,-0.48721094,-0.953568623,0.623164295,1.751305093,-0.498314523,0.092405068,1.666917185,0.347791288,0.84079774,-0.023074058,0.14792383,0.572087136,-0.367290635,0.10128785,0.070197479,1.618060404,-1.215617246,1.22054629,0.505464368,-0.311771873,1.957834955,-0.933581835,2.661813294,0.525451156,0.472153196,-1.422147108,-0.416146992,-1.035736153,0.016899519,-0.38283582,-1.411043101,-0.771467152,26.12999916,0,0,0,0,0,0,1,0,0,0,0,0,0,0,0,0,0,0,0,0,0,0,0,0,0,0,0,0,0,0,0,-1.031294974
1.182668375,0.627702351,0.607436557,1.256716215,0.037660548,-0.792450539,-0.884425332,0.867771636,1.126548081,0.669792571,-0.006767918,-1.148657885,-2.423833696,-0.977959055,0.570802443,-1.341181438,0.72201539,0.544301524,-0.043402032,-1.546176134,-1.96551881,0.490519477,-0.331017941,-0.481451274,-1.181394822,0.350218744,0.69317563,-0.128361788,0.985468329,-0.126802858,-0.440140667,-0.616295603,1.401693442,-0.945222416,1.242686142,-0.144730108,-1.384050974,1.346352167,1.178771496,61.06000137,0,0,0,0,0,0,0,1,0,0,0,0,0,0,0,0,0,0,0,0,0,0,0,0,0,0,0,0,0,0,0,1.144475629
-0.097984303,0.475236431,-0.035169112,0.903314043,0.97855839,1.265502696,-2.104323149,0.03031861,-0.566022935,0.584160178,-0.028486764,1.314417869,-1.258324768,-2.161792257,-1.365243862,1.549239658,0.693083925,0.815506453,1.042976997,-1.816844031,-0.792290789,0.018691417,-0.089163216,0.369118791,-0.28896883,0.664617032,-1.940869975,0.12921909,-0.768634656,0.139242867,-0.973652267,-0.997976787,0.764318966,0.163165641,0.629600857,-0.465117801,1.662573948,0.729302791,-0.517508489,57.59700012,0,0,0,0,0,0,0,0,1,0,0,0,0,0,0,0,0,0,0,0,0,0,0,0,0,0,0,0,0,0,0,0.977489275
-0.686584245,-0.519659523,0.16570775,-0.992380078,-0.320421847,0.186698292,0.54794828,-0.98373003,-0.927418866,-0.477463006,0.200929432,-0.512047576,1.584915706,-0.151303456,-0.712495905,2.573691418,-1.030575579,-0.188680214,-0.612379001,-0.044153905,-0.580117893,-0.48694338,1.857638743,-0.910950166,1.579440512,0.116825504,-0.349723058,0.464338986,-0.400111924,1.68419565,3.077755756,1.036121021,-0.958638379,-0.032543215,-0.779420199,-0.300594796,-0.121672985,-0.872780909,-0.623098614,270.9133397,0,0,0,0,0,0,0,0,0,0,1,0,0,0,0,0,0,0,0,0,0,0,0,0,0,0,0,0,0,0,0,0.030921406
-1.109010446,0.813331529,-1.099718017,-0.272914,-1.04045676,-0.726280849,-0.899310861,0.017066745,-0.299459322,0.43128784,2.139091849,-0.801343168,-0.85171082,-0.369553745,-0.316333212,-0.889933419,-0.92676721,0.169095129,1.426819884,-0.200367095,-1.383354062,0.250271877,0.686152153,-0.369748032,0.161057077,-0.342587184,-0.49396486,2.187674884,-0.138673709,2.705127226,0.577749518,-0.325736335,-0.321892704,-0.522113983,-1.206271791,0.334123632,1.25265899,0.355107501,2.107406286,39.25755173,0,0,0,0,0,0,0,0,0,0,0,0,0,0,0,0,1,0,0,0,0,0,0,0,0,0,0,0,0,0,0,-0.760546582
0.218911316,-0.988004631,0.480268946,0.252454235,0.381583311,0.085566865,0.3645026,-0.640545329,0.295982435,0.497421093,-5.776139144,0.159661886,0.123385561,0.003996248,0.202297555,0.14260787,-0.02624247,0.002700976,0.230532944,0.296945832,-0.028260188,0.361348079,0.326683191,0.308981207,0.330197547,-0.022265746,0.097860783,0.304832495,0.486813882,0.20306669,1.041722189,0.130204836,-0.220678737,0.070779661,0.0507818,0.441086726,0.27126722,-0.132264373,-1.182093893,3.095515957,0,0,0,0,0,0,0,0,0,0,0,0,0,0,0,0,0,0,0,0,0,0,0,0,0,0,1,0,0,0,0,0.510884445
-0.253877787,-0.943560314,0.882623744,0.274417941,-0.261028639,-0.430527271,-0.315033157,-0.635103084,0.871170367,2.399859461,-1.555190018,-0.130846679,0.2661,-0.413695022,0.302570572,3.571435803,-0.021730043,-0.245910158,-0.312242089,-0.39365944,-0.424573261,-0.320082532,-0.15283964,-0.284120848,-0.328677819,-0.304025782,-0.359022252,-0.427974633,0.548467771,-0.415784279,-0.384636867,-0.24039578,-0.882835162,-0.443598437,3.218234263,-0.369190025,-0.228742236,-0.47769463,-1.16583951,37839840989,0,0,0,0,0,0,0,0,0,0,0,0,0,0,0,0,0,0,0,0,0,0,0,0,0,0,0,1,0,0,0,0.594622347
-0.316897973,-0.365436264,0.019823536,-0.017010796,-0.392205798,-0.450361231,-0.374016456,-0.408785433,0.233762238,0.508097881,-0.439588995,-0.201556215,0.239172533,-0.354865248,0.050649318,3.262141262,0.791148915,-0.034466619,-0.381748027,-0.445235811,-0.390808908,-0.418518514,-0.326867854,-0.375042466,-0.420363531,-0.082090466,-0.379186834,-0.465050608,-0.118670595,-0.451646991,-0.466431344,-0.204477122,0.387506628,-0.450711206,4.922309642,-0.451166927,-0.3536121,-0.329097109,-0.344291286,1.25507E+12,0,0,0,0,0,0,0,0,0,0,0,0,0,0,0,0,0,1,0,0,0,0,0,0,0,0,0,0,0,0,0,-0.073784847
-0.337829949,-0.356284037,0.030077335,-0.020562857,-0.388206842,-0.448101591,-0.410534347,-0.403664464,0.26105808,0.573826391,-0.434094215,-0.201079319,0.237794523,-0.388871812,0.076321963,3.195553583,0.854856495,-0.020690656,-0.381707375,-0.442874411,-0.382411245,-0.412489966,-0.320926042,-0.384865356,-0.412224641,-0.038533577,-0.369717631,-0.46220979,-0.100804366,-0.448477943,-0.463144599,-0.270795506,0.284101788,-0.462618029,4.949887982,-0.44193626,-0.342604147,-0.329733655,-0.332946288,1.22241E+12,0,0,0,0,0,0,0,0,0,0,0,0,1,0,0,0,0,0,0,0,0,0,0,0,0,0,0,0,0,0,0,-0.099063893
-0.407927331,1.419376659,-0.659582603,1.350974657,-0.783052304,-0.802100762,-0.931558243,1.390254935,0.982863218,1.241016352,-0.337596611,-0.925671422,-1.027967855,-0.844405286,0.614285596,-0.600680872,0.864405258,0.584437515,-0.536623897,-0.950280879,-1.052887918,0.031753861,-0.335884687,-0.942380267,-0.536590098,-0.594006887,-0.786909611,0.165883409,0.401217776,-0.14735284,-0.786327426,-0.472429865,1.466457394,-0.964042766,2.16318519,-1.003317287,-0.782196368,1.796920403,1.210804425,10120.36354,0,0,0,0,0,0,0,0,0,0,0,0,0,0,0,0,0,0,1,0,0,0,0,0,0,0,0,0,0,0,0,2.100908373
-0.312546419,0.586207184,0.727520648,0.927507536,-0.410098397,-0.589408155,-2.207903799,1.492005707,1.586151937,0.724405797,0.675549843,-2.037654271,-1.579416779,-0.312084423,0.469608419,-0.126729699,0.646274032,-0.249829428,-1.28793344,0.244530127,-1.536082981,-0.014504049,0.156780139,-1.2692866,-0.094998821,0.171958407,0.604410536,0.308393729,0.427277051,0.41062536,-0.125757447,-0.597476143,0.363764035,-0.908241707,-0.781106173,0.95045187,-0.218744545,2.295075775,1.55306073,11.57032778,0,0,0,0,0,0,0,0,0,0,0,1,0,0,0,0,0,0,0,0,0,0,0,0,0,0,0,0,0,0,0,0.727674516
-1.374052859,0.223323698,-1.401892465,-0.062124824,-0.294547141,0.492072026,-1.193535484,0.219689862,0.00613465,-0.323926819,0.338184416,1.703171692,1.192855855,-0.143574523,-0.905340227,3.609482547,0.426622608,1.357671294,0.242353289,0.903059824,-1.354683427,-0.963789115,-0.744746104,0.79915609,-0.266053904,-0.398109337,-1.248791183,-0.636782756,-0.617977049,-0.353056056,-0.508921903,1.228903891,-0.893203908,1.565708237,-0.350489042,-0.941259198,-0.013084256,0.419202726,0.137990997,22.01557247,0,0,0,0,0,0,0,0,0,0,0,0,0,0,0,0,0,0,0,0,0,0,0,0,1,0,0,0,0,0,0,0.27663406
-0.347796501,-0.321290407,-0.160258118,-0.071529112,-0.355945663,-0.394845035,-0.383144499,-0.360036154,0.152835801,0.330468613,-0.38392407,-0.118036747,0.293868509,-0.353940628,-0.0850765,4.913006799,0.718655073,0.049829507,-0.341715274,-0.387716696,-0.370500144,-0.381460667,-0.320681826,-0.334727669,-0.372883191,-0.112859983,-0.361769633,-0.410112099,-0.171957962,-0.399620121,-0.410403548,-0.212646849,0.042341649,-0.404630294,3.427970212,-0.398803448,-0.316059503,-0.294210345,-0.30452955,2.6912E+11,0,0,0,0,0,0,0,0,0,0,0,0,0,0,0,0,0,0,0,0,0,0,0,0,0,1,0,0,0,0,0,-0.10743986
-0.715610898,-0.676590028,-0.414400028,-1.05079053,0.188186451,1.068148193,0.433539251,-0.87052576,-1.012074687,-0.72233349,-0.149891212,0.133324849,2.916424668,-0.249254917,-0.959401684,2.673390978,-1.026073011,-0.355578687,-0.690203519,0.180809521,0.724385617,-0.896956968,0.702615108,-0.410810377,1.661444178,0.732842487,-0.108050597,0.05300443,-0.762715295,1.585836964,1.435139011,0.090250397,-1.043777263,1.161850847,-0.975058048,0.014700394,-0.024349193,-0.84183012,-0.732330419,265.538002,0,0,0,0,0,0,0,0,0,0,0,0,0,1,0,0,0,0,0,0,0,0,0,0,0,0,0,0,0,0,0,-0.377327587
-0.519669002,-0.253398572,-1.323335674,-0.373712883,-0.006174698,0.906891516,1.298295407,-0.47494601,-1.575674444,0.060247073,-0.29900702,2.068946675,-0.084329625,1.61672893,-0.886605685,2.062038541,0.330814393,1.149934167,1.836392477,-0.273621538,-1.349205405,-1.23436692,0.294859802,0.586933606,0.320949001,0.90877887,-0.538742471,0.221426806,-1.142749223,0.383262278,-0.232203706,0.399520523,-1.483176582,0.133619441,-1.342439389,-0.588589154,1.262578731,-0.797308862,-1.293443283,31.14884669,0,0,0,0,0,0,0,0,0,0,0,0,0,0,0,0,0,0,0,0,1,0,0,0,0,0,0,0,0,0,0,-0.451055211
-0.330365249,-0.353567524,-0.122449316,-0.053764836,-0.375872524,-0.429483553,-0.326913012,-0.401092582,-0.009626501,0.541060027,-0.424482295,-0.066603698,0.239715641,-0.3156385,-0.042538793,4.978877553,0.924426127,0.095500898,-0.328192491,-0.42960779,-0.397557192,-0.41747229,-0.296224481,-0.343110007,-0.397683286,-0.022099507,-0.377783101,-0.44664862,-0.197237437,-0.431158067,-0.449507382,-0.180455587,0.090468511,-0.43628392,3.211507302,-0.439221932,-0.302620181,-0.341661549,-0.367981434,3.53162E+11,0,0,0,0,0,0,0,0,0,0,0,0,0,0,0,0,0,0,0,1,0,0,0,0,0,0,0,0,0,0,0,-0.123949325
0.128553688,0.39987644,0.534771496,1.019167352,1.475969855,1.210779415,-2.36240313,0.104027368,-0.48153905,0.386080348,-0.311387444,1.362535841,-1.652671885,-2.258166121,-1.355290174,1.630792729,0.419804258,0.704923101,0.922594124,-2.039727901,-1.19126971,0.053442087,-0.371170314,0.033514269,-0.579644332,0.628278276,-0.552052149,0.007455309,-0.128972971,0.157679096,-0.654755934,-0.858631449,0.662002186,0.118283661,0.491083969,-0.3753092,1.385529523,0.862811254,-0.700743297,59.54999924,0,0,1,0,0,0,0,0,0,0,0,0,0,0,0,0,0,0,0,0,0,0,0,0,0,0,0,0,0,0,0,1.052890093
0.031250336,0.864464822,0.154772699,1.071084048,0.524216858,0.235623701,-2.360591787,0.994724769,0.345670897,1.073329909,0.336687452,0.080659281,-1.884469223,-2.374066953,-0.361775365,0.795966057,1.136214021,-0.006929303,-0.043986012,-2.277494924,-1.628441052,0.725221431,0.166002005,-0.804210011,-0.112484777,0.617420096,-1.007460445,0.697148167,0.575871665,0.396202773,-0.172000098,-1.218571393,0.987987185,-0.413430171,0.416415523,-0.264080405,0.648862152,1.576402806,-0.033879637,64.35,0,0,0,1,0,0,0,0,0,0,0,0,0,0,0,0,0,0,0,0,0,0,0,0,0,0,0,0,0,0,0,1.026166825
-0.331763297,0.234324169,-1.053874544,-1.189310205,-0.92641107,-0.355142212,0.1044344,-0.222558873,-1.167702223,0.89067862,0.576744468,0.854765638,-0.163817173,-0.1147673,-0.137594743,2.485961587,1.009460084,2.240090189,1.195194164,-0.168462699,-0.834219683,-0.699351148,0.218993655,0.698359813,0.666319132,-0.585354868,-0.652406964,0.945763507,-0.951965331,0.653951483,-0.236241341,0.68714086,-1.401410829,0.113743199,-0.886290471,-0.848270424,2.255287308,-0.542097764,-0.717482285,17.54336451,0,0,0,0,0,0,0,0,0,0,0,0,0,0,0,0,0,0,0,0,0,0,0,0,0,0,0,0,1,0,0,-2.025155331
-0.323642093,-0.319650396,-0.139731135,-0.185125834,-0.376101633,-0.408089066,-0.37155113,-0.371838078,-0.029870632,0.714372639,-0.386959927,-0.132256798,0.14814454,-0.357592328,0.021390982,5.127081513,1.062499542,0.230359049,-0.318685306,-0.402456878,-0.37028222,-0.386955205,-0.287942986,-0.334486533,-0.363434282,-0.124443673,-0.357114907,-0.413831585,-0.204449754,-0.400850135,-0.419068541,-0.216690903,-0.064636043,-0.417358665,2.917368135,-0.407950284,-0.235190261,-0.325662487,-0.334632021,2.14452E+11,0,0,0,0,0,0,0,0,0,0,0,0,0,0,0,0,0,0,0,0,0,0,0,0,0,0,0,0,0,1,0,-0.311090572
-0.955670013,0.526907564,-0.445909108,-0.234684616,-1.371812768,-1.790440451,-1.510252308,0.650246285,1.105650454,1.859181546,1.365776292,-0.149018543,0.184556712,0.465670258,0.436743931,0.194742319,1.451558131,2.055053602,0.407753587,-1.250794403,-1.204791731,-1.040644073,-0.43450361,0.676871557,0.650791441,-1.205800063,-1.220372615,-0.146369303,0.09250124,0.865209059,-1.202112584,-0.304393145,0.799736575,-1.30117774,0.725269665,-0.853981426,0.186795777,1.173769325,1.003119476,44.95447508,0,0,0,0,1,0,0,0,0,0,0,0,0,0,0,0,0,0,0,0,0,0,0,0,0,0,0,0,0,0,0,-0.74113471
-0.255879708,0.531396364,0.506407614,1.017441433,-0.100242452,-0.854316497,-0.846440911,0.165646684,1.409329431,0.441519078,-0.31481096,-1.828702401,-1.218890867,-1.199947672,0.953705052,-0.631926045,1.328814272,-0.338137374,-0.665764523,-0.656086213,-0.672887899,0.809918755,-0.251002764,0.158572979,-0.184010903,-0.612656854,0.692944498,-0.233020481,1.139479794,-0.041204797,-0.906123632,-0.486879679,1.509282093,-2.878825227,2.214771205,-0.86699155,-0.172665632,0.818540985,1.352439885,59.92756969,0,0,0,0,0,0,0,0,0,0,0,0,0,0,0,0,0,0,0,0,0,1,0,0,0,0,0,0,0,0,0,0.991472084
-0.305718745,-0.338735931,0.006793848,0.004756439,-0.3681635,-0.418140182,-0.360533596,-0.378801976,0.275778658,0.427998008,-0.408414919,-0.265195463,0.051428003,-0.344322717,0.060875313,2.362678338,0.808234888,-0.086449308,-0.364580712,-0.414099874,-0.373150468,-0.383656299,-0.316429559,-0.35130451,-0.39438709,-0.123872666,-0.347119295,-0.428284617,-0.090712539,-0.417194657,-0.430299178,-0.226417252,0.441205109,-0.423338138,5.456212752,-0.41897565,-0.338201282,-0.299198901,-0.305665631,7.85263E+11,0,0,0,0,0,0,0,0,0,0,0,0,0,0,0,0,0,0,0,0,0,0,1,0,0,0,0,0,0,0,0,-0.04551432
-1.144612264,0.761001671,-1.191198193,-0.263311002,-1.002058356,-0.759355908,-0.712033836,0.026736566,-0.312945268,0.28179531,2.127657612,-0.840553806,-0.827151961,-0.462434844,-0.415050765,-0.976595429,-0.999655108,0.046412247,1.316153537,0.003588953,-1.222072525,0.230152081,0.650530402,-0.122153324,0.231187098,-0.630470248,-0.555224488,2.075322144,-0.23547246,2.783165758,0.799805555,-0.359463294,-0.323766228,-0.137891333,-1.222459696,0.545553204,1.080037414,0.296892994,2.207507616,80.55938423,0,0,0,0,0,0,0,0,0,0,0,0,0,0,0,0,0,0,0,0,0,0,0,1,0,0,0,0,0,0,0,-0.832768483
0.51051706,-0.438925938,1.186207484,-0.226007385,0.486617907,-0.725714174,0.640875231,0.106406315,0.467064336,-0.758303717,-0.686606671,-0.536694619,-0.334639298,1.155790474,0.812513646,-0.562766253,-0.971222271,-0.662707673,-0.775684858,0.520293949,-0.60621908,0.02601862,-0.656189764,-0.984258139,-0.58232003,-0.438925938,4.353914051,-0.382437294,1.820617873,-0.07175006,1.273112932,0.873347666,-0.62360017,-0.224921041,-0.645326532,0.419266237,-1.325362332,-0.110857511,-0.19993575,3.279999971,0,0,0,0,0,0,0,0,0,1,0,0,0,0,0,0,0,0,0,0,0,0,0,0,0,0,0,0,0,0,0,-0.341157154
-0.209418838,-0.362600079,0.102356259,-0.206851647,-0.275376526,-0.33106305,-0.145064801,-0.356341841,-0.172937426,-0.261119123,-0.359908834,0.381469124,2.006213894,-0.115896281,-0.179487587,5.70974842,-0.152425705,-0.220056078,-0.240122774,-0.316420671,0.007637724,-0.364647253,-0.327651089,-0.185032514,-0.331959425,-0.060074847,-0.342216522,-0.383814335,-0.197639223,-0.378778327,-0.372942034,-0.022012476,-0.287453628,-0.22894693,0.767570798,-0.318049879,-0.166661349,-0.348113978,-0.373054084,40962973675,0,0,0,0,0,0,0,0,0,0,0,0,0,0,0,1,0,0,0,0,0,0,0,0,0,0,0,0,0,0,0,-0.22658294
-0.574619108,0.379736565,-1.028510554,2.565075103,-1.145594753,-0.970850207,-0.945155097,0.400919634,-0.381537455,0.545621662,-0.304432451,-0.961749312,-1.102306337,0.375430315,-0.152769315,0.463520932,0.714655173,1.589782655,0.494344087,-1.050474536,-1.350063938,-0.413707751,0.508563167,-1.225445987,-0.553996385,1.589212607,0.453503733,0.169767197,-0.211847463,-0.048801643,0.197655925,-0.302556015,-0.177156667,-0.645821327,2.361705467,-0.52199529,-0.573291073,-0.664757996,0.595030492,3.591708614,0,1,0,0,0,0,0,0,0,0,0,0,0,0,0,0,0,0,0,0,0,0,0,0,0,0,0,0,0,0,0,2.517537862
-1.050175558,-0.741755174,-0.277411175,-0.925950685,0.295736738,1.492579087,0.711247557,-0.731474504,-0.838564913,-0.951652379,-0.650942532,1.386345422,2.594325101,0.432812494,-0.722050537,1.114764138,-0.765743423,-0.614960148,-0.174604399,1.793288975,2.107706258,-0.584118099,-0.271414138,0.90315355,0.764364308,-0.555846238,-0.602965993,-0.68863832,-0.710056402,-0.816290109,0.282029097,0.496209996,-0.965359958,1.147319551,-0.938801532,0.128675635,1.637365366,-0.91052966,-0.976497355,12.47999954,0,0,0,0,0,1,0,0,0,0,0,0,0,0,0,0,0,0,0,0,0,0,0,0,0,0,0,0,0,0,0,-0.835994745
-0.55830014,0.217792038,-0.966189526,-1.129345197,-0.937526799,-1.579126034,0.566151533,-0.602396449,-0.869177899,0.619066851,1.701627073,-0.443650073,0.164876719,1.547290412,0.330237247,0.67198217,-0.03355625,0.045816937,0.581585115,-0.282699261,0.12959942,0.067865092,1.710446503,-1.158007503,1.25625595,0.533079511,-0.454674361,2.144792917,-0.869177899,2.583549888,0.674187027,0.208972608,-1.378488207,-0.298132843,-0.983827966,0.12959942,-0.337819437,-1.312344164,-0.778780844,25.54999924,0,0,0,0,0,0,1,0,0,0,0,0,0,0,0,0,0,0,0,0,0,0,0,0,0,0,0,0,0,0,0,-1.171236648
1.174416945,0.609811191,0.60584105,1.264944394,0.063470023,-0.815599595,-0.863245828,0.894893712,1.090242449,0.659045662,-0.009587413,-1.125299049,-2.464153133,-0.958537688,0.550253627,-1.275384061,0.721779702,0.553430103,-0.046909947,-1.560466279,-1.999603953,0.517695807,-0.365344558,-0.41934344,-1.161033647,0.323140735,0.722573972,-0.13505519,0.971127321,-0.173966265,-0.504312207,-0.535282092,1.391206744,-0.956155482,1.225239351,-0.166025074,-1.396087427,1.31656107,1.185534308,61.97000122,0,0,0,0,0,0,0,1,0,0,0,0,0,0,0,0,0,0,0,0,0,0,0,0,0,0,0,0,0,0,0,1.196651672
-0.082209527,0.484692412,0.022416469,0.936559259,0.772146762,1.159156193,-2.144834917,0.062985826,-0.580650293,0.667654654,0.023217247,1.437001716,-1.250443293,-2.13189011,-1.340790191,1.473567693,0.752262727,0.829130795,1.07588241,-1.835094198,-0.777758255,0.061250892,-0.082209527,0.418500705,-0.265438015,0.592254254,-2.060226844,0.068457385,-0.69662005,0.171481825,-0.803247736,-1.240568219,0.78509157,0.114364923,0.660581539,-0.435855584,1.535355375,0.674727259,-0.466816623,58.00899887,0,0,0,0,0,0,0,0,1,0,0,0,0,0,0,0,0,0,0,0,0,0,0,0,0,0,0,0,0,0,0,1.010758237
-0.603578938,-0.531114181,0.072858245,-0.962331724,-0.371195871,0.258320745,0.661124158,-0.969412444,-0.906847863,-0.505781821,0.199226788,-0.565175264,1.563868758,-0.681104063,-0.702459916,2.558044997,-1.021888201,-0.320968689,-0.623300391,0.002079892,-0.556716412,-0.483361887,1.875181529,-0.858497929,1.450634584,0.034486438,-0.38178871,0.506131477,-0.422311492,1.52697768,3.128227936,1.085885814,-0.947615208,0.444855161,-0.758607385,-0.200474086,-0.143830595,-0.864859383,-0.642689266,276.9185198,0,0,0,0,0,0,0,0,0,0,1,0,0,0,0,0,0,0,0,0,0,0,0,0,0,0,0,0,0,0,0,0.137282208
-0.939166047,0.887042622,-1.122690858,-0.264159459,-1.038451995,-0.691849522,-0.959645923,0.120664958,-0.279436167,0.448374354,2.131876329,-0.906986136,-0.902185337,-0.670827459,-0.27893587,-0.915749056,-0.962312073,0.091469702,1.346608831,-0.158710009,-1.35111247,0.295780132,0.763378264,-0.434344713,0.136088316,-0.431906506,-0.486740533,2.235845309,-0.119424834,2.63174967,0.657934238,-0.234295619,-0.295580411,-0.432487634,-1.231322545,0.185879807,1.068072772,0.503384019,2.173243227,38.82128516,0,0,0,0,0,0,0,0,0,0,0,0,0,0,0,0,1,0,0,0,0,0,0,0,0,0,0,0,0,0,0,-0.638598189
-0.21185236,-0.688361375,0.025291942,-0.072011092,0.093699403,-0.274538554,-0.052033793,0.253164536,-0.160776874,-0.17334346,6.080769045,-0.131466143,-0.179372115,-0.31427976,-0.204817436,-0.230573932,-0.287585079,-0.308701163,-0.102073269,-0.227987062,-0.296589593,0.090553463,-0.067797653,-0.124181784,-0.056182609,-0.168508279,-0.229923201,0.054005841,-0.180625959,-0.13972735,0.518741695,-0.236053257,-0.362958456,0.043988407,-0.213241495,0.03321912,-0.276792204,-0.056985075,-0.974286337,2.338951532,0,0,0,0,0,0,0,0,0,0,0,0,0,0,0,0,0,0,0,0,0,0,0,0,0,0,1,0,0,0,0,-0.069682716
-0.407703222,-0.749239889,0.672441436,0.316104356,-0.280902792,-0.505735078,-0.366917655,-0.252873297,0.40164916,0.715720447,1.179078489,-0.090798052,0.351746048,-0.496519002,0.016165041,2.710852567,0.167761871,-0.356134387,-0.364415811,-0.492842377,-0.483977104,-0.34428795,-0.231567074,-0.372769403,-0.395329689,0.029804884,-0.434187866,-0.485401671,-0.09484884,-0.483185698,-0.448826804,-0.357193365,-0.483930884,-0.482552182,4.914740178,-0.422442334,-0.439815071,-0.252638121,-1.042134313,29681570180,0,0,0,0,0,0,0,0,0,0,0,0,0,0,0,0,0,0,0,0,0,0,0,0,0,0,0,1,0,0,0,0.152916386
-0.32201078,-0.364186294,0.01282021,-0.020313867,-0.389086911,-0.448017846,-0.368527795,-0.4069653,0.226644467,0.489478513,-0.435766417,-0.193822652,0.245135936,-0.358799854,0.039234753,3.359604434,0.750320682,-0.035955957,-0.377496727,-0.442129788,-0.388277348,-0.415651506,-0.32199673,-0.369014024,-0.416825672,-0.083247297,-0.378860497,-0.46178385,-0.120166104,-0.448609294,-0.463062683,-0.208023693,0.376150388,-0.446821669,4.870521725,-0.44795294,-0.351804751,-0.327812744,-0.34247592,1.25257E+12,0,0,0,0,0,0,0,0,0,0,0,0,0,0,0,0,0,1,0,0,0,0,0,0,0,0,0,0,0,0,0,-0.075138559
-0.352631761,-0.353430933,0.010942727,-0.02253458,-0.384422106,-0.439257591,-0.389530358,-0.398346298,0.229159832,0.524849993,-0.425005418,-0.181407198,0.255348557,-0.394461482,0.046146288,3.175224337,0.839856474,-0.045639823,-0.373693404,-0.43394957,-0.384983222,-0.405622276,-0.314808302,-0.37072258,-0.402808507,-0.035006667,-0.367736318,-0.452973103,-0.111213128,-0.439866555,-0.453691664,-0.273010494,0.261853689,-0.45155094,4.986322598,-0.427582824,-0.328063994,-0.330665862,-0.330168177,1.26901E+12,0,0,0,0,0,0,0,0,0,0,0,0,1,0,0,0,0,0,0,0,0,0,0,0,0,0,0,0,0,0,0,-0.111746735
-0.440813282,1.416590215,-0.666564639,1.33240776,-0.786356446,-0.815914665,-0.930612213,1.388606725,0.988787468,1.232525328,-0.311271977,-0.923835617,-1.030613455,-0.862268842,0.621053615,-0.580989854,0.838197675,0.595101792,-0.528490707,-0.953220063,-1.057379726,0.046445167,-0.312883499,-0.94041141,-0.520922736,-0.591775551,-0.798103164,0.183734114,0.400645003,-0.138300593,-0.777377171,-0.483554868,1.462819597,-0.963851514,2.185749902,-1.004128774,-0.783489947,1.79119659,1.222337087,10013.70319,0,0,0,0,0,0,0,0,0,0,0,0,0,0,0,0,0,0,1,0,0,0,0,0,0,0,0,0,0,0,0,2.085684221
-0.193418814,0.571910477,0.704921553,0.920600603,-0.363429446,-0.708138081,-2.421985292,1.518100854,1.46614535,0.771214929,0.726022817,-2.130696856,-1.583915698,-0.48343968,0.358582565,-0.110376149,0.690453462,-0.032386692,-1.408886909,0.247003575,-1.638108001,-0.052835112,0.207181531,-1.20217529,0.085032871,0.227320604,0.626652194,0.286249702,0.420313414,0.603746807,-0.148508841,-0.449335871,0.458663743,-0.251626782,-0.795050402,0.399655239,-0.261753138,2.168935993,1.476938729,11.3934482,0,0,0,0,0,0,0,0,0,0,0,1,0,0,0,0,0,0,0,0,0,0,0,0,0,0,0,0,0,0,0,0.775194216
-1.510269374,0.317034096,-1.293309828,-0.132404195,-0.304476759,0.313051364,-0.862590495,0.131629797,0.07214336,-0.28665414,0.674278423,1.58482827,0.942602944,0.028299192,-0.863855295,3.371449521,0.429525262,1.199215173,-0.020061026,0.705788291,-1.580092378,-0.843903033,-0.705611885,0.699378348,-0.012791328,-0.367028517,-1.302425305,-0.595084214,-0.515452854,-0.266477745,-0.100554478,0.486553773,-0.887115708,2.789557283,-0.353989376,-0.927537528,-0.08305809,0.231159171,0.208988901,20.6080339,0,0,0,0,0,0,0,0,0,0,0,0,0,0,0,0,0,0,0,0,0,0,0,0,1,0,0,0,0,0,0,0.046482617
-0.357892291,-0.316981437,-0.161767325,-0.076578936,-0.353431611,-0.389680053,-0.365722414,-0.357545566,0.142379856,0.307423644,-0.374611866,-0.099198495,0.288559191,-0.355889802,-0.099351045,4.88803944,0.72277077,0.01770214,-0.3403964,-0.382615951,-0.374644534,-0.375337784,-0.315259427,-0.324300473,-0.363001904,-0.106214652,-0.361077326,-0.403791191,-0.170875131,-0.393309433,-0.402974149,-0.242334578,0.029163527,-0.392539019,3.475389148,-0.389506868,-0.306565714,-0.300034673,-0.300225584,2.61518E+11,0,0,0,0,0,0,0,0,0,0,0,0,0,0,0,0,0,0,0,0,0,0,0,0,0,1,0,0,0,0,0,-0.131472654
-0.968234889,-0.676476525,-0.39435334,-0.996283777,0.291613554,1.012605006,0.434785626,-0.875433861,-0.976262148,-0.710406528,-0.103122766,-0.016168295,2.636427681,-0.459059994,-0.950614181,2.541239666,-0.993881881,-0.39795065,-0.704093188,0.21030875,0.323091683,-0.82670165,0.697893264,-0.381821148,1.628927853,0.825304809,-0.164254078,0.180456749,-0.756115266,1.489455075,1.561503037,-0.049630943,-0.943609191,1.997429273,-0.926864754,0.183281705,-0.070827304,-0.855604597,-0.745378206,260.4095921,0,0,0,0,0,0,0,0,0,0,0,0,0,1,0,0,0,0,0,0,0,0,0,0,0,0,0,0,0,0,0,-0.416702986
-0.332210305,-0.347990453,-0.128313539,-0.060391149,-0.369901549,-0.42161587,-0.315515091,-0.393932476,-0.009139977,0.498401901,-0.41527457,-0.057922473,0.213256271,-0.325660776,-0.047669217,5.039341195,0.854725285,0.0872593,-0.32085778,-0.420564274,-0.390783689,-0.409558322,-0.287963885,-0.332331914,-0.391307678,-0.022993183,-0.373113639,-0.437229071,-0.192398857,-0.422160942,-0.440271787,-0.189884171,0.089896254,-0.426248196,3.163776167,-0.43055606,-0.299555772,-0.336886352,-0.35918782,3.46654E+11,0,0,0,0,0,0,0,0,0,0,0,0,0,0,0,0,0,0,0,1,0,0,0,0,0,0,0,0,0,0,0,-0.123790376
0.230921084,0.393169969,0.582713112,1.052779876,1.321173615,1.124048283,-2.510631217,0.09899864,-0.530284248,0.478084927,-0.252793387,1.431866162,-1.6114385,-2.286212205,-1.346078099,1.572886307,0.505379186,0.728282107,0.969228879,-2.021003356,-1.185496856,0.074737141,-0.389264104,0.1020314,-0.549996897,0.522059075,-0.530284248,-0.105707723,-0.128453132,0.139940029,-0.627330245,-0.888141795,0.675210258,0.080651109,0.52145287,-0.371068124,1.242323019,0.858687882,-0.663722783,60.09999847,0,0,1,0,0,0,0,0,0,0,0,0,0,0,0,0,0,0,0,0,0,0,0,0,0,0,0,0,0,0,0,1.089171835
0.02531193,0.86202242,0.199580069,1.105550974,0.415181037,0.20293138,-2.376460507,1.006128766,0.299002277,1.110019388,0.382785036,0.118031517,-1.900574433,-2.361938162,-0.371259798,0.752546281,1.192685044,-0.00373276,-0.056236623,-2.280389609,-1.635820914,0.740258143,0.190643241,-0.764480216,-0.043948485,0.538062417,-1.006891666,0.668763522,0.56152159,0.399541588,-0.172415383,-1.234780772,0.990489318,-0.441637316,0.443108623,-0.279657315,0.56152159,1.562446289,-0.009318278,65.25,0,0,0,1,0,0,0,0,0,0,0,0,0,0,0,0,0,0,0,0,0,0,0,0,0,0,0,0,0,0,0,1.046344491
-1.021972047,0.558064865,-0.406561486,-0.195399715,-1.33219026,-1.968013317,-1.470588699,0.581732046,0.979022225,1.830911003,1.238407977,-0.109759063,0.223717159,0.504747247,0.378018264,0.233899742,1.490342426,2.093658728,0.446847771,-1.211207823,-1.165218809,-1.089171799,-0.4638267,0.715885843,0.622045065,-1.080488406,-1.180795068,-0.116259473,0.074814061,1.005403881,-1.162540458,-0.408388785,0.792022463,-1.277199062,0.699540471,-0.875594367,0.22595556,1.141604344,1.017772094,44.95447508,0,0,0,0,1,0,0,0,0,0,0,0,0,0,0,0,0,0,0,0,0,0,0,0,0,0,0,0,0,0,0,-0.844267279
-0.313253195,-0.339477496,0.000416812,0.002620368,-0.366837421,-0.418352894,-0.358589673,-0.379247968,0.268501697,0.417225483,-0.407400719,-0.259210173,0.067360475,-0.346929146,0.04917642,2.474602764,0.767637503,-0.085027492,-0.361960366,-0.413506607,-0.371522934,-0.383289232,-0.313674134,-0.347362631,-0.392792607,-0.125404652,-0.3484803,-0.427991216,-0.092772116,-0.417031731,-0.429807713,-0.226803695,0.428411825,-0.422503086,5.415141722,-0.418185861,-0.337006236,-0.299399464,-0.306696953,7.89687E+11,0,0,0,0,0,0,0,0,0,0,0,0,0,0,0,0,0,0,0,0,0,0,1,0,0,0,0,0,0,0,0,-0.044328987
-1.080890749,0.823039903,-1.175520269,-0.251525846,-0.956216399,-0.740707188,-0.812466223,0.107553097,-0.283678819,0.311998529,2.161301976,-0.954464565,-0.895396327,-0.622368005,-0.391518162,-0.998427202,-1.016396893,0.010192814,1.206139291,0.016289432,-1.175132731,0.283620165,0.691550733,-0.164761388,0.231461094,-0.660964574,-0.53886841,2.111124521,-0.214549769,2.735496201,0.925973833,-0.320432659,-0.283965212,-0.063172268,-1.237208482,0.383465441,0.86813638,0.406806712,2.247177312,77.89734695,0,0,0,0,0,0,0,0,0,0,0,0,0,0,0,0,0,0,0,0,0,0,0,1,0,0,0,0,0,0,0,-0.747034502
0.676899415,-0.450512461,1.117327607,-0.203956968,0.702187132,-0.593809625,0.255437062,0.013096188,0.375553768,-0.73499948,-0.675994756,-0.633848561,-0.286142099,0.866557394,0.700079772,-0.444190482,-0.890940553,-0.606453484,-0.709711763,0.558889868,-0.650285557,-0.035371987,-0.705497143,-0.924657559,-0.572736478,-0.448405101,4.602821064,-0.4589417,1.574614277,-0.18499113,0.792801603,1.483999807,-0.608560794,-0.163918033,-0.623311962,0.329192853,-1.244968944,0.042598525,-0.267176261,3.480000019,0,0,0,0,0,0,0,0,0,1,0,0,0,0,0,0,0,0,0,0,0,0,0,0,0,0,0,0,0,0,0,-0.309322557
-0.22613457,-0.361507942,0.106388672,-0.204424808,-0.2742849,-0.330145554,-0.142787571,-0.352279713,-0.190659596,-0.252798873,-0.360521728,0.37147179,2.005375349,-0.114023902,-0.193191155,5.6926573,-0.17184084,-0.232532731,-0.24595903,-0.321225835,0.012025265,-0.363589641,-0.317933215,-0.189594082,-0.339694652,-0.067800305,-0.334308303,-0.381101465,-0.193121597,-0.375917525,-0.370452497,-0.01126375,-0.291636771,-0.227227395,0.873850103,-0.32514862,-0.17890004,-0.347931094,-0.369547286,41256061640,0,0,0,0,0,0,0,0,0,0,0,0,0,0,0,1,0,0,0,0,0,0,0,0,0,0,0,0,0,0,0,-0.244424727
-0.418713424,0.600015399,-0.439569326,0.658077676,0.053766779,0.459172374,-1.984591558,0.205552682,-0.346360873,0.82402469,0.20980077,1.496568228,-1.483144797,-2.173841177,-1.131166398,1.542915114,0.954182177,0.964223871,1.177419446,-1.884688316,-0.65958787,0.158047272,0.188687527,0.066640696,-0.072399469,0.718070991,-2.198044474,0.263485797,-0.637186941,0.289362792,-0.48334133,-1.289389259,0.919036002,0.093161534,0.402526454,-0.359621292,1.729074678,0.795573305,-0.258816865,53.04000092,0,0,0,0,0,0,0,0,1,0,0,0,0,0,0,0,0,0,0,0,0,0,0,0,0,0,0,0,0,0,0,1.026920739
-0.659000926,-0.487534516,0.059149231,-0.938713684,-0.536674106,0.18319878,0.575497959,-0.927358729,-0.904417173,-0.482130706,0.250642706,-0.486838017,1.188766796,-0.750852317,-0.667697392,2.80250573,-0.969542874,-0.287706301,-0.534090444,-0.004693954,-0.51365873,-0.472304821,2.0294435,-0.829347836,1.302266757,-0.209371003,-0.334463928,0.600768268,-0.414548752,1.5043033,3.186585842,1.017295962,-0.934853542,0.409709125,-0.764257046,-0.12001695,-0.128828788,-0.781197944,-0.596110486,251.0520623,0,0,0,0,0,0,0,0,0,0,1,0,0,0,0,0,0,0,0,0,0,0,0,0,0,0,0,0,0,0,0,0.107252758
-0.920939566,0.863295312,-0.911550116,-0.270873068,-1.079982054,-0.653469351,-1.099563477,0.063540955,-0.368400071,0.424923656,2.245530403,-0.887267879,-0.813992025,-0.777508474,-0.266805783,-0.820249726,-0.974581809,0.085757468,1.372355625,-0.197865782,-1.293687008,0.120786869,0.933544865,-0.482961388,0.112110379,-0.463604839,-0.360749943,2.195167141,-0.197647176,2.568992941,0.690296403,-0.303003879,-0.277309124,-0.529592389,-1.247627415,0.211261523,0.861263192,0.467445908,2.282138221,39.47714448,0,0,0,0,0,0,0,0,0,0,0,0,0,0,0,0,1,0,0,0,0,0,0,0,0,0,0,0,0,0,0,-0.543854265
-0.155089014,-0.474637554,-0.07336608,-0.132104139,-0.064456255,-0.161782632,-0.132810644,-0.278902175,-0.194483062,-0.01062845,6.212196878,-0.120460878,-0.084935637,-0.194377017,-0.296232748,-0.125660179,-0.155350975,-0.195956434,-0.156374694,-0.158385862,-0.186999041,-0.129038697,-0.056111775,-0.116051402,-0.142790631,-0.189849609,-0.172270491,-0.17176255,-0.071399082,-0.245742125,0.158434942,-0.163224772,-0.159611909,-0.057007509,-0.185677542,-0.215976117,-0.284716083,-0.02966567,-0.425040973,2.877083729,0,0,0,0,0,0,0,0,0,0,0,0,0,0,0,0,0,0,0,0,0,0,0,0,0,0,1,0,0,0,0,-0.144196927
-0.400508053,-0.814724595,0.19657444,-0.006182825,-0.351100196,-0.465860462,-0.380117181,-0.528570977,-0.219873373,2.092585736,2.608875932,-0.139517643,0.676500805,-0.461557786,-0.884723554,4.084756178,0.625080059,-0.327510718,-0.412496771,-0.460172455,-0.448645898,-0.416887442,-0.171789738,-0.362594335,-0.420737833,-0.314618514,-0.42884371,-0.476649896,0.123420333,-0.4917625,-0.422844033,-0.344375631,0.075087237,-0.454582678,2.203347538,-0.480302597,-0.573292723,-0.155002693,-0.803093299,31375040837,0,0,0,0,0,0,0,0,0,0,0,0,0,0,0,0,0,0,0,0,0,0,0,0,0,0,0,1,0,0,0,-0.14808457
-0.326607575,-0.361137793,0.008662342,-0.029822691,-0.385240474,-0.440905251,-0.354413935,-0.398715345,0.188997051,0.47432321,-0.428170064,-0.187273909,0.214930886,-0.344495444,0.0074813,3.503314984,0.718602575,-0.024709088,-0.372833941,-0.435206346,-0.379391249,-0.410997015,-0.31429691,-0.369007795,-0.409350219,-0.080008111,-0.374927254,-0.453283218,-0.147535723,-0.440264964,-0.454098582,-0.19051718,0.300598856,-0.43699928,4.796306575,-0.439727541,-0.349087718,-0.320290704,-0.339106025,1.15251E+12,0,0,0,0,0,0,0,0,0,0,0,0,0,0,0,0,0,1,0,0,0,0,0,0,0,0,0,0,0,0,0,-0.061430868
-0.356628028,-0.34393724,-0.085106358,-0.034822544,-0.386063249,-0.429743163,-0.361809978,-0.385656663,0.218963839,0.538413541,-0.414956383,-0.184689114,0.226289232,-0.39387016,0.029373869,3.296492436,0.832264224,-0.035106213,-0.368940091,-0.424109254,-0.378368401,-0.396604154,-0.301990361,-0.362704357,-0.390900471,-0.074684382,-0.368868126,-0.441386533,-0.128936572,-0.427851562,-0.441476013,-0.271124775,0.235719826,-0.43980609,4.924263901,-0.41510049,-0.327473443,-0.31537335,-0.320952432,1.09052E+12,0,0,0,0,0,0,0,0,0,0,0,0,1,0,0,0,0,0,0,0,0,0,0,0,0,0,0,0,0,0,0,-0.11618107
-0.481020179,1.363532459,-0.661203429,1.294779999,-0.795522358,-0.826175125,-0.912094113,1.455319954,0.918762836,1.259842967,-0.303738359,-0.915307703,-1.029242504,-0.837139356,0.553564258,-0.53748114,0.852386756,0.669509542,-0.536566307,-0.955442203,-1.051458579,0.004950971,-0.28379798,-0.948885273,-0.506432363,-0.574521681,-0.80352856,0.184529301,0.291171429,-0.120862908,-0.756095859,-0.43902412,1.285593474,-0.950942412,2.224956143,-0.997427578,-0.785392468,1.851572049,1.200221752,9147.053505,0,0,0,0,0,0,0,0,0,0,0,0,0,0,0,0,0,0,1,0,0,0,0,0,0,0,0,0,0,0,0,2.205657691
-0.376388104,0.61963265,0.478916124,0.996839788,-0.310721923,-0.5038539,-2.514340554,1.375575613,1.54112462,0.833067215,0.676546113,-2.126919869,-1.521773912,-0.962772133,0.529115795,-0.319484033,0.610697873,-0.102737357,-1.286449015,0.225491724,-1.592805728,0.119340737,0.13903394,-0.764959169,0.046880061,0.369643303,0.553586068,0.514097137,0.849726095,0.591587615,-0.23586049,-0.785886803,0.965784435,-0.545151638,-0.850712743,0.196621434,-0.150095199,1.899586438,1.44718424,12.55931529,0,0,0,0,0,0,0,0,0,0,0,1,0,0,0,0,0,0,0,0,0,0,0,0,0,0,0,0,0,0,0,0.779956149
-1.385984751,0.42444479,-0.959274242,0.136737303,-0.644948863,-0.199770226,-1.445187704,0.266406499,0.082435475,-0.134271198,0.674065946,1.529680382,0.683906428,0.995876796,-0.739333587,3.302572317,0.482824848,1.460458493,-0.248796347,0.624949898,-1.535956088,-0.531454945,-0.678421985,-0.186080522,0.180836461,-0.155927033,-1.427881437,-0.587599579,-0.342104643,-0.481167388,-0.163469344,0.819044343,-0.822012948,2.365087951,-0.183815399,-1.493066059,0.133633158,0.441908269,0.290435727,18.8961059,0,0,0,0,0,0,0,0,0,0,0,0,0,0,0,0,0,0,0,0,0,0,0,0,1,0,0,0,0,0,0,0.033557049
-0.352754951,-0.305906079,-0.193318642,-0.071772182,-0.356165046,-0.380935744,-0.356307836,-0.343052166,0.118352228,0.319756142,-0.363307053,-0.111896666,0.207253572,-0.340585723,-0.108044094,4.93492573,0.693753726,0.040978837,-0.338619085,-0.371740894,-0.365290538,-0.361347251,-0.305113321,-0.333075795,-0.348388799,-0.125426458,-0.359230215,-0.390284551,-0.176772608,-0.38115089,-0.389166476,-0.230215721,0.004248069,-0.380107926,3.438277536,-0.381051317,-0.299669317,-0.281504505,-0.290322676,2.06065E+11,0,0,0,0,0,0,0,0,0,0,0,0,0,0,0,0,0,0,0,0,0,0,0,0,0,1,0,0,0,0,0,-0.142212418
-0.989752565,-0.623260534,-0.387457486,-0.985456574,0.100828038,0.653785558,0.276513731,-0.833229088,-0.969223723,-0.63613969,0.004886183,-0.171353783,1.914435378,-0.41187198,-0.944058908,2.911046422,-0.994651198,-0.346373368,-0.658913388,0.117198425,0.334655071,-0.852026278,0.87300135,-0.589913487,1.794193512,0.931991408,-0.389823897,0.300585856,-0.779108645,1.591675426,1.826704345,0.236068914,-0.914232789,1.994928081,-0.870502196,0.150624101,-0.122127292,-0.792141177,-0.700360012,219.1231246,0,0,0,0,0,0,0,0,0,0,0,0,0,1,0,0,0,0,0,0,0,0,0,0,0,0,0,0,0,0,0,-0.326787016
-0.330094094,-0.339085154,-0.127445268,-0.073580169,-0.368056476,-0.410870981,-0.301735505,-0.381028775,-0.049198961,0.450367909,-0.404434975,-0.057547239,0.201227512,-0.302786834,-0.077538591,5.151411217,0.803801871,0.093244655,-0.315669136,-0.408457331,-0.380732604,-0.398388224,-0.282433317,-0.33475596,-0.380302598,-0.021802053,-0.369427862,-0.4238638,-0.214027984,-0.412117186,-0.426470994,-0.175190433,0.083346826,-0.411853851,3.027370742,-0.417443025,-0.294811991,-0.324312193,-0.349140547,3.14084E+11,0,0,0,0,0,0,0,0,0,0,0,0,0,0,0,0,0,0,0,1,0,0,0,0,0,0,0,0,0,0,0,-0.112814129
-0.160955564,0.529411533,0.022173148,1.001767414,0.80991863,0.430579989,-2.312720847,0.276518921,-0.377513066,0.650043812,-0.033055821,1.487205066,-1.773507942,-2.351235976,-1.252462592,1.61655797,0.70818021,0.825906167,1.132864555,-2.03061533,-1.054072645,0.129725319,-0.150781778,-0.345537992,-0.300482255,0.692192673,-0.955967958,0.093390208,-0.060670859,0.279425796,-0.460357074,-1.13764351,0.824452453,0.073478417,0.545399071,-0.296122219,1.437788739,1.052492195,-0.479250932,55.50999832,0,0,1,0,0,0,0,0,0,0,0,0,0,0,0,0,0,0,0,0,0,0,0,0,0,0,0,0,0,0,0,1.148561571
-0.317840806,-0.338513384,-0.00451477,-0.0051643,-0.36237932,-0.412734819,-0.34745605,-0.373300146,0.237435042,0.41200369,-0.401136374,-0.251950268,0.042747056,-0.336464885,0.024977842,2.59038658,0.739024711,-0.074939216,-0.358223879,-0.408331217,-0.364415444,-0.380338221,-0.306452162,-0.347483821,-0.385289343,-0.121673531,-0.344177448,-0.42143959,-0.120230273,-0.409575041,-0.422986529,-0.214937227,0.340601631,-0.41534373,5.38218187,-0.411483237,-0.335735487,-0.294767493,-0.304933564,7.3095E+11,0,0,0,0,0,0,0,0,0,0,0,0,0,0,0,0,0,0,0,0,0,0,1,0,0,0,0,0,0,0,0,-0.028084086
-1.04998012,0.823909736,-0.97849106,-0.23186503,-0.951353822,-0.751367214,-0.955236608,0.058614458,-0.336762522,0.293217674,2.304328749,-0.976211906,-0.84692706,-0.686187938,-0.378990639,-0.928598966,-1.019493286,-0.010985268,1.26839698,-0.015984984,-1.143763694,0.181839313,0.826602106,-0.301810034,0.230601279,-0.626743347,-0.499055024,2.055569155,-0.248979739,2.651920068,0.944243919,-0.227223375,-0.303239505,-0.198491851,-1.232969851,0.259975277,0.75970025,0.368509066,2.348559362,76.90035371,0,0,0,0,0,0,0,0,0,0,0,0,0,0,0,0,0,0,0,0,0,0,0,1,0,0,0,0,0,0,0,-0.674857695
0.767850185,-0.479312299,1.22377999,0.358944446,1.499791442,-0.325972647,0.29903971,0.011374607,0.062487825,-0.796214285,-0.706255011,-0.700121382,0.059829935,0.912807195,0.297608546,-0.552915359,-1.002711681,-0.771679916,-0.654323944,0.766623557,-0.695419014,-0.186944731,-0.929108621,-1.059958479,-0.54678173,-0.432288135,4.398932997,-0.559048988,1.599973301,-0.207389998,0.266940694,1.105197341,-0.660866449,-0.135627075,0.070665932,0.291883891,-1.350281545,0.119734573,-0.440466242,4.449999809,0,0,0,0,0,0,0,0,0,1,0,0,0,0,0,0,0,0,0,0,0,0,0,0,0,0,0,0,0,0,0,-0.254414162
0.041466752,0.43951846,-0.442478629,0.86506119,0.246446779,0.909908016,-2.037217818,0.272797757,-0.298688293,0.722664614,0.412787146,1.422231224,-1.348039175,-2.140974733,-1.242635263,1.430466207,0.845424332,0.910035117,1.045083517,-1.890514308,-0.703200887,0.062243652,0.202866613,0.148644278,-0.505188699,0.609912527,-2.325938533,0.238845851,-0.574486755,0.356918298,-0.719670369,-1.269493195,0.781193884,0.012962306,0.497414641,-0.413593848,1.554366934,0.724438229,-0.343915939,56.4469986,0,0,0,0,0,0,0,0,1,0,0,0,0,0,0,0,0,0,0,0,0,0,0,0,0,0,0,0,0,0,0,1.127430444
-0.932220696,0.84659692,-0.835305911,-0.335567647,-1.008587086,-0.549167576,-1.258078687,0.072261847,-0.396005843,0.429926515,2.051395662,-0.766554055,-0.774177258,-0.706498254,-0.244691868,-0.838101643,-0.913737906,0.195275882,1.454406987,-0.232391687,-1.353883307,0.174542843,0.94103699,-0.570122904,0.13954343,-0.329901235,-0.314028837,2.149238317,-0.138351905,2.627056477,0.780031496,-0.120992819,-0.466446779,-0.664222979,-1.267703805,0.134825456,0.955040074,0.357741209,2.301115097,41.05247104,0,0,0,0,0,0,0,0,0,0,0,0,0,0,0,0,1,0,0,0,0,0,0,0,0,0,0,0,0,0,0,-0.742391316
-0.568923683,-0.513206378,-0.11797708,-0.075684426,-0.095599216,-0.807589067,-0.606518671,0.675338999,-0.086836157,-0.46723573,4.019308657,-0.450464948,-0.564056384,-0.869450877,-0.783837158,-0.42068406,-0.822126081,-0.708720257,0.515534292,-0.534684388,-0.80685809,-0.113419925,0.507052569,-0.183581857,0.121738044,-0.302763025,1.985108457,0.060937517,-0.215013282,-0.737561931,1.196090037,-0.478993821,-0.771160485,-0.074504859,-0.408724951,0.115161058,-0.263943851,1.779849895,2.497233551,2.613470207,0,0,0,0,0,0,0,0,0,0,0,0,0,0,0,0,0,0,0,0,0,0,0,0,0,0,1,0,0,0,0,-0.422903241
-0.415763767,-0.406349068,0.055997924,0.219397176,-0.385698645,-0.4888515,-0.435510917,-0.301393473,0.555449457,0.379713284,-0.137433429,-0.244654065,0.035611012,-0.479492235,-0.325988833,3.476411932,-0.171437267,-0.296364224,-0.275238372,-0.470857991,-0.471438966,-0.408892831,-0.095754552,-0.371325806,-0.37205787,-0.015269442,-0.005204179,-0.470887158,-0.060952913,-0.48489395,-0.44210812,-0.331785524,-0.227554408,-0.471483782,4.836605185,-0.40935623,-0.35183883,0.197355314,0.319999428,33265276774,0,0,0,0,0,0,0,0,0,0,0,0,0,0,0,0,0,0,0,0,0,0,0,0,0,0,0,1,0,0,0,-0.14996688
-0.318746583,-0.360269124,0.002680449,-0.035406799,-0.379249513,-0.438575579,-0.354966724,-0.398127244,0.193150879,0.442056808,-0.425091519,-0.192023248,0.231050422,-0.343761363,0.010934664,3.561974287,0.666424382,-0.032031261,-0.373024901,-0.431923638,-0.376595806,-0.408686351,-0.311063451,-0.366940494,-0.407261474,-0.083860855,-0.373487163,-0.450189336,-0.14790585,-0.438248591,-0.451093063,-0.175351636,0.310062317,-0.433879132,4.766291998,-0.437632899,-0.351777082,-0.319499418,-0.336779528,1.20692E+12,0,0,0,0,0,0,0,0,0,0,0,0,0,0,0,0,0,1,0,0,0,0,0,0,0,0,0,0,0,0,0,-0.075154703
-0.344842422,-0.346385043,-0.092552316,-0.007232833,-0.383698037,-0.430545731,-0.363528706,-0.387557945,0.210824057,0.503665089,-0.413524301,-0.187662799,0.25994714,-0.373521227,0.019613505,3.534087765,0.656813756,-0.047126901,-0.370537208,-0.422291548,-0.376096546,-0.397372593,-0.301611404,-0.36579045,-0.390529935,-0.054362882,-0.360183835,-0.440535478,-0.133395561,-0.428215419,-0.440235574,-0.270216588,0.249844935,-0.438850855,4.789296531,-0.40942256,-0.340632235,-0.311458055,-0.320805096,1.27284E+12,0,0,0,0,0,0,0,0,0,0,0,0,1,0,0,0,0,0,0,0,0,0,0,0,0,0,0,0,0,0,0,-0.105217737
-0.456386338,1.354169116,-0.669475821,1.282372918,-0.786362842,-0.83740044,-0.925291314,1.412553647,0.957578816,1.215663881,-0.284556301,-0.925620916,-1.033451538,-0.845535241,0.596968995,-0.523336084,0.805675623,0.664498448,-0.557105119,-0.958810415,-1.058985422,0.008362333,-0.266276624,-0.956766919,-0.503845679,-0.576934478,-0.812290022,0.224164829,0.300314168,-0.137751308,-0.748014463,-0.404604416,1.346623015,-0.956761436,2.270429417,-1.005056996,-0.802582176,1.851750727,1.225310359,9525.409684,0,0,0,0,0,0,0,0,0,0,0,0,0,0,0,0,0,0,1,0,0,0,0,0,0,0,0,0,0,0,0,2.131793199
-0.495617804,0.863054362,0.260133934,0.864791481,-0.384438858,-0.626492175,-2.331749493,1.49456535,1.457798825,0.968030776,0.676228926,-2.052560945,-1.590920952,-0.869705402,0.422150676,-0.477827015,0.800045526,0.042780507,-1.222923648,0.138328873,-1.635637552,0.195036321,0.191189671,-0.560494561,-0.124724481,-0.04877432,0.388303848,0.620098809,0.802882966,0.817628751,-0.261531915,-1.142573772,1.023565682,-0.296920793,-0.834660509,0.016920143,0.046279493,1.838440326,1.403072713,12.04194673,0,0,0,0,0,0,0,0,0,0,0,1,0,0,0,0,0,0,0,0,0,0,0,0,0,0,0,0,0,0,0,1.005222369
-0.922025573,0.641244526,-0.581188249,0.20397872,-0.696682302,-0.242197047,-1.781390433,0.168414506,0.266697885,-0.147527576,0.760185343,1.365051545,0.99037647,0.703207959,-0.449525772,3.216468511,0.454270331,1.493099287,-0.560480832,0.730647766,-1.623912046,-0.388083078,-0.93661281,-0.058597776,0.246179043,-0.472098259,-1.597655132,-0.385517624,-0.481260551,-0.618787227,0.07653839,0.919631112,-0.879878467,2.091994742,-0.243795515,-1.707444728,0.157541977,0.497265675,0.258226254,20.04943384,0,0,0,0,0,0,0,0,0,0,0,0,0,0,0,0,0,0,0,0,0,0,0,0,1,0,0,0,0,0,0,-0.032427998
-0.333342048,-0.301070368,-0.167297329,-0.044728452,-0.352060537,-0.378341604,-0.359174459,-0.343051416,0.134232277,0.289308141,-0.358457197,-0.125261686,0.274745359,-0.323667012,-0.08448732,5.086270626,0.529901349,0.027050513,-0.34183746,-0.366466415,-0.361701009,-0.356898866,-0.30947384,-0.330103777,-0.344383319,-0.134709017,-0.354460447,-0.385681183,-0.186697483,-0.378657141,-0.384194731,-0.224821106,0.006830599,-0.37698669,3.251024484,-0.37658568,-0.306871169,-0.274759061,-0.288884251,2.55197E+11,0,0,0,0,0,0,0,0,0,0,0,0,0,0,0,0,0,0,0,0,0,0,0,0,0,1,0,0,0,0,0,-0.137664837
0.373316558,0.429107388,0.086143007,1.067174349,0.994660403,1.012968995,-2.386547467,0.339870326,-0.316649861,0.511857361,0.197725218,1.42599789,-1.76448265,-2.376744242,-1.350445166,1.477175277,0.588552499,0.732715886,0.996102345,-2.0543949,-1.108971602,0.001807558,-0.11554187,-0.259705257,-0.809111494,0.514163808,-0.712090036,0.017953787,-0.057588127,0.369568169,-0.519487412,-1.099457096,0.673464285,-0.012609111,0.421322992,-0.388298752,1.281834504,1.010518464,-0.512279353,59.0320015,0,0,1,0,0,0,0,0,0,0,0,0,0,0,0,0,0,0,0,0,0,0,0,0,0,0,0,0,0,0,0,1.144302289
-1.053069969,0.845957063,-0.902671647,-0.363925665,-0.862016264,-0.606326151,-1.092046233,0.054294575,-0.376876897,0.300357983,2.097599265,-0.872414379,-0.754275597,-0.776518261,-0.324853205,-0.94410613,-0.946265559,0.10011205,1.315539182,-0.034365003,-1.196980616,0.237940544,0.875647837,-0.312269989,0.266757687,-0.587370554,-0.489049641,2.052172847,-0.193822781,2.705237419,0.980423386,-0.134282592,-0.478070568,-0.303023608,-1.235055504,0.151783919,0.977867334,0.250427526,2.337459115,83.61527162,0,0,0,0,0,0,0,0,0,0,0,0,0,0,0,0,0,0,0,0,0,0,0,1,0,0,0,0,0,0,0,-0.885829473
0.595306938,-0.255413027,1.242637938,-0.031870218,1.230249815,-0.232115777,0.304460953,-0.029096759,0.070378789,-0.766843431,-0.659417145,-0.60450218,-0.315135368,0.698665434,0.39783475,-0.529803055,-0.902929044,-0.767398132,-0.568261975,0.699774747,-0.61578099,-0.191438054,-0.79772156,-0.975594341,-0.464718593,-0.494117505,4.784561225,-0.602653237,1.303654565,-0.174242467,0.762640407,1.054595704,-0.583608618,-0.096400023,-0.410173399,0.221256301,-1.158274453,0.180948437,-0.233410064,4.379000187,0,0,0,0,0,0,0,0,0,1,0,0,0,0,0,0,0,0,0,0,0,0,0,0,0,0,0,0,0,0,0,-0.47525786
-0.369447499,-0.459819683,-0.025903935,0.031801664,-0.450160193,-0.46943293,-0.455379687,-0.465617004,-0.030285484,0.802239707,-0.36337015,-0.23396651,0.41779055,-0.212980418,-0.249191463,5.320356691,1.386459765,0.415801234,-0.359373319,-0.401385966,-0.431722404,-0.445855716,-0.334218696,-0.452729049,-0.398239712,-0.214079124,-0.351739541,-0.44706168,0.143447676,-0.274118081,-0.460753754,-0.163854443,-0.089608099,-0.456782828,2.091292961,-0.474875719,-0.061895753,-0.431690933,-0.399876852,3476293,0,0,0,0,0,0,0,0,0,0,0,0,0,0,0,0,0,0,0,0,0,0,0,0,0,0,0,0,0,0,1,-0.442355144
-0.376280235,-0.463575505,0.079331279,-0.020543057,-0.45564192,-0.47083305,-0.465767717,-0.460629973,-0.008663111,0.754652571,-0.378554384,-0.238426275,0.463725149,-0.169928251,-0.250739836,5.390376904,1.464112565,0.377032239,-0.371713517,-0.400317701,-0.428656593,-0.44415536,-0.33886359,-0.453138683,-0.402993494,-0.172811748,-0.359238196,-0.439936296,0.117720381,-0.281222877,-0.461589727,-0.128753682,-0.112137848,-0.450346017,1.84179472,-0.478341701,-0.064071597,-0.422830104,-0.409537945,3929207,0,0,0,0,0,0,0,0,0,0,0,0,0,0,0,0,0,0,0,0,0,0,0,0,0,0,0,0,0,0,1,-0.460432856
-0.38459225,-0.458916848,0.118095982,-0.051771333,-0.464407059,-0.481481197,-0.473428114,-0.466085797,0.008132186,0.668584139,-0.38876622,-0.219914379,0.542725852,-0.211213792,-0.271857409,5.333684959,1.527595182,0.378612741,-0.367719062,-0.402326369,-0.433202978,-0.427073581,-0.351925046,-0.472254158,-0.385978758,-0.132436565,-0.361475619,-0.444515032,0.124962631,-0.263303703,-0.477216384,-0.15929112,-0.143722789,-0.442039282,1.924288698,-0.489085755,-0.021125225,-0.426511229,-0.432289949,3928433,0,0,0,0,0,0,0,0,0,0,0,0,0,0,0,0,0,0,0,0,0,0,0,0,0,0,0,0,0,0,1,-0.490343112
-0.419618835,-0.458086378,0.162413946,-0.050676399,-0.473013276,-0.492203389,-0.48001037,-0.470695974,0.012528801,0.647979559,-0.374303414,-0.215578348,0.490462568,-0.320687504,-0.288531703,5.249830634,1.67083562,0.418510177,-0.364149037,-0.402830281,-0.454734221,-0.417625381,-0.351594984,-0.475844358,-0.382290409,-0.119423495,-0.354551509,-0.450848281,0.163695687,-0.245209029,-0.488461015,-0.161086213,-0.176941585,-0.433997593,1.996485978,-0.496212656,-0.026513007,-0.430468214,-0.439573851,3817388,0,0,0,0,0,0,0,0,0,0,0,0,0,0,0,0,0,0,0,0,0,0,0,0,0,0,0,0,0,0,1,-0.497711159
-0.38328692,-0.424031243,0.033167319,-0.104901157,-0.437348123,-0.448598021,-0.430382992,-0.429427827,-0.117254734,0.487127065,-0.341100184,-0.281268062,0.375463984,-0.212699327,-0.258006626,5.486524621,1.516457617,0.428468809,-0.329310654,-0.368110823,-0.422048435,-0.384958459,-0.342552514,-0.438218605,-0.339954291,-0.109787862,-0.342856153,-0.415533168,0.120932949,-0.2113683,-0.446368538,-0.129730123,-0.204214222,-0.379343174,1.741487107,-0.450300331,-0.096716385,-0.388891524,-0.391077521,3038687,0,0,0,0,0,0,0,0,0,0,0,0,0,0,0,0,0,0,0,0,0,0,0,0,0,0,0,0,0,0,1,-0.451366628
-0.338175801,-0.416847454,0.057095376,-0.179256555,-0.434002468,-0.444091102,-0.423034497,-0.425230284,-0.120730007,0.340077816,-0.34632643,-0.188835226,0.562772106,-0.188614722,-0.258955931,5.542504853,1.368326071,0.385538066,-0.332425869,-0.351946008,-0.390366924,-0.378313485,-0.354568429,-0.432167773,-0.345373266,-0.092074643,-0.331213703,-0.424693032,0.056513049,-0.209856258,-0.442993939,-0.150886751,-0.225545708,-0.385173005,1.723260744,-0.446101957,-0.041751839,-0.386128119,-0.393774633,3033634,0,0,0,0,0,0,0,0,0,0,0,0,0,0,0,0,0,0,0,0,0,0,0,0,0,0,0,0,0,0,1,-0.447890847
-0.320051259,-0.422437777,0.051485521,-0.166056469,-0.431478374,-0.442802277,-0.426532085,-0.429216795,-0.13759873,0.378167888,-0.344076643,-0.140583291,0.717373335,-0.178029707,-0.272926805,5.52215939,1.250507312,0.402406439,-0.294800853,-0.340867479,-0.393936581,-0.377205063,-0.352112703,-0.433323225,-0.330139848,-0.330227676,-0.329655649,-0.431507878,0.053353702,-0.227144935,-0.445640457,-0.154090322,-0.252691304,-0.368514636,1.788375326,-0.446211112,-0.027782715,-0.387707406,-0.392148224,3309075,0,0,0,0,0,0,0,0,0,0,0,0,0,0,0,0,0,0,0,0,0,0,0,0,0,0,0,0,0,0,1,-0.446590329
