"","year","Argentina","Austria","Belgium","Brazil","China","Colombia","Ecuador","Egypt, Arab Rep.","Finland","France","India","Indonesia","Iran, Islamic Rep.","Italy","Japan","Korea, Rep.","Malaysia","Mexico","Pakistan","Philippines","Portugal","South Africa","Spain","Sweden","Thailand","Turkiye","United Kingdom","United States","Australia"
"1","1960",-0.370694476121887,-0.397985435042172,-0.388671602272844,-0.355088169456405,-0.367334641237631,-0.420494013952324,-0.428334415554425,-0.424765139286864,-0.412205831408432,-0.217281075774231,-0.376673316592946,-0.411307663006049,-0.412363177395036,-0.231677526987496,-0.19137193839819,-0.422527075497886,-0.429000792750901,-0.374613247651705,-0.426110037908038,-0.420188153612753,-0.41873376614171,-0.405973037492809,-0.354750487198337,-0.381927486794852,-0.426583688560419,-0.404608867990284,-0.109356583093701,0.99925634181199,-0.348236327123078
"2","1961",-0.367303151849148,-0.396036631833183,-0.386456158059486,-0.348372643028482,-0.385289393349403,-0.419848639679936,-0.428086352469293,-0.424331085238662,-0.410611178234707,-0.20652910694374,-0.374569742575513,-0.410052323805038,-0.410200614671186,-0.215140211691489,-0.162250054728831,-0.421788520731169,-0.428683619749492,-0.371685148856905,-0.425687020768685,-0.419448478817379,-0.417934445414121,-0.404927185758165,-0.345466089604748,-0.37901596136241,-0.426230240811027,-0.404278621099022,-0.100687471577695,1.03220004284137,-0.346127781096937
"3","1962",-0.367864574499064,-0.395052951197136,-0.38402111679487,-0.342775818559801,-0.387961433695755,-0.419127419671589,-0.427836023423511,-0.423988320335578,-0.40993833069274,-0.191018925779941,-0.372851913566988,-0.409626405147664,-0.408383491299292,-0.201613862002079,-0.1381134384571,-0.421344977624236,-0.428395212539803,-0.368817128500656,-0.425351335224153,-0.418783240384917,-0.416926352104691,-0.403182041517015,-0.336736070982072,-0.376709363656077,-0.42570559914369,-0.402668667530997,-0.0970206151557357,1.12158847272538,-0.345000792456515
"4","1963",-0.371331307570537,-0.393475349559178,-0.381881910048364,-0.342233455276598,-0.383304318872837,-0.418665709440237,-0.427723560207407,-0.423022033346786,-0.409174975610396,-0.175923493009179,-0.369236020234283,-0.410153199276293,-0.406637638863866,-0.188624074919045,-0.113111278336164,-0.420277822212841,-0.428044416923248,-0.363599834029999,-0.424671530749819,-0.417773460681175,-0.415971941799091,-0.400970431479773,-0.327481091106671,-0.373700884053835,-0.425108041830894,-0.399902849949002,-0.0806353604593739,1.18999916920331,-0.339519567190289
"5","1964",-0.365066162264724,-0.391044079094555,-0.378313665132442,-0.339141280194442,-0.374237860994271,-0.417770916219258,-0.427319742127495,-0.421853647118403,-0.407917677838201,-0.158810667705251,-0.364470764221972,-0.409340591312028,-0.404388517990042,-0.181782176603134,-0.0757379318822486,-0.419055945017007,-0.427769458899331,-0.355316467522902,-0.424027821830616,-0.417249416556475,-0.414886286146151,-0.398413497024774,-0.321870593614043,-0.369644139282377,-0.424556972958619,-0.398086492176123,-0.0611268556264325,1.28414415408439,-0.332982618741786
"6","1965",-0.357867522324032,-0.38957775085983,-0.376360494378417,-0.336884402575186,-0.364247852498241,-0.417216359400836,-0.427127970280752,-0.421297300064439,-0.406578306104806,-0.145472425678617,-0.366281818393767,-0.409082798440077,-0.399484497875128,-0.17356676088171,-0.0549362904512355,-0.418022634995751,-0.427354033266502,-0.349788422508011,-0.423074720582401,-0.416398167946615,-0.413520287509573,-0.39628510669469,-0.314910195757264,-0.367216141696763,-0.423851856865099,-0.397095751479547,-0.053156725667923,1.39405040656902,-0.32699051958084
"7","1966",-0.358364308860747,-0.387117435217616,-0.374567256571159,-0.330432806942833,-0.35690709597532,-0.416380635838861,-0.427148502256175,-0.420697892092935,-0.405947208326464,-0.13036290554985,-0.366318694125016,-0.408410295296723,-0.395609253391151,-0.158029648004077,-0.0146978239794842,-0.416205240099975,-0.426899007643555,-0.344704957938405,-0.422489906329041,-0.415653072309778,-0.41271877701861,-0.394647780880016,-0.306340938749472,-0.365837237948483,-0.422814863681718,-0.393050227010722,-0.0471787138649819,1.51281926457519,-0.324464324823248
"8","1967",-0.355976501678855,-0.385732316458451,-0.372300434934488,-0.326117932052631,-0.36130773801573,-0.415686202449947,-0.426870003008966,-0.420597416618538,-0.405356679267841,-0.115460966784631,-0.361086483628236,-0.408068439532475,-0.391382175686681,-0.138277929078515,0.0316785872419737,-0.414664432370576,-0.426656924802244,-0.339525367867115,-0.421912833741426,-0.414737945091718,-0.411175443984029,-0.391875144582109,-0.300835682107825,-0.363570830645871,-0.421922216905901,-0.39115139161583,-0.0364230160279603,1.56147036978044,-0.317609996485568
"9","1968",-0.352253710158933,-0.383610511742422,-0.369747308463062,-0.315626165011179,-0.364254481843185,-0.414648558191141,-0.426749608706846,-0.42079951585813,-0.404715937524108,-0.101191716127472,-0.358643984350558,-0.40532798922343,-0.385361901809724,-0.118978248611299,0.0915622887861292,-0.412227344495418,-0.426136895277497,-0.330700466744933,-0.42109820020526,-0.413809045614633,-0.409222851517708,-0.390159890212695,-0.29210524915109,-0.361038420877394,-0.421008217294669,-0.388302844960353,-0.0148345542189471,1.65721468412918,-0.311723138175602
"10","1969",-0.344420724773946,-0.380499691627612,-0.365541817764431,-0.304459033453592,-0.35257937672929,-0.41351796523098,-0.426449581458282,-0.420146138203404,-0.401985756314424,-0.0775891764577643,-0.353770172814794,-0.403428167843993,-0.377943250483715,-0.0998181987219582,0.157039500126494,-0.409177047011788,-0.425792824231455,-0.32719727227627,-0.420433009880711,-0.412900873843967,-0.408714883704485,-0.388131310659936,-0.27954015447851,-0.357425013549043,-0.420211198096651,-0.386471488419668,-0.00678818679358562,1.72201653095341,-0.303166311189579
"11","1970",-0.34171760937317,-0.377170103129661,-0.36176599148496,-0.291072314342057,-0.337024033153062,-0.412297682546737,-0.425987400087257,-0.419416702900735,-0.400484377453518,-0.055867713415819,-0.349674894975851,-0.401180886506493,-0.371907646246576,-0.0822545779618617,0.17152876216897,-0.406764573966085,-0.425350874044656,-0.320306068207341,-0.418986327529906,-0.412152246018392,-0.405629797545782,-0.385767120519405,-0.272950585604517,-0.351903597879096,-0.418732268676271,-0.384961655108751,0.0223809309584973,1.71590510358348,-0.293836751183561
"12","1971",-0.336542576976529,-0.374305397445884,-0.358919930833837,-0.274953890779677,-0.330235998264818,-0.411053229125813,-0.425535098662686,-0.418858472068685,-0.399713879919904,-0.0358073156163183,-0.348303034906574,-0.398933605169822,-0.363512823877614,-0.0758746621217115,0.199943791933712,-0.403979435335172,-0.424565727129188,-0.316059144102812,-0.418919870636042,-0.411019315989984,-0.403803080475918,-0.383738540966647,-0.265500859224084,-0.351135836867809,-0.418025232053234,-0.382277599074689,0.0383493655915268,1.78668164753818,-0.288262300754065
"13","1972",-0.334969350554588,-0.370650971045694,-0.354987486280073,-0.256061915026496,-0.326313912062528,-0.409356660733544,-0.425151744646359,-0.418420997867676,-0.397125482534966,-0.0178799095524387,-0.348772475395396,-0.396523802239884,-0.353412602521896,-0.0626884806947223,0.253214721896572,-0.401873145857668,-0.423757429294031,-0.306422148225032,-0.418803916682423,-0.409816164356772,-0.401448698866394,-0.382920231200164,-0.251835707624916,-0.349258074912519,-0.4173770384493,-0.378498043788687,0.058726314612087,1.90342441199595,-0.282595453829417
"14","1973",-0.332207814051497,-0.367593185690433,-0.349998075541854,-0.231321199696775,-0.318021430206134,-0.407755349481223,-0.424032414609304,-0.417903592231443,-0.394607830683979,0.00846759325800093,-0.345991050857474,-0.393553580023817,-0.347476852792971,-0.0362883574587923,0.308346011784244,-0.397209661325201,-0.422655445502344,-0.296457828440659,-0.417788689645941,-0.407764769647801,-0.397895114896389,-0.380622748843129,-0.237712302556517,-0.345928486414568,-0.415759867813827,-0.376714335664785,0.090816487479968,2.0353400896935,-0.278651407922001
"15","1974",-0.326620519266172,-0.365007741162408,-0.346200703891317,-0.214862193537915,-0.315361405547492,-0.406294785239844,-0.423007641988982,-0.417665516880113,-0.39335958427133,0.0274648098621629,-0.344957701714382,-0.390687337469774,-0.342505258419288,-0.0144575102252767,0.299263809211437,-0.393788676233296,-0.421780340726508,-0.288559792608412,-0.417243976847895,-0.406902184758648,-0.397491912884817,-0.377411245551987,-0.226729549655176,-0.343137946527348,-0.414982053898963,-0.373555452799133,0.0777981113468651,2.0219985329944,-0.272305053140628
"16","1975",-0.326650765652478,-0.365255927263736,-0.347910660552721,-0.203582777450344,-0.305087992555121,-0.405670284037179,-0.421892039282062,-0.416279081377253,-0.392640952483964,0.023039722112273,-0.336886059911422,-0.388304916630648,-0.342801092937399,-0.0232107315552555,0.321907165534609,-0.390700596159662,-0.42168905995591,-0.280252394725894,-0.416573045834221,-0.405470014387408,-0.399043291398906,-0.376465735229398,-0.225610433361875,-0.340839635502195,-0.41407777964366,-0.369278282308299,0.0702696614952266,2.01695194415604,-0.270155488042648
"17","1976",-0.328800745084517,-0.362145935817044,-0.343090712444625,-0.180033272540186,-0.307099170077403,-0.404369749076891,-0.421057400972443,-0.414035326169269,-0.392501359553724,0.0429194702620591,-0.335284658773471,-0.38512821740046,-0.326298581702346,0.00600230560707915,0.351921524767008,-0.385085126658327,-0.420360858603281,-0.273497092228309,-0.415717006074957,-0.403037939383825,-0.39668810943561,-0.375190000661803,-0.218752790351722,-0.339862221457065,-0.412296597129062,-0.362593830934799,0.0849205138207047,2.14897120536834,-0.265935081317894
"18","1977",-0.321563157742281,-0.358537914831459,-0.342526803790355,-0.167542343664163,-0.297554985028834,-0.403171871849956,-0.420862929052754,-0.41231215273574,-0.392403941244838,0.0594099658094014,-0.32818297300258,-0.381157239779211,-0.329262727560278,0.0172473319677543,0.386389975133425,-0.379152691601873,-0.419367353408128,-0.268082989079638,-0.415027808323082,-0.401361411231175,-0.394643883360923,-0.375244278423529,-0.212666223025329,-0.341351752399092,-0.410241417213703,-0.360189450390547,0.0976529994531124,2.26837399448475,-0.259923094122116
"19","1978",-0.326592758884221,-0.358694947439812,-0.339950474611627,-0.154340417542933,-0.282194792794385,-0.400630617713286,-0.420160287959289,-0.410511926831564,-0.391213541724677,0.0790079667990822,-0.322185073164808,-0.377583608520522,-0.34260594159562,0.0318401775249753,0.429596730803698,-0.373235586905602,-0.418448592611715,-0.253295820848756,-0.413567207507607,-0.399709515761635,-0.393558853862871,-0.373497860364935,-0.209440218042123,-0.339743721916197,-0.407880210642597,-0.359092708136431,0.119973175210282,2.41791129971067,-0.258375556411832
"20","1979",-0.315697016135264,-0.354705324785909,-0.337768177122988,-0.135492361200003,-0.270733484054923,-0.398880004641259,-0.41967430396502,-0.409481270437234,-0.388224950157265,0.0971930886476464,-0.327999008680394,-0.373612630899272,-0.353492983329338,0.0595508393894541,0.476909536998447,-0.368038180469776,-0.417071785169204,-0.235850699629527,-0.41283025285842,-0.397836918296425,-0.391324997586542,-0.371236010736972,-0.209347407212912,-0.336156003299502,-0.406521421610068,-0.359555104946251,0.140710594862153,2.5081822611403,-0.251296244680126
"21","1980",-0.313912479343244,-0.353346723406518,-0.333528296697461,-0.108105708569645,-0.2580072134334,-0.397478237750668,-0.419173597659887,-0.4071091908293,-0.385802753248477,0.105562636639011,-0.320914310605921,-0.367656578801457,-0.370704005805244,0.0764515256551851,0.502552671908624,-0.369110062680353,-0.415873395179425,-0.217631188054068,-0.410751870866375,-0.395999075140179,-0.389404144889118,-0.367135346555262,-0.204403573221181,-0.334506539410709,-0.405142476237374,-0.36135662943469,0.129051234442499,2.50062895124512,-0.245775243344238
"22","1981",-0.320102215850323,-0.353461908274914,-0.333806314851036,-0.121921263432223,-0.249051382748581,-0.396665462810191,-0.418387705424155,-0.405193714366548,-0.385179180489715,0.111321880058812,-0.314171852464165,-0.362494390760645,-0.374263135371868,0.0807523131873814,0.54241989506353,-0.364467863883559,-0.414672284225563,-0.199255058204315,-0.408975770115505,-0.394726829741017,-0.388696047982324,-0.363594862021291,-0.204706451418294,-0.334057815624835,-0.403486618923378,-0.357868765326209,0.12462200335202,2.57508063830296,-0.239517141717427
"23","1982",-0.320933784306693,-0.351858435466668,-0.333215060148873,-0.119337890574492,-0.232448602671255,-0.396319196650479,-0.418296785056238,-0.402421538366021,-0.383687577877392,0.124965900620972,-0.310035555553383,-0.360905833978521,-0.360612485464764,0.0828778469099409,0.574418914438436,-0.358738866850064,-0.413572626332092,-0.200473200337711,-0.407393734041592,-0.393304851999643,-0.387746394319145,-0.363861693155273,-0.201858733430935,-0.332820199790667,-0.401897581264732,-0.355185537960265,0.135751016176181,2.52084430998268,-0.233077976106843
"24","1983",-0.316052514757868,-0.349441210566587,-0.332903480936522,-0.128533206345401,-0.210830308809995,-0.395739098989597,-0.418346905868986,-0.400854820524319,-0.382145426509874,0.131889422746502,-0.301060251167792,-0.357729134748333,-0.35256736104158,0.0889146941492569,0.610996325165054,-0.348782005078753,-0.412347026709352,-0.208586275546568,-0.405646167141551,-0.392548530273168,-0.387824703456292,-0.365141571063458,-0.19776428426011,-0.33091260578313,-0.400150974392035,-0.351308614170403,0.159769961575162,2.65625282379743,-0.237529581236508
"25","1984",-0.314212871536004,-0.349398119824454,-0.330430320938479,-0.11208248686772,-0.177052553319895,-0.394484732851295,-0.417957622008848,-0.397704950738303,-0.380493062282668,0.140445421064407,-0.296012419327257,-0.35256736104158,-0.358322875454849,0.105757373646731,0.657053699161098,-0.339877137483188,-0.410730385784643,-0.200925653130116,-0.40425176383356,-0.395408396863289,-0.38867740294967,-0.361672351987631,-0.193562936902069,-0.326587372541454,-0.398251277493051,-0.345813715880231,0.173223388470192,2.8798274820222,-0.228545990169737
"26","1985",-0.320385620346665,-0.347304904158495,-0.328733208632903,-0.0868768887238252,-0.142653296741327,-0.393282578217699,-0.417358809173528,-0.395650687834127,-0.378623587008558,0.149751364029063,-0.288805492705386,-0.350581872230955,-0.356924912339856,0.120834990052957,0.713307834348602,-0.332563727008159,-0.410960501540458,-0.195845088898922,-0.402055861597013,-0.3979985882973,-0.38742818576185,-0.362538724504955,-0.188000502160283,-0.324284918175711,-0.396628277778153,-0.342108326390787,0.198373465850184,3.01796645728562,-0.217745129920287
"27","1986",-0.313445524858776,-0.345328530697167,-0.326829343631897,-0.0609391622977153,-0.116651762870135,-0.390959140612464,-0.416810804813736,-0.393870326650619,-0.377119968708525,0.163378811228864,-0.281909316627749,-0.345816616218644,-0.364385825739881,0.136679124468293,0.751070240483898,-0.321167468715957,-0.41068490682638,-0.203152284363066,-0.400343782080141,-0.396763647781274,-0.3855338504442,-0.362526294483186,-0.180024157190889,-0.321354333376556,-0.394605832744845,-0.335722609873811,0.218269787362329,3.13746868657618,-0.209200318621974
"28","1987",-0.3102070898538,-0.344136491609486,-0.324376486002745,-0.0477989719512727,-0.0797532432478087,-0.388692733309852,-0.416853204811273,-0.392363867187778,-0.375116249199305,0.178659451323989,-0.275911002455918,-0.341448706568893,-0.364504325280749,0.154868389657447,0.806126950240955,-0.306915620089275,-0.409517224850298,-0.199190007757055,-0.398225384856943,-0.395175444147256,-0.382493467119416,-0.361042149883925,-0.165981547263991,-0.317603781474683,-0.390934280568925,-0.326478817018002,0.253401172223112,3.26098581289825,-0.203468421250066
"29","1988",-0.311547046200536,-0.341201763469742,-0.319237500669235,-0.0480301703561826,-0.0400902867839786,-0.386884993810529,-0.415891761636646,-0.390135030169156,-0.372087052894114,0.20767940881484,-0.260769992938668,-0.33628693286214,-0.368680812595252,0.179533696188434,0.888683011492411,-0.291779996914792,-0.407166159258588,-0.196187328831638,-0.395560362223693,-0.39263062510106,-0.378698167139174,-0.358012539244675,-0.152369844758431,-0.314646264961695,-0.385321297071944,-0.324002342347487,0.292758764485475,3.415292103143,-0.190243292421533
"30","1989",-0.320252204779674,-0.337626474874817,-0.31528516808064,-0.0358599360418086,-0.0235558718263845,-0.385304309375526,-0.415717928388373,-0.388016954459658,-0.368979547451775,0.235518514237602,-0.250516467981128,-0.328742323982201,-0.364725994002302,0.200295975883844,0.953795608860875,-0.281779215733229,-0.404809841844708,-0.186457936458706,-0.393694752032119,-0.390123428815505,-0.375189171993685,-0.356212257758413,-0.13881532035301,-0.311499812117813,-0.379487887855587,-0.323685791126428,0.311470090588942,3.55663388068232,-0.180828793933425
"31","1990",-0.323038186992245,-0.333474433269794,-0.311586407936139,-0.0531430526439767,-0.00749669803443877,-0.38325459878576,-0.415075514930597,-0.385458027311407,-0.368549468698556,0.255070938480795,-0.240409202946408,-0.321197715102262,-0.355420465371705,0.21287515791443,1.02093844311833,-0.266825070876579,-0.402254538736426,-0.173688575095049,-0.391934480934274,-0.388796316824597,-0.372898733315652,-0.35645712918727,-0.127684235858554,-0.310581233509057,-0.373492474022169,-0.313540407358282,0.316935156826868,3.63187694579281,-0.171803769460756
"32","1991",-0.312978984708366,-0.330042918593334,-0.309357705032894,-0.0492201377735688,0.0319313310179506,-0.382255225035504,-0.414298794460716,-0.384921050370971,-0.372353469694037,0.26228449444761,-0.238371922378411,-0.31361001548019,-0.345532797388244,0.222815031989323,1.07217084951102,-0.248896007476464,-0.399303014843417,-0.162751813274254,-0.389847067998166,-0.38898981083014,-0.370265640370844,-0.357238148888444,-0.119906771237469,-0.311986240303053,-0.368384563743082,-0.312678592515606,0.308656762328478,3.62747671808646,-0.172804800547248
"33","1992",-0.303438943000387,-0.327883823811998,-0.307462126713068,-0.0513092100989381,0.0980921935556296,-0.380195570428322,-0.41389968810527,-0.382762784257752,-0.374357189203257,0.273409363931181,-0.227692047674183,-0.305841251874344,-0.34264240299281,0.228284241567838,1.08572785992079,-0.237473231804487,-0.396293429137871,-0.153175724503144,-0.386508364150918,-0.388805432173894,-0.369580331837294,-0.358861095397462,-0.116995660139087,-0.313390418428931,-0.363147381237595,-0.306610670221867,0.311635824212533,3.77049240522405,-0.171688998926419
"34","1993",-0.292791386352759,-0.327329444841084,-0.308671567831226,-0.0325034158300242,0.171851942734973,-0.377342466098196,-0.413519339755218,-0.381300185029558,-0.374746663218696,0.268967702818932,-0.21793033724465,-0.297569486720898,-0.343974072658367,0.222645155025142,1.07875461770819,-0.224013589898572,-0.392643996480696,-0.147740490317465,-0.38568798271414,-0.387837133478061,-0.37087968344625,-0.357944174124943,-0.120256883517306,-0.315864821429151,-0.357368664117022,-0.296926854595423,0.330177273351819,3.88617447449083,-0.161105249723874
"35","1994",-0.284598344670519,-0.324786676721134,-0.304653770461312,-0.00905459409619775,0.250728717542701,-0.3740961587461,-0.412682342991499,-0.3792392874202,-0.372430950163066,0.285524491815711,-0.203597279142409,-0.287344550813428,-0.345488877977992,0.236753229733358,1.0951332430596,-0.204627313613029,-0.388910258690816,-0.133636973283897,-0.383912975605477,-0.385854130671791,-0.370278484726673,-0.355536893242278,-0.112799699123812,-0.311254526354897,-0.351306542500108,-0.303287296734801,0.359536984771032,4.06019477926178,-0.150274557422177
"36","1995",-0.288825795074276,-0.321895039323523,-0.301588941427048,0.00886121061403046,0.325640315406005,-0.371022628696598,-0.412220730862022,-0.376735052367734,-0.369869537010461,0.300664258330784,-0.186207678687083,-0.275357452153122,-0.343383646624322,0.256090200265882,1.13534436348346,-0.182653106795107,-0.384559336737483,-0.152481714954355,-0.381468404657504,-0.383665618172266,-0.367584899009254,-0.353130026693673,-0.103965268318273,-0.306456537951927,-0.344658552523799,-0.29305448848021,0.379607326587948,4.18080742383041,-0.13927771716283
"37","1996",-0.280847792768646,-0.319280591411369,-0.299849981381516,0.0186270643841525,0.400933100603569,-0.369744822458708,-0.411857851955426,-0.373919652436975,-0.367548023278005,0.311035039827015,-0.167563060367112,-0.263018998210803,-0.337681581304661,0.264824362229148,1.18449681290008,-0.162885228841245,-0.379696297887253,-0.13346958232407,-0.378962512268802,-0.38076403675724,-0.3652865879841,-0.349688153665739,-0.095206246311469,-0.304455304447061,-0.339655468761634,-0.282713953370285,0.395111707074922,4.35486916200726,-0.127942780311356
"38","1997",-0.268492351129909,-0.316896098901948,-0.294792205523566,0.033961567906945,0.477978518870612,-0.367568739980954,-0.41093526494184,-0.3706650584037,-0.363391423998333,0.32842049694175,-0.156806119527913,-0.25502193653846,-0.336391759379061,0.277598281267454,1.20036995069954,-0.146207039965186,-0.375780426695848,-0.112949273719103,-0.378412690972538,-0.378046005330342,-0.362298825084807,-0.34751745753075,-0.0826929433962608,-0.300502557524407,-0.342230554938185,-0.271312308735316,0.431278927083151,4.56783686832218,-0.115999601061303
"39","1998",-0.262151797025361,-0.312731627275156,-0.292077488769139,0.0355443240122427,0.549467717406754,-0.367195010659755,-0.410208790154634,-0.367179680299573,-0.359583279662262,0.355754114812559,-0.139714425260993,-0.278407365161263,-0.334378924520544,0.290467497139324,1.1796201010259,-0.160926671744454,-0.380004148093074,-0.0964127870912143,-0.377015970859721,-0.378329409826683,-0.358890927449709,-0.347089036113767,-0.0672958754305626,-0.29478226150615,-0.349173550764487,-0.26742088325339,0.458575254888651,4.79195016082362,-0.10136697943442
"40","1999",-0.267941701165526,-0.308448241773436,-0.287078548347564,0.0377361511842387,0.624756359263728,-0.369968977184616,-0.411297258035364,-0.363184671302903,-0.356360175017469,0.382743835414415,-0.113755567797875,-0.277183008016982,-0.332400065054863,0.302230441073722,1.17423375825918,-0.129708257736664,-0.37674085304456,-0.0871399908512766,-0.374960459593129,-0.376493909945408,-0.355988931700624,-0.3450231664957,-0.0508658726558312,-0.288904518545482,-0.345332674037757,-0.272829600059295,0.485453105294583,5.042456532882,-0.0849216462995059
"41","2000",-0.269245610449131,-0.304237779066097,-0.281648700504651,0.058398990705494,0.714575696569077,-0.368120218613454,-0.411058394065861,-0.358726436828294,-0.351925143250163,0.41475942815168,-0.101486721977464,-0.269508298242524,-0.326509477738366,0.330081976518254,1.21867522942521,-0.102211806580677,-0.371741498288926,-0.0700371095647641,-0.372480255916084,-0.374009977261833,-0.353043430875346,-0.341320677344669,-0.0308104468650382,-0.282027816168617,-0.341418874516647,-0.261712602922844,0.523049777806288,5.26569972385959,-0.0713356325056025
"42","2001",-0.276472839439892,-0.302603645537486,-0.27998224891944,0.0652313593380487,0.810249574127791,-0.367028448368046,-0.410170264048376,-0.356094586885663,-0.349804581536311,0.431581390946205,-0.0854859692878346,-0.263544788131647,-0.323957594269118,0.344977285938529,1.22505183059289,-0.086151804120613,-0.37142328973163,-0.0715059238038427,-0.370323232805042,-0.37220596676904,-0.351485949147646,-0.338840473667624,-0.0149837144801794,-0.279836817664739,-0.338258748648818,-0.271571681856236,0.543679470602825,5.32010178580346,-0.0639488849021347
"43","2002",-0.293545060006041,-0.300447451094563,-0.277367386673227,0.0804498493243272,0.923818539693784,-0.365372355134309,-0.409227802237103,-0.354252043325386,-0.348381344043721,0.441401108143994,-0.0722600117911835,-0.255912340431205,-0.315134350483172,0.346949516059267,1.22574791181197,-0.0593439761706482,-0.368094529901797,-0.0716501120563672,-0.368746691710629,-0.369939973800487,-0.350856161377999,-0.33534970922073,-0.00356466781473327,-0.276468281765244,-0.332422024759989,-0.261152008941046,0.560973774224585,5.41767745669288,-0.0492035644112096
"44","2003",-0.281205777395603,-0.299197819572684,-0.275750240841034,0.0863085329182825,1.06003500492354,-0.362715645148139,-0.408575743329377,-0.35173164924462,-0.34668216006785,0.44859809074845,-0.0438905587729289,-0.247438794591037,-0.304936346289535,0.3480309279532,1.25121288307679,-0.0475785462318961,-0.364326990303506,-0.0664208018980002,-0.365024314524767,-0.366723498500638,-0.35162226505305,-0.332465115502122,0.00924654128888042,-0.272848659426008,-0.325179051074986,-0.25123782357781,0.59202396860443,5.58125654317757,-0.037256656154625
"45","2004",-0.267483447696296,-0.295533449155078,-0.270128556328814,0.116231738657706,1.21105148274001,-0.358958049567263,-0.406555874863075,-0.348398746074198,-0.343229514354382,0.473549287780132,-0.01304877442475,-0.238094732892954,-0.299375154549926,0.359155797436772,1.2880347508982,-0.0275376221331675,-0.35965703112476,-0.052041752715212,-0.359881185850667,-0.362358074855241,-0.350163394831387,-0.327878023135172,0.023060438815222,-0.265895305248232,-0.318386458512094,-0.233415658364911,0.61606363070636,5.81295214895832,-0.0205623082502652
"46","2005",-0.252816850676577,-0.292444588745394,-0.266342786031928,0.133824362801931,1.39840505752888,-0.3553740599571,-0.405147363065628,-0.344608003768604,-0.340729008308448,0.488631047526948,0.0202388238735787,-0.226989337110155,-0.295107099408389,0.365635982119195,1.31908494527805,-0.0100614258595154,-0.355737016592765,-0.0432462693112175,-0.355103499816587,-0.358857780724991,-0.349514547695027,-0.322321389070212,0.0397249546673353,-0.261113475873561,-0.313579769093885,-0.215452619571959,0.644060183071534,6.03051896332791,-0.00755056146210597
"47","2006",-0.238303142924621,-0.287583621565459,-0.262084674907807,0.156289555479743,1.63139752891423,-0.350148478805264,-0.403913148820444,-0.338546710819808,-0.337005802454467,0.511208110400684,0.0567872312160679,-0.215647356579679,-0.288203879651749,0.379938793835131,1.34313289406116,0.0122131731511661,-0.351412197685148,-0.0257186956142521,-0.350497762416982,-0.354906691138572,-0.348154703313459,-0.316109278523948,0.0591240753087063,-0.253090311155503,-0.307638218688134,-0.200325283078656,0.667333327164354,6.21042281173635,0.0041170856387272
"48","2007",-0.220749880515999,-0.282156674060959,-0.255793840890337,0.192067301472532,1.92520595347644,-0.344553726006878,-0.403272290664171,-0.331839471073065,-0.331909493529032,0.534108353840423,0.0943258969595155,-0.201845060406989,-0.27638044294474,0.392029061676122,1.36949282689336,0.0380427583878827,-0.346262025332046,-0.0163800202589368,-0.346502339086253,-0.349804167202253,-0.346023783248133,-0.309834189200719,0.0768700030547534,-0.246896845641893,-0.300815379738935,-0.188581398510971,0.695545333240196,6.3439626789451,0.020636584570198
"49","2008",-0.212131317755188,-0.279951173865017,-0.255001219835511,0.223921303926795,2.1528037954139,-0.341644272244731,-0.401371322167744,-0.324587382038765,-0.331115629472029,0.536573641491344,0.110605082136779,-0.187933380042728,-0.27598723992277,0.384090421106095,1.34742125157158,0.0522419865890743,-0.34206233531024,-0.0116151785806846,-0.345027724170349,-0.346182058858663,-0.3457453507605,-0.305898429974483,0.081394530978798,-0.247736286445383,-0.298531156071787,-0.186588037353225,0.693800986851897,6.35224936012467,0.0368287595950759
"50","2009",-0.225213915667432,-0.285719532634115,-0.258601368473975,0.223092635808838,2.39585215441065,-0.340600979084223,-0.401191155740513,-0.319512618484397,-0.339356319571052,0.508709676025044,0.153360213682765,-0.176581455494837,-0.274403655149354,0.3409333855229,1.24605028070191,0.0560911499969841,-0.343441653392579,-0.0338980642725457,-0.342531775799063,-0.344922068985309,-0.34847498354105,-0.307855744069097,0.062032700402735,-0.255783896872921,-0.299460921700135,-0.198481082182143,0.642970484496421,6.17582591781165,0.0456209283265986
"51","2010",-0.204157044456089,-0.283010616556513,-0.253601185050223,0.272497829001429,2.69674569138139,-0.336440236463962,-0.400063621823625,-0.313662221571621,-0.336367313669581,0.527072961518968,0.203200457637283,-0.16061177785963,-0.265197981026971,0.3541962187508,1.31486288121706,0.0893828916359026,-0.336778747390147,-0.0134631084837285,-0.341075391581753,-0.338449342315948,-0.347003268963558,-0.304046356730849,0.062840651817743,-0.245225422047974,-0.289414563772084,-0.178703260210865,0.669123250299141,6.35485966469624,0.0561864468305491
"52","2011",-0.19040695437483,-0.278621575869755,-0.250558315721085,0.30054410145368,2.99567942825317,-0.329718909359213,-0.397458354339391,-0.311553261211421,-0.333901197350542,0.548125275055664,0.236554349385048,-0.143795201407872,-0.260753833910368,0.35976486850347,1.31527721527603,0.108645282037811,-0.331675809119768,0.00191282844496184,-0.338543810481395,-0.334794501581699,-0.348465039523634,-0.299954807898437,0.0588008947427031,-0.239219649863081,-0.288206779990162,-0.150202048961856,0.680890337574129,6.46010051567677,0.0678872406561006
"53","2012",-0.192898759405526,-0.277569996028067,-0.249208415356933,0.314639746140127,3.26531560381457,-0.325671279937053,-0.395443222127374,-0.308845588135997,-0.335288387780001,0.551199633773284,0.273098613386948,-0.126345108179936,-0.267214959226078,0.33612711043875,1.33931687737796,0.121659514830324,-0.326120418056985,0.0177569628602978,-0.335224994668978,-0.328009367031868,-0.35190194054286,-0.296762778308067,0.0442411959102004,-0.240360725861508,-0.277707140601589,-0.136652082231083,0.697028649171339,6.61729885765319,0.0874396648992936
"54","2013",-0.187119213616836,-0.277530219958405,-0.248363588210676,0.337113225499118,3.55254440352021,-0.320151935937401,-0.393576804425651,-0.306128385377216,-0.336170919325626,0.556871867040699,0.318198875706752,-0.109294018650795,-0.269740739649611,0.321965172302866,1.37485430961655,0.139218992249831,-0.321095374589695,0.0238642468896402,-0.330918820794015,-0.320910167265331,-0.352651885189611,-0.293372282703447,0.0375414141765188,-0.238070701517534,-0.273528581616792,-0.111489574829322,0.717596191859029,6.74715115173704,0.100864088410195
"55","2014",-0.193301492110853,-0.276501014155903,-0.245446262101409,0.340995535631746,3.84851150852969,-0.315066814031558,-0.392076472377674,-0.30242382455589,-0.336525174946052,0.566339400288356,0.373877086552276,-0.0930782265845557,-0.261593689047917,0.321927882237558,1.38021164899914,0.157549131019037,-0.314362860465354,0.0368909097039226,-0.32613864875558,-0.313783621450902,-0.352013810738785,-0.29139549490806,0.044112752351917,-0.232885310769418,-0.271957012531086,-0.0955990349993806,0.754418059680444,6.91143460612199,0.114636552530639
"56","2015",-0.186750456304345,-0.274911628705662,-0.241613672055858,0.313541760883834,4.15002240324831,-0.311575635250606,-0.392035836970473,-0.296707257544164,-0.335999799359267,0.577464269771928,0.43841375957876,-0.0764940915398842,-0.264038674329949,0.327807282534462,1.40851066522737,0.174143210081124,-0.308313583204268,0.0523704301473576,-0.321074657886746,-0.306204208510009,-0.35055949819177,-0.289521461959301,0.0624346044399441,-0.223893433021468,-0.266904623015903,-0.0750592526936419,0.782837232785776,7.11019065421395,0.126432643189756
"57","2016",-0.191876597282026,-0.271763104191484,-0.239187331806481,0.289083621382336,4.46388045292449,-0.309037424805304,-0.392540363818888,-0.290775651155829,-0.333267680574364,0.588535275827832,0.510375298942137,-0.0585418254324659,-0.249129277551669,0.3376477164352,1.42239499954373,0.192042441428993,-0.302757777807426,0.0651402058450734,-0.314879120702841,-0.29712656361185,-0.348890974936264,-0.288566836287414,0.0774873608026312,-0.219560327432671,-0.261192613678826,-0.0631587498516628,0.809164018893267,7.23598247451981,0.141709139944291
"58","2017",-0.185075718037954,-0.268117378806533,-0.236045436637247,0.298638164782379,4.80409014875169,-0.307349842183085,-0.391578155696578,-0.284821670728308,-0.330078136988347,0.611945150160114,0.574493494569052,-0.0395487521688938,-0.244052442327006,0.350504502285302,1.45348248398889,0.211797889361086,-0.295176707530298,0.0756725776243056,-0.30963530885241,-0.28769673476356,-0.34593594442763,-0.286892512355083,0.0926851340859608,-0.214074544491797,-0.25400806109614,-0.0354004395704015,0.839522275394618,7.40793110899587,0.154831099592139
"59","2018",-0.191569575744323,-0.264114083128683,-0.232511167114161,0.3116896876402,5.15759996787211,-0.304123422865819,-0.391041593090201,-0.276938136588125,-0.328903085597085,0.63143956763505,0.63952322512572,-0.0191813328316901,-0.248314696791717,0.357759491658014,1.46449962661712,0.230546505529861,-0.288493499158975,0.0868430238543647,-0.302035593542627,-0.278471586940405,-0.343449940073759,-0.284665466788073,0.104696678455746,-0.20980234600967,-0.246441906845134,-0.023547170811146,0.86122095006332,7.63888091347046,0.171785649285537
"60","2019",-0.196403611210425,-0.261548940969548,-0.228014399572068,0.320784320234777,5.4902687838259,-0.300010742996399,-0.391036621081493,-0.268254937714114,-0.327626108027313,0.65105828532768,0.679622475353654,0.00159793456013822,-0.253228698731201,0.361583795022386,1.45993780862777,0.245441814950136,-0.282108196976058,0.0858071887069185,-0.298760282806402,-0.269005711028983,-0.341043073525153,-0.284214671331905,0.115369923815031,-0.205365656906129,-0.24242410947522,-0.0203373248562399,0.88198737309932,7.82408823783383,0.184920038955154
"61","2020",-0.219946486775639,-0.272625333368219,-0.239014140169828,0.291540622352078,5.62293854951081,-0.309396238100379,-0.394318156291992,-0.262367665070089,-0.329953422436595,0.56665429417318,0.606219053465032,-0.0073806844979248,-0.247236185236196,0.289738269195522,1.37461813920293,0.240627253184806,-0.290469043952185,0.0443489227655348,-0.30047272547216,-0.284631905729296,-0.348690437251718,-0.29366273087879,0.0532446750118021,-0.21030949089786,-0.254242159839463,-0.0123278331621275,0.736916589029195,7.59554157090131,0.18460514507033
"62","2021",-0.197774228277526,-0.265309436888836,-0.227104521978551,0.325014670976947,6.11409014302386,-0.296180638955202,-0.392672461868622,-0.256685487785259,-0.326884450061742,0.634812246875135,0.696452724829359,0.00833500635912783,-0.238460175532973,0.338443237828439,1.40457449166707,0.268557512100544,-0.286056386224064,0.0668928389145523,-0.291864521062824,-0.276160431559423,-0.344058596806398,-0.28680840254111,0.0800935220336057,-0.198998999755866,-0.251497611032789,0.0354531705192674,0.824962576562115,8.07289584025039,0.198419042596672
