-13.605,5.428,5.538,10.667,6.058,4.978,4.892,3.141,4.68,2.089,6.343,8.6,4.044,-13.746,1.184,4.954,1.398,5.245,-27.27,5.089,-10.851,8.351,1.879,9.933,6.379,-2.313,5.124,5.161,3.518,7.605,4.98,14.767,3.43,13.204,4.299,4.69,-2.932,1.856,3.723,5.741,10.391,8.207,12.044,-7.775,6.936,1.865,3.83,2.049,7.64,7.598,5,1.908,0.296,7.498,4.546,0.192,6.273,5.987,10.927,6.181,6.9,7.347,5.695,5.535,7.042,-4.298,2.993,-4.882,1.809,8.138,3.845,11.839,4.527,0.022,4.8,5.681,5.362,12.169,14.037,1.156,2.677,2.3,2.493,1.361,6.316,2.483
-19.685,-0.852,2.649,10.452,5.453,5.212,4.893,-3.426,4.47,5.579,6.667,6.6,6.129,9.063,3.042,-3.714,5.36,4.027,-5.58,5.412,21.201,5.202,5.442,1.227,5.667,17.047,4.919,3.876,3.606,2.982,6.843,7.449,4.109,0.365,3.537,1.105,7.888,5.765,2.931,1.842,7.909,6.204,8.909,9.457,3.895,15.332,1.359,2.271,0.668,6.421,4.664,1.91,6.844,10.891,10.279,4.103,2.814,4.483,8.245,6.374,3.3,10.035,4.846,6.614,8.323,11.334,-0.136,8.409,4.541,7.553,6.178,9.953,3.694,6.916,3.9,4.259,7.554,3.774,2.742,5.571,1.103,6.1,-1.575,-2.491,1.434,1.295
34.314,-5.308,4.138,10.524,-0.456,4.352,4.956,4.73,1.07,6.798,5.921,0.6,-1.268,4.135,3.743,-0.707,-1.599,5.84,10.3,3.287,5.214,-4.029,6.899,14.49,0.637,6.503,2.106,10.518,6.359,3.285,6.234,6.092,4.406,11.845,9.541,-12.279,-1.893,3.58,5.994,-2.237,7.042,5.61,8.474,8.778,9.021,10.615,3.439,-0.929,-1.391,7.339,8.107,1.895,3.625,10.865,9.428,8.579,3.785,8.689,8.539,4.073,4.71,4.328,7.016,5.874,8.651,-9.82,1.864,10.136,1.7,10.04,7.374,9.596,-6.265,-2.847,5.6,5.328,8,5,5.605,9.066,4.874,4.4,0.17,3.272,6.244,6.216
5.839,10.13,6.124,10.502,10.953,6.957,5,6.651,11.11,3.957,6.832,3.4,2.283,6.273,3.547,2.08,-2.511,2.557,18.18,6.167,-2.44,3.817,3.659,17.613,9.27,6.765,7.407,11.508,4.877,5.239,6.652,4.554,2.209,9.41,4.633,11.36,-1.647,5.417,7.453,3.53,8.475,2.798,11.677,4.964,9.474,8.251,7.866,3.963,2.661,5.359,11.905,7.532,8.275,11.698,0.131,4.95,5.01,7.57,4.432,8.57,4.212,6.548,3.402,6.311,7.061,-12.465,3.884,5.919,6.685,-3.103,7.94,5.309,3.67,-1.12,6.5,6.821,6.831,14.286,7.63,5.459,5.534,5.8,2.441,12.214,-1.106,6.98
6.207,10.569,3.48,10.426,1.606,3.561,4.931,5.294,4.76,4.913,5.814,2.4,3.765,3.967,2.026,0.948,0.606,0.95,16.95,3.6,0.997,3.676,8.191,-3.11,4.555,-12.482,3.275,4.914,-2.7,5.303,4.862,8.333,1.369,10.768,4.362,10.541,2.162,9.037,-2.636,1.082,17.036,3.268,5.82,2.009,7.318,2.154,-0.735,-0.452,13.616,7.685,7.1,-1.203,8.643,9.525,6.92,4.885,5.286,10.419,9.16,10.269,6.168,5.622,5.345,7.469,9.205,7.01,1.332,-1.061,7.18,7.834,6.123,6.253,0.885,6.777,12,3.822,8.182,15.46,0.694,2.824,2.142,6.4,1.046,16.647,4.911,5.98
-4.805,-0.66,5.643,9.072,2.567,3.156,4.771,3.576,14.364,7.171,6.344,6.7,0.538,4.613,4.615,0.645,-1.807,11.236,10.65,5.237,6.775,1.359,6.969,11.577,2.741,13.463,-0.34,5.046,0,2.373,5.252,4.508,-4.258,6.495,5.512,5.233,-0.576,5.374,-0.055,2.791,11.502,5.985,10.639,14.729,11.994,-0.406,1.106,2.065,13.249,7.817,6.096,7.041,2.741,3.301,-0.382,-4.251,3.787,5.79,7.581,5.814,1.992,8.239,4.441,4.078,7.499,7.009,2.877,13.897,1.7,10.18,4.438,7.246,0,-3.575,19.2,2.091,11.123,9.409,4.057,11.213,1.573,6.5,3.063,-5.57,1.523,2.379
9.453,3.192,3.008,9.598,-1.876,3.868,4.913,1.078,13.275,6.317,5.925,4.2,8.823,13.822,-10.912,4.677,0.767,3.616,-5.77,4.135,-0.986,2.116,5.65,4.598,5.53,3.328,4.621,0.805,13.352,2.169,4.921,4.115,3.075,5.669,4.112,4.314,-2.118,5.978,7.826,1.38,11.253,7.179,11.082,3.361,9.08,10.912,0.217,5.529,7.282,3.857,5.855,-1.571,5.28,6.97,0.123,-15.744,6.256,5.401,8.553,4.07,9.15,3.853,5.223,7.544,6.223,6.916,-1.22,0.505,0.036,12.509,7.197,4.34,-9.524,1.424,12.1,3.365,8.616,5.5,2.043,4.733,2.786,2.5,-3.657,7.92,8.367,6.305
10.796,4.823,4.472,8.422,9.489,4.194,7.367,3.842,2.105,8.529,10.567,9.8,3.071,-0.298,6.346,1.404,-0.457,3.592,-4.1,5.933,4.333,7.631,8.473,12.548,5.553,0.239,1.909,-1.607,7.916,2.303,4.491,2.509,0.369,7.204,8.766,1.025,3.182,6.598,3.388,10.915,14.404,6.545,12.882,7.983,13.166,-0.367,4.184,6.829,-1.923,7.978,9.423,0.675,6.416,1.343,0.383,-1.248,2.26,7.233,6.977,4.36,4.527,0.152,5.038,8.876,5.18,7.014,6.291,7.553,2.02,13.527,4.153,6.597,6.51,1.963,7.6,3.639,8.122,5.024,5.215,6.778,5.441,4.8,1.889,1.248,1.97,5.094
8.433,9.68,6.276,8.982,1.221,6.63,5.106,2.877,3.436,4.474,15.123,9.5,2.026,-1.46,4.901,7.092,6.881,3.938,16.94,6.103,9.329,7.549,5.492,9.539,6.509,10.891,4.669,5.28,2.596,9.593,7.109,8.083,6.006,11.564,4.737,6.994,3.812,0.655,6.54,6.822,15.517,6.098,12.478,7.959,14.561,1.548,9.973,3.721,5.882,4.889,3.419,4.463,6.429,6.238,-5.486,24.197,4.505,5.508,8.441,8.273,4.701,3.514,4.689,2.121,9.375,11.007,-6.554,0,8.525,13.834,4.716,8.907,2.861,1.389,4.5,5.009,6.551,10.831,2.731,4.081,1.924,3.1,5.865,-0.437,12.428,7.046
8.863,3.046,6.321,-5.65,5.62,5.583,4.808,2.098,6.312,5.231,17.12,10.4,0.117,21.326,3.092,2.333,1.86,1.829,19.3,6.208,-0.245,6.358,7.503,10.375,1.597,18.227,6.872,5.599,12.703,4.814,6.109,8.679,9.723,8.565,5.708,4.255,0.651,3.627,5.157,7.555,10.928,5.269,2.455,-4.655,10.053,2.177,11.094,5.276,0.479,5.987,6.502,2.576,6.14,1.354,3.056,25.007,1.943,11.353,6.959,10.843,5.553,3.366,3.692,12.613,8.398,6.001,8.562,8.872,8.62,13.942,5.249,4.289,10.746,5.925,2.7,7.289,11.408,2.524,3.534,3.234,6.841,-0.283,2.333,4.797,22.565,7.176
-11.332,5.658,5.115,1.627,-5.479,3.986,3.959,-1.497,3.438,5.063,25.821,11.343,1.413,2.747,3.48,1.13,-2.248,9.423,7.06,5.961,6.005,7.753,6.779,9.457,3.005,10.871,6.293,4.057,6.889,2.357,5.317,10.259,5.216,7.841,5.584,3.113,6.48,3.995,1.643,7.024,13.702,1.818,4.699,22.174,10.546,5.114,2.667,3.929,16.219,10.035,3.762,-1.195,4.317,3.305,5.679,14.238,5.672,0.468,9.616,6.295,5.538,4.591,5.389,6.632,6.365,1.207,-0.14,15.852,3.466,12.413,4.279,4.649,2.968,2.247,3.9,0.945,4.895,0,1.04,5.567,3.505,3.293,-0.252,-0.086,8.918,4.001
27.424,1.628,6.208,-3.497,-13.974,5.296,10.218,6.426,1.813,7.967,26.362,11.94,2.311,-6.404,2.674,-0.001,1.15,-1.02,3.81,7.669,0.151,8.618,8.178,4.237,3.929,10.394,5.018,3.056,7.485,7.735,4.511,11.337,-2.488,10.16,7.333,-3.318,0.977,5.762,-0.553,7.038,14.499,3.69,8.414,17.082,7.214,-0.203,6.598,-1.273,6.231,9.388,8.229,3.118,3.534,2.221,-5.166,3.364,5.331,0.813,4.583,5.644,6.631,3.478,5.43,8.016,7.174,0.263,6.383,6.308,0.9,13.316,1.655,8.15,25.831,-5.071,-0.6,2.289,4.279,7.625,5.78,7.426,4.322,5.259,-1.32,9.209,8.33,3.91
3.813,2.812,4.89,7.568,3.326,6.382,5.352,3.706,1.484,5.739,21.303,13.969,0.449,6.889,5.356,1.889,-8.381,-5.029,7.76,6.723,8.137,8.231,7.709,5.939,4.093,12.896,13.951,3.507,11.613,6.984,6.345,10.182,2.885,8.092,6.783,1.245,4.755,7.87,3.296,8.104,7.442,7.126,8.033,5.897,14.898,26.405,8.313,-2.618,2.301,11.701,7.861,-0.477,5.444,6.417,-17.048,5.393,4.533,7.064,5.364,6.529,7.303,6.277,8.782,11.201,6.345,3.438,-5.583,9.054,2.257,10.603,4.572,7.788,-11.101,0.632,-1.8,3.968,10.236,3.837,1.656,3.262,6.524,5.646,0.275,-0.962,2.605,2.619
7.495,5.534,3.942,-16.754,9.592,4.565,13.56,3.339,0.877,2.94,8.798,8.154,8.286,-0.727,10.734,6.339,4.962,2.382,2.31,5.746,3.131,7.886,5.545,4.327,-1.122,6.002,11.209,1.559,2.601,3.237,4.301,39.487,6.853,-6.438,6.375,7.703,5.78,-1.228,1.185,7.234,5.801,5.5,-1.225,4.066,9.512,10.98,4.212,2.007,7.176,8.319,5.777,6.334,3.439,14.192,8.775,11.161,3.923,3.54,2.448,2.611,8.382,9.387,3.395,1.143,2.917,1.41,4.201,1.303,3.5,6.117,6.111,5.619,-8.821,11.445,0.4,3.198,4.466,4.833,3.808,5.594,-2.484,-0.541,2.895,6.428,6.625,4.107
5.045,-0.028,-0.364,-14.803,-4.088,-1.966,3.593,-4.895,3.768,7.311,8.446,5.167,2.998,0.698,11.245,0.405,9.01,-12.912,8.72,2.323,-4.982,7.732,2.1,8.253,-1.457,5.193,10.972,8.939,0.53,1.805,-0.96,19.19,-12.432,6.367,1.95,8.483,1.123,2.131,9.15,5.607,-0.326,-2.09,3.092,0.882,7.84,-13.513,-6.571,1.259,6.087,0.801,5.744,1.456,0.002,-0.153,-2.793,-5.228,4.952,4.211,1.741,-0.88,6.852,4.301,5.451,-4.348,-0.655,-2.114,7.536,3.177,1.669,3.989,1.695,0.542,-7.609,15.713,2.8,2.553,4.97,2.441,1.478,7.174,-1.474,-0.205,6.097,-2.269,-1.931,1.336
8.387,-2.018,4.578,5.185,5.661,5.653,-0.034,0.884,8.939,4.615,10.647,10.257,8.535,7.943,-5.495,5.433,2.981,3.833,-1.57,4.728,-5.309,0.916,5.518,12.916,5.925,6.728,7.397,13.28,2.736,0.344,4.357,35.625,-3.53,6.852,7.387,1.537,8.439,10.501,1.663,7.08,18.26,7.125,3.975,2.154,13.221,11.049,2.534,-3.069,4.998,11.563,4.417,4.399,4.456,5.209,0.678,9.042,5.825,5.156,1.664,-3.388,7.526,1.447,8.778,6.9,6.243,19.505,8.921,16.278,-0.449,7.437,2.25,3.304,10.377,16.665,8.8,1.058,9.327,-2.052,6.405,10.461,2.91,5.388,3.935,6.221,0.465,2.589
5.259,6.934,5.08,9.155,2.673,0.626,6.497,4.984,5.897,4.971,12.012,4.934,0.37,11.469,13.74,3.806,2.235,10.445,7.57,4.159,0.761,-8.953,8.904,7.314,1.87,4.982,1.605,9.003,5.904,0.24,3.464,-12.582,2.274,2.941,7.809,-2.639,3.708,10.384,7.255,8.264,-2.774,2.561,4.39,9.454,12.336,21.809,1.57,2.364,4.918,7.753,3.391,3.017,2.52,8.368,7.765,6.024,4.161,3.948,1.094,0.835,11.494,0.349,5.563,5.603,5.951,1.994,-2.683,-6.19,0.047,6.852,-0.094,2.839,13.229,6.224,10.2,-1.596,9.843,6.959,9.122,3.407,2.458,4.624,1.455,-4.564,-6.861,3.595
9.215,-4.506,-0.211,14.18,7.074,2.842,7.921,1.255,1.453,2.053,14.333,4.97,4.608,-0.941,22.003,1.209,-0.47,7.701,11.326,8.47,-5.345,6.36,6.268,10.909,2.226,2.141,5.707,8.629,1.863,2.92,3.979,-24.049,8.476,7.247,4.997,-1.806,6.209,5.966,5.713,6.87,-12.841,3.24,5.272,6.912,10.953,18.317,4.075,-2.662,9.745,6.654,8.957,4.406,2.696,-7.839,13.473,-5.764,3.869,8.049,9.793,8.55,12.029,-2.643,5.192,2.816,6.932,9.151,-3.954,21.152,2.406,7.777,3.014,1.463,9.777,-5.931,6.6,1.752,10.296,11.045,10.016,1.503,4.204,5.535,5.374,0.554,-2.707,0.893
7.478,10.223,5.357,26.139,4.802,2.341,7.517,6.536,2.148,0.133,12.149,6.76,3.665,1.665,6.035,-2.465,-21.441,8.418,7.591,5.379,0.43,9.813,4.939,2.394,3.869,4.531,3.734,4.548,12.225,7.122,3.55,0.474,-2.515,3.282,4.713,-1.836,7.56,5.61,-5.238,7.143,-12.021,5.959,5.484,7.615,8.671,2.894,2.346,9.855,4.396,9.349,9.698,2.369,2.014,-26.479,7.147,6.759,4.372,3.758,4.515,1.832,11.862,4.091,5.596,5.639,7.907,11.87,7.002,15.794,4.511,9.554,3.791,0.042,3.382,-5.019,-0.6,3.84,5.372,-5.168,3.599,-0.624,3.749,3.166,6.199,-3.024,3.297,4.05
0.791,1.519,1.731,6.495,0.819,4.444,13.437,6.782,7.944,-1.372,11.987,9.2,0.797,0.991,-1.965,-4.479,-6.048,7.987,7.834,4.087,2.195,17.637,0.752,-10.958,-0.483,7.969,3.709,10.011,-1.603,5.389,1.579,2.553,0.472,0.677,3.76,1.734,7.375,0.599,6.736,10,-21.6,3.43,2.818,5.592,-1.646,-2.745,0.841,0.953,0.407,7.442,9.233,-2.319,1.342,4.612,-2.455,4.205,4.565,10.216,13.084,-2.303,11.712,5.943,5.201,4.589,4.243,8.952,3.988,-4.249,4.844,10.113,6.621,2.209,2.443,1.524,-8.8,1.7,5.174,14.577,10.391,-2.447,-2.031,-0.257,5.843,3.036,14.421,3.036
3,-5.19,-0.144,-9.226,7.234,-0.279,1.134,9.954,2.381,0.276,9.065,-4.25,4.255,12.163,17.083,-1.544,1.043,6.525,5.113,2.277,2.351,17.62,-2.262,3.5,-0.666,4.28,5.613,7.349,6.33,1.316,1.069,5.095,-3.503,-1.554,0.647,1.496,-2.853,-1.222,6.006,7.879,-5.697,0.844,4.261,3.774,7.246,0.695,-0.551,-9.8,-5.29,6.942,8.526,8.342,-0.784,5.363,-0.178,-13.128,1.598,7.921,9.207,-0.275,9.17,5.552,3.422,1.618,1.148,5.436,5.18,-8.215,2.881,10.816,5.361,-0.132,4.614,7.438,7.1,0.455,5.907,-3.315,4.577,4.857,-0.788,2.538,1.56,6.168,12.525,3.339
6.4,-0.736,2.011,6.699,2.134,0.595,-0.108,2.235,-5.285,-3.939,12.166,0.83,9.562,-1.054,7.516,7.716,5.347,-11.014,9.017,0.948,-0.458,23.598,-7.286,0.201,3.685,1.699,0.615,9.907,-5.978,3.108,2.505,-3.098,-6.924,-1.133,-3.53,-13.19,-3.564,-2.075,3.476,2.247,23.171,0.414,3.28,1.506,8.338,4.457,1.131,-1.9,2.503,5.943,-0.521,3.779,-1.241,-0.816,2.174,-6.803,0.235,6.537,5.348,0.353,-1.398,-0.223,3.698,2.135,-1.557,1.811,8.01,-1.118,4.782,7.102,-0.383,1.246,4.477,5.959,-4.2,1.249,5.352,-3.582,3.799,3.563,1.995,-1.803,-9.758,-2.813,2.634,3.325
5.4,4.349,2.973,3.597,3.881,0.312,-2.143,-4.348,2.009,-4.042,13.147,-2.93,0.346,3.715,6.867,-8.127,15.679,-5.017,10.77,1.574,1.412,5.854,2.863,-3.9,2.596,4.628,-0.337,5.094,-3.96,3.117,1.241,5.608,-4.564,-1.079,-2.572,-6.792,0.908,0.906,7.289,4.396,11.087,1.169,3.63,1.309,13.376,1.986,2.989,0.9,3.719,6.252,-3.486,-2.977,2.07,4.613,-3.864,-10.924,3.973,6.778,-4.491,3.223,-3.043,-10.408,1.897,-0.173,-2.342,5.98,-5.647,-1.709,-2.103,8.554,-1.847,1.77,2.169,2.063,-3.9,1.901,5.584,-5.414,-10.3,4.971,4.222,4.584,-10.274,-1.967,1.585,-2.225
5.6,1.571,0.051,14.171,4.803,2.466,1.972,7.93,0.481,-0.201,8.545,5.4,-1.779,0.156,7.475,9.482,2.049,4.104,15.192,3.351,5.541,6.976,8.024,-2.701,4.166,1.253,2.625,9.746,8.393,3.238,1.514,7.509,8.648,2.011,0.497,-5.029,0.301,6.327,3.821,6.842,-7.14,3.226,4.411,1.755,10.552,5.535,6.187,1.76,5.36,7.762,3.411,9.681,3.062,-1.566,-16.82,-1.116,6.052,5.065,2.709,-0.355,2.817,3.608,-7.039,-1.88,5.929,-4.241,3.936,4.511,4.093,8.792,5.099,1.785,6.586,-5.009,-1.9,4.23,5.752,5.556,-5.751,6.712,2.269,7.237,-1.143,-0.337,-1.907,4.592
3.7,-5.189,2.499,4.829,3.342,1.652,1.013,7.53,-2.003,-1.676,7.125,7.85,8.517,11.783,8.063,3.927,21.793,4.01,13.431,3.107,0.468,-1.186,0.722,4.501,4.004,-2.123,3.935,5.792,-4.613,3.549,1.623,-2.333,5.092,2.51,-0.609,2.4,0.604,5.626,5.254,2.463,1.868,2.798,5.16,4.301,7.839,2.61,2.792,1.156,4.571,-1.025,2.188,6.145,2.58,-4.082,7.718,5.913,5.553,7.592,4.942,4,4.523,2.061,-6.858,2.807,3.097,4.403,3.463,11.126,-5.311,-0.623,-1.212,2.321,6.179,-6.281,2,2.16,4.647,5.556,-4.119,4.241,4.147,4.17,1.467,1.615,6.944,5.278
0.4,6.153,2.301,1.797,4.173,1.823,4.539,2.171,6.667,-2.574,8.173,7.49,7.955,3.25,6.772,3.578,-4.082,5.378,8.95,5.824,4.717,-6.862,5.536,3.259,4.904,3.522,3.465,4.745,7.75,2.756,2.337,-0.804,5.199,0.518,0.143,-0.901,-0.498,5.331,4.777,5.769,-9.785,2.86,3.294,7.178,11.327,4.685,9.984,1.96,-0.215,1.241,-3.079,4.566,2.787,-1.017,6.352,0.061,4.042,5.502,3.568,4.693,4.965,9.426,3.511,4.141,4.977,5.472,3.127,-0.177,1.236,1.343,0.018,3.253,5.6,5.414,0.8,2.691,5.534,1.587,-3.279,7.012,3.15,3.463,8.81,0.724,2.099,3.966
-0.7,2.705,1.357,2.985,3.772,2.307,10.735,-1.5,3.75,2.463,11.882,3.53,-0.236,5.503,-2.147,-4.939,-2.389,6.46,11.657,5.369,2.676,0.189,4.765,-0.349,0.254,10.117,-0.259,3.833,-6.615,3.575,2.562,-17.146,4.795,-2.259,3.544,0.899,-0.794,6.638,3.965,5,-0.172,3.192,4.649,5.937,12.724,0.73,3.951,1.175,1.625,5.192,1.722,1.696,1.931,-0.706,0.088,3.2,1.753,6.452,-1.809,2.77,7.582,9.726,4.362,6.381,5.769,-0.024,6.256,4.404,7.231,10.798,2.101,5.547,0.438,14.221,-6.2,3.354,9.519,0.51,-4.562,9.486,5.393,3.459,7.993,2.676,1.151,2.559
-1,-1.09,3.296,2.31,2.416,4.723,9.788,3.405,4.056,2.909,19.45,-0.06,5.796,5.031,-7.824,1.71,15.482,7.345,11.223,4.064,0.47,1.766,3.432,1.136,-0.014,2.156,5.89,5.461,0.956,5.217,4.743,12.845,5.628,4.288,3.892,-3.694,0.2,1.746,9.628,5.628,-6.082,4.194,6.662,6.203,11.988,8.602,8.463,3.407,3.177,9.938,1.283,7.697,3.441,-12.45,6.871,7.334,-0.255,7.625,-13.38,2.909,5.915,-9.441,6.697,7.489,5.888,4.499,-0.817,5.397,-7.08,11.264,4.2,5.094,14.075,-0.331,7.8,2.559,13.288,6.642,-3.92,2.321,5.732,4.177,1.481,6.281,7.552,5.757
4.4,-7.157,3.887,6.727,2.837,3.469,13.009,-2.854,0.444,3.79,13.059,3.16,2.15,1.35,-1.819,1.977,4.885,9.923,4.206,3.414,-1.266,2.6,5.666,2.948,0.645,4.401,1.006,4.921,7.439,5.087,4.344,8.545,5.086,3.8,3.943,-4.917,-2.913,2.728,5.947,7.787,6.132,3.388,4.926,4.69,7.073,5.795,9.798,4.075,1.345,9.06,4.106,4.33,4.42,-1.738,0.957,1.919,1.038,4.96,1.562,-1.42,6.935,-12.312,6.184,6.441,4.335,-0.037,3.974,11.199,0.73,10.159,2.395,4.827,1.406,8.931,4.2,2.655,12.191,4.06,-0.83,0.29,2.578,3.673,1.104,-1.024,5.2,3.875
0.8,-2.467,4.346,-1.596,5.622,3.137,11.443,8.976,0.019,4.636,6.773,-4.35,-0.603,3.5,-6.106,-2.148,-4.178,3.334,3.92,4.282,-6.568,1,3.553,-1.096,1.475,-5.454,3.68,5.667,5.8,0.67,2.924,5.192,3.329,0,3.103,-3.067,1.038,2.792,5.533,7.224,13.595,1.986,4.841,4.192,9.878,6.045,5.32,3.129,5.692,9.009,5.176,4.635,4.183,-0.052,-1.308,11.777,1.932,4.459,8.099,-3.012,4.123,-4.983,3.083,3.951,-2.841,-2.399,-0.746,6.996,3.35,9.821,-0.318,3.781,4.149,-5.47,-4.5,0.755,11.167,-0.244,1.509,9.266,0.734,1.886,0.297,-0.481,6.989,3.576
-1.2,9.133,3.442,-4.182,3.485,1.833,11.453,4.226,-3.534,5.267,7.459,1.032,9.07,4.997,-3.809,-0.553,8.535,7.804,9.263,2.002,-8.421,2.395,2.266,0.041,1.394,0.944,4.291,1.125,-2.7,-5.886,1.048,6.113,5.282,3.1,3.658,6.058,1.881,-3.319,1.057,6.776,12.716,1.538,3.523,1.438,10.778,6.967,8.644,-6.306,8.73,9.545,4.215,6.368,2.439,-0.189,-0.439,0.358,3.085,5.062,9.419,9.547,3.494,2.219,-0.436,4.368,2.304,-2.514,2.66,2.76,2.352,6.688,-1.018,2.546,1.136,7.511,2.7,-1.146,8.558,-0.7,3.112,0.72,-1.103,-0.108,3.539,-0.036,5.532,-0.383
1.8,7.937,2.094,-3.826,5.443,1.531,12.038,2.958,-0.06,1.646,2.917,-0.544,0.233,1.01,-3.1,-6.424,8.001,11.167,14.225,4.045,-10.5,2.612,9.201,-0.245,1.957,11.221,2.114,4.473,6.1,-3.295,1.599,-3.09,3.879,0.7,4.838,7.758,-5.31,6.074,5.482,6.498,3.298,0.834,0.901,-0.799,6.199,6.956,1.82,1.181,-7.333,8.885,3.541,4.106,1.706,0.386,2.001,4.631,3.574,7.706,8.202,13.849,1.696,-0.541,0.418,1.089,4.564,5.873,1.32,7.161,-19.013,6.64,-2.137,0.929,6.378,6.578,0.4,-1.159,8.083,-3.981,10.093,5.036,0.401,3.522,7.932,-1.731,-9.016,0.429
-2.1,8.207,0.527,0.308,4.712,-0.962,6.237,5.836,3.009,4.269,1.916,4.925,3.461,-6.24,-7.932,0.335,-15.71,6.589,13.884,5.385,-13.469,-0.98,7.097,-0.192,0.011,7.365,1.973,2.901,2.13,-0.662,-0.629,3.947,4.85,-1.6,3.927,8.175,-5.426,6.496,4.751,6.496,-1.471,-0.853,-0.459,0.353,6.877,3.51,4.201,2.1,9.692,9.895,1.941,3.85,1.258,-0.393,0.322,-2.035,2.845,1.758,5.456,18.202,4.936,5.244,2.182,-2.043,4.645,-8.109,1.36,6.197,1.375,11.46,1.234,-1.031,4.251,4.569,-6.7,-2.066,8.252,-15.096,-0.669,7.651,2.49,2.752,2.658,6.797,1.051,4.047
-0.9,5.836,2.402,3.149,3.89,3.227,0.197,2.02,0.6,4.667,3.628,5.853,1.315,-3.83,1.877,4.9,10.137,5.03,13.037,5.815,-3.9,-5.493,4.519,0.811,5.332,2.6,4.258,3.973,5.1,3.963,2.358,3.713,3.3,2,4.034,8.532,-11.951,0.212,6.659,7.54,-1.698,2.151,1.083,2.633,9.269,5.98,3.821,-0.042,-10.24,9.212,4.941,8.216,2.961,3.338,1.855,-1.815,5.055,3.737,2.85,5.942,5.318,12.308,4.374,0.965,4.186,-50.248,-0.048,-0.799,-1.947,11.096,3.2,2.383,-1.248,1.006,3.4,3.93,7.997,14.982,3.567,-4.668,3.846,4.029,7.281,-8.625,9.235,3.981
3.8,-2.845,2.668,4.379,5.121,2.385,0.64,6.045,4.399,4.678,7.03,4.224,5.716,-7.92,2.894,7.2,1.237,8.933,10.954,5.202,0.7,3.985,4.154,7.126,3.028,5.685,2.253,4.642,2.5,4.217,2.107,4.974,4.112,2.1,4.949,5.031,9.898,6.189,7.574,8.22,2.401,2.887,2.631,4.406,9.615,3.291,1.432,1.679,16.729,9.829,-6.291,3.468,3.116,5.912,2.457,-0.073,4.155,4.963,1.752,-3.312,6.823,7.411,4.625,4.283,4.549,35.224,5.469,-0.826,-8,7.175,3.1,2.757,7.767,5.997,0,3.935,8.12,7.846,3.81,7.878,2.532,2.684,-1.448,2.898,0.158,3.887
4.1,5.527,2.35,4.224,4.523,1.321,1.027,4.324,2.6,4.361,5.83,2.209,11.015,-8,4.215,-4,2.214,6.803,9.923,2.056,-1.023,4.29,1.35,7.729,2.9,5.978,1.732,4.989,4.8,3.667,1.413,3.625,4.602,2.862,2.958,7.956,4.141,1.871,7.55,7.818,6.351,1.267,3.134,4.147,7.891,5.597,1.398,2.154,7.317,10.003,6.773,5.328,3.499,6.344,0.101,4.196,5.028,4.847,4.08,7.734,1.574,2.799,5.86,3.504,2.314,12.746,2.02,4.918,1.754,7.471,4.3,2.661,1.288,5.919,1,1.579,5.652,8.836,7.134,7.38,1.908,3.773,5.578,6.219,10.361,3.857
1.1,8.111,2.094,6.876,4.49,3.794,3.584,5.735,4.6,4.954,8.326,3.395,6.317,-1.59,4.527,5.3,5.653,7.392,9.237,3.43,-5.617,-0.625,5.476,9.649,3.261,8.885,4.328,5.492,-2.2,6.334,2.336,5.738,4.196,4.484,4.364,6.181,2.705,4.598,4.05,4.7,1.35,1.83,0.981,0.475,6.171,3.704,5.42,3.693,3.792,7.323,6.847,5.049,4.329,3.967,1.527,2.937,5.285,1.014,6.461,-3.904,4.243,6.477,5.186,4.401,4.88,13.85,3.046,11.962,-5.877,8.316,2.6,3.702,3.505,18.313,5.7,3.071,-2.754,14.377,7.523,7.578,4.367,4.447,8.548,3.814,2.681,3.913
5.1,3.85,3.581,-4.504,5.177,1.962,3.927,3.961,3.9,5.029,0.444,0.338,7.308,4.75,4.726,4.7,6.952,4.181,7.846,0.57,-1.624,3.738,7.155,4.264,2.218,6.714,3.267,5.575,1.3,5.457,3.589,3.478,4.7,3.895,4.994,-1.679,2.182,3.59,6.184,-13.127,2.08,1.811,-1.27,3.29,-5.129,1.538,6.675,3.917,3.895,-7.359,5.164,3.016,4.664,3.712,9.973,2.581,2.624,2.55,7.342,-3.769,0.068,-0.392,-0.514,4.808,5.531,8.859,5.898,8.403,1.785,-2.191,0.5,4.393,4.09,4.309,2.3,4.312,-7.634,-2.3,8.125,2.404,3.157,4.481,4.519,-0.386,2.885,4.613
3.2,-3.385,3.556,12.198,4.67,3.543,8.952,5.341,3.383,0.427,9.667,0.468,7.395,-1.01,4.511,3.6,-0.683,-0.274,7.662,-4.204,-4.27,-2.582,4.215,1.167,2.948,5.94,-4.739,6.053,8.8,4.38,3.421,-8.933,4.4,3.073,3.847,2.96,2.71,-0.736,8.846,0.791,2.003,1.626,-0.334,2.305,11.467,0.476,8.175,4.699,3.042,6.138,2.754,4.413,5.034,7.036,-0.22,0.584,2.013,3.66,3.917,1.856,-1.366,1.495,3.346,3.907,5.39,4.352,6.283,1.872,-1.979,5.718,2.4,4.491,2.71,3.104,-1.4,4.247,4.572,2.482,8.025,-3.263,3.014,4.794,-1.939,4.65,-0.818,4.956
3.8,-0.789,3.376,4.149,5.293,3.717,13.006,5.858,9.317,2.508,1.988,4.388,1.888,-0.857,3.832,-2.489,-0.88,4.972,8.49,2.925,-6.911,7.576,3.869,-0.266,3.747,4.662,1.092,6.37,-1.7,5.773,3.924,-1.883,3.7,3.92,3.609,-1.364,0.87,7.291,3.841,4.92,5.846,3.787,2.765,0.6,9.061,3.876,6.938,4.457,1.576,8.859,4.942,6.2,4.196,4.102,-1.208,5.016,3.205,4.26,2.715,-2.495,-2.314,2.694,4.383,3.816,3.272,8.371,3.887,1.514,6.653,9.038,4.2,5.246,1.639,6.346,2.1,4.766,4.455,-0.783,6.901,6.933,4.093,4.077,-1.93,3.897,-3.059,3.901
3,-4.409,1.267,2.625,5.077,1.1,5.042,5.333,7.222,1.684,0.251,1.39,6.613,2.056,4.324,4.465,11.658,3.154,8.336,1.678,-2.1,3.803,3.491,-2.154,0.823,2.46,4.016,3.535,2,2.61,1.984,2.135,4,4.132,2.333,2.28,-0.343,2.723,4.824,3.643,2.392,1.951,0.386,3.78,4.852,3.562,3.074,5.98,-4.975,0.518,-0.404,4.8,2.327,2.961,7.268,5.918,2.075,3.554,0.574,-0.121,-0.834,0.618,3.049,1.944,6.313,8.485,4.311,-2.271,-6.345,-1.071,2.7,3.933,1.748,6.5,4.2,1.449,3.444,0.823,4.169,-5.75,2.157,0.954,-3.844,5.317,1.44,2.041
5.6,-10.894,1.652,2.705,3.833,1.707,5.113,4.643,-1.478,2.486,6.07,3.053,4.353,4.447,4.477,3.617,8.491,3.203,9.134,2.504,2.948,4.582,3.417,-2.731,0.466,4.495,4.097,2.39,3.2,1.707,1.136,-0.249,4.5,3.923,3.839,1.133,1.052,3.754,3.804,4.499,8.079,0.254,0.042,0.547,7.725,0.724,3.225,-12.408,1.7,5.391,-0.04,0.12,0.217,0.754,4.918,15.329,1.446,2.508,2.229,-0.159,-0.021,5.454,3.716,0.771,0.916,13.192,0.069,1.213,26.417,3.923,3.7,2.731,5.342,6.006,2.8,2.197,6.149,3.827,7.937,6.448,1.771,1.696,-7.732,4.506,-8.894,3.994
7.2,8.837,0.941,-1.265,4.74,1.038,9.332,3.444,3.411,2.711,4.626,1.141,7.802,-1.224,5.453,-5.397,14.722,4.723,10.038,3.918,5.578,0.813,4.317,-4.726,0.39,-1.346,2.723,3.193,1,2.004,0.823,2.247,5.2,5.795,2.56,-0.632,3.481,4.547,7.86,4.78,8.639,0.139,1.535,2.932,3.147,4.56,2.619,9.785,5.706,5.788,1.446,3.945,0.156,2.521,2.171,7.347,0.91,5.777,4.205,2.164,4.321,4.165,5.087,-0.931,0.053,2.202,5.594,-5.887,9.313,4.548,2.949,2.982,6.691,6.289,6.3,2.31,7.189,6.72,14.441,5.763,3.123,2.796,0.805,6.945,-16.995,3.111
4.3,9.03,2.735,0.883,5.24,3.571,4.631,4.43,2.321,4.173,2.706,5.76,4.478,4.834,7.049,5.995,33.629,6.674,10.114,5.333,6.738,3.477,4.425,3.185,2.668,2.57,8.211,4.092,5.3,3.992,2.83,0.69,5.6,5.061,3.138,1.563,-1.318,6.232,7.923,5.031,4.337,1.424,2.186,5.104,5.197,1.692,4.232,5.257,5.42,6.783,3.921,4.683,1.985,5.312,0.364,9.251,3.969,7.547,7.522,2.721,4.057,4.958,6.569,1.789,8.749,7.448,4.643,-2.85,6.598,9.94,4.555,3.123,4.115,5.141,8.5,4.337,6.289,-0.979,7.95,9.796,2.345,3.853,5.004,7.032,-5.808,4.217
5.9,8.852,2.244,3.395,6.536,2.322,2.198,1.713,1.674,4.421,4.557,3.202,8.662,0.9,2.228,0.908,17.333,5.837,11.395,4.829,6.135,7.756,3.977,0.996,2.337,9.428,5.291,4.472,0.7,2.78,1.663,2.676,5.9,0.599,3.276,-1.951,3.072,6.051,7.923,5.693,3.19,0.818,1.804,5.907,4.309,3.466,2.483,4.756,3.269,5.332,2.308,3.479,2.051,4.282,7.332,6.439,2.625,6.519,7.191,6.345,2.133,6.285,4.943,0.782,-1.987,9.378,4.31,9.006,4.505,7.366,5.277,3.652,2.489,5.644,4.5,2.859,4.188,-4.666,6.209,8.992,2.668,3.483,7.46,7.236,-5.711,3.154
1.7,8.047,3.454,2.517,6.672,2.552,4.585,3.944,5.544,4.797,8.364,3.962,6.253,5.414,3.81,4.771,0.648,6.05,12.721,6.717,5.321,7.986,7.327,2.816,3.913,9.174,4.404,6.844,1.852,4.027,2.449,-2.807,6.4,5.652,5.351,5.13,1.769,6.567,8.061,5.501,5,1.791,1.372,6.472,5.264,4.23,6.017,5.399,4.7,5.585,4.495,3.365,3.461,4.153,5.931,6.059,2.4,5.899,8.652,5.41,4.807,7.529,5.316,1.625,-1.409,9.227,2.331,9.406,4.224,9.007,5.604,4.103,6.997,6.531,5.794,4.663,4.968,2.65,13.208,6.948,2.16,2.783,4.099,7.904,-3.461,2.741
3.4,9.008,3.727,1.447,7.059,3.677,3.275,5.986,3.345,4.564,5.793,6.07,4.111,3.452,4.328,4.608,3.271,5.168,14.231,6.738,6.259,-6.614,8.215,1.101,0.909,7.416,2.19,7.088,-0.851,5.299,2.425,6.008,4.347,3.274,6.338,7.191,4.707,6.188,7.661,6.345,8.156,1.487,1.484,6.851,5.8,4.188,8.099,5.711,9.6,6.299,2.291,3.412,3.773,5.077,3.143,6.591,2.994,4.833,11.984,7.815,5.422,8.518,6.519,2.507,-1.163,7.633,2.827,10.421,8.058,9.022,5.36,3.605,3.323,5.735,5.111,3.439,5.435,-1.175,4.754,5.044,2.563,2.011,6.542,8.352,-3.653,3.778
2.4,4.057,1.46,-2.324,6.014,0.447,-1.52,4.897,-1.866,6.148,3.252,5.094,5.8,4.862,2.848,2.054,3.053,3.789,9.651,3.283,6.226,6.306,4.738,4.783,-0.512,3.21,6.357,7.156,1.033,0.784,0.255,-3.308,9.15,-0.335,3.294,1.755,2.658,4.232,3.087,6.014,0.251,-0.962,-1.224,0.232,3.013,5.522,-0.3,6.713,7.64,4.832,1.144,6.105,2.17,3.436,7.731,6.764,0.476,1.701,9.856,-0.296,6.496,9.127,4.344,0.319,-1.844,11.161,3.703,-2.147,5.398,1.863,3.191,0.887,0.405,3.847,4.143,-0.451,1.726,4.062,3.392,0.815,-0.154,0.122,7.176,7.774,-17.669,3.568
1.6,-5.919,-3.765,-4.176,5.045,-2.021,-0.452,2.319,-5.627,3.357,-14.144,-0.126,2.962,3.813,2.579,8.587,4.218,-1.118,9.399,1.14,2.855,11.637,-0.873,3.603,-4.907,0.946,0.566,4.674,-1.386,-8.074,-2.873,0.13,4.844,-4.301,0.477,3.612,5.89,-2.432,7.862,4.629,1.007,-5.281,-5.693,3.307,0.793,-1.256,-3.239,-3.979,8.328,-1.514,-5.286,4.533,-3.667,-3.293,1.963,8.037,-1.727,2.832,1.243,6.8,-0.261,1.096,1.448,-3.122,-1.952,6.248,2.752,-1.105,3.188,0.128,-1.538,-3.763,-1.378,-2.768,3.014,-4.34,-0.691,5.538,-4.392,-4.823,-4.51,-2.6,4.243,9.22,12.02,1.87
3.6,10.125,1.837,1.538,5.572,2.864,1.256,2.114,-2.503,4.127,10.122,7.528,8.446,5.124,2.899,4.631,13.55,5.852,10.636,4.495,7.108,9.931,5.36,6.848,1.871,8.34,3.525,5.147,2.955,3.186,1.949,7.09,7.9,-5.478,2.884,4.138,-5.652,3.731,8.498,6.224,5.798,1.713,4.098,8.058,6.805,5.266,3.76,0.619,6.874,7.425,5.118,4.816,1.343,4.41,8.578,8.006,0.702,1.607,5.828,10.128,11.095,8.332,7.334,1.738,-0.413,7.335,3.391,5.955,5.346,14.52,3.04,0.163,-4.47,3.858,5.169,5.952,7.513,6.099,3.323,8.427,2.43,2.709,7.803,10.298,21.452,2.207
2.9,6.004,2.923,0.613,6.464,1.695,-0.106,2.964,-3.743,5.204,6.839,3.974,6.623,4.033,3.379,4.195,0.083,6.224,9.551,6.948,6.875,2.206,4.403,-5.37,1.337,3.133,7.868,1.765,2.705,2.548,2.193,7.092,14.047,-10.149,4.164,5.196,5.098,3.836,5.241,6.17,2.646,0.707,0.024,5.121,3.686,4.614,1.044,1.578,4.854,5.294,3.663,3.422,1.551,6.317,2.358,5.308,0.981,2.748,11.314,1.108,4.286,6.327,3.858,-1.696,-0.359,7.958,1.334,7.887,6.315,6.215,3.169,-0.814,-0.606,-3.214,5.849,3.195,0.84,6.398,-0.294,11.2,1.068,1.55,5.162,5.565,14.62,2.391
3.4,-1.026,0.68,3.087,6.521,0.739,3.858,4.811,-5.305,5.122,-0.171,1.921,6.453,4.447,4.626,5.054,8.883,6.155,7.864,3.913,7.087,9.947,4.883,7.62,0.226,2.717,5.642,2.226,1.411,-1.398,0.313,5.251,9.293,-7.087,2.975,5.276,0.502,4.129,5.456,6.03,-3.747,-2.981,1.375,4.569,2.403,6.335,1.65,3.011,1.886,5.473,3.642,4.67,-1.03,6.495,10.549,4.23,2.703,3.507,9.778,4.657,-0.708,6.14,6.897,-4.057,0.029,8.642,4.003,1.261,15.182,4.435,2.396,-2.959,1.169,-17.005,2.69,-0.588,7.243,6.544,6.61,4.788,1.448,2.281,3.538,7.598,15.745,3.902
2.8,2.405,0.026,-2.863,6.014,0.459,4.529,7.191,-0.28,6.796,11.103,3.005,5.793,4.924,4.996,-36.392,5.7,3.309,7.766,5.134,8.482,-0.712,2.495,10.76,0.933,4.875,4.947,2.185,4.734,-0.902,0.576,5.639,7.313,-2.516,3.695,3.654,4.325,2.792,6.386,5.557,-1.522,-1.841,2.005,3.798,3.165,1.793,3.172,2.3,5.2,4.694,1.354,3.525,-0.13,4.928,5.315,6.671,1.034,4.396,6.904,3.825,8.293,5.853,6.751,-0.923,-0.307,4.72,2.412,6.018,20.716,4.818,2.485,-1.403,2.462,1.955,2.933,1.188,2.687,6.112,3.844,8.486,1.82,1.842,4.638,5.057,3.197,2.579
3.8,-2.513,0.661,1.847,6.061,1.579,4.09,6.358,-3.701,5.461,5.697,0.504,4.327,4.241,5.72,0.081,6.9,1.793,7.426,4.499,9.47,6.717,3.542,9.372,1.619,7.05,3.789,2.916,5.604,-0.365,0.956,4.315,2.856,0.476,4.444,1.686,1.723,3.058,7.41,5.007,4.985,-0.005,0.296,5.02,3.202,1.711,2.623,3.339,5.7,6.007,2.85,6.011,1.423,4.786,6.642,6.31,1.97,4.675,5.066,13.544,5.301,2.382,6.348,0.792,-1.19,6.167,6.224,4.505,4.557,3.936,1.414,1.396,1.146,4.661,0.256,2.658,0.984,5.921,3.323,4.94,3.2,2.288,3.239,4.698,1.485,2.579
3.7,2.731,1.015,0.997,6.553,2.041,3.368,1.778,0.776,4.857,-4.851,-3.546,3.921,-3.9,5.667,4.337,2.768,2.152,7.041,2.956,6.916,-3.551,3.652,7.194,2.343,6.927,0.099,4.372,4.501,0.544,1.113,3.879,2.121,-0.196,4.092,0.688,2.563,3.84,7.996,4.876,-1.425,0.778,1.561,4.968,2.809,3.128,2.27,3.132,2.8,5.092,3.293,3.976,1.959,4.792,4.393,2.653,1.967,4.731,5.733,6.578,2.957,3.252,6.348,1.792,-1.049,8.857,6.367,5.637,-20.599,2.977,1.322,3.839,2.785,1.91,-3.411,4.489,3.134,5.743,-0.756,6.084,2.393,2.706,0.371,2.92,2.024,2.153
