Algeria,Argentina,Austria,Bahamas,Bangladesh,Belgium,Belize,Benin,Bermuda,Bolivia,Botswana,Brazil,Burkina Faso,Burundi,Cameroon,Central African Republic,Chad,Chile,China,Colombia,Congo,Congo2,Costa Rica,Cote dIvoire,Denmark,Dominican Republic,Ecuador,Egypt,Fiji,Finland,France,Gabon,Ghana,Greece,Guatemala,Guyana,Haiti,Honduras,India,Indonesia,Iran,Italy,Japan,Kenya,Korea Rep,Lesotho,Luxembourg,Madagascar,Malawi,Malaysia,Mexico,Nepal,Netherlands,Nicaragua,Niger,Nigeria,Norway,Pakistan,Panama,Papua New Guinea,Paraguay,Peru,Philippines,Portugal,Puerto Rico,Rwanda,Senegal,Seychelles,Sierra Leone,Singapore,South Africa,Spain,St Vincent,Sudan,Suriname,Sweden,Thailand,Togo,Trinidad and Tobago,Turkiye,United Kingdom,United States,Uruguay,Zambia,Zimbabwe,Australia
0.467512119,0.65840419,0.659507439,0.710948905,0.664722795,0.653890901,0.653028361,0.635466652,0.650902101,0.624915585,0.667581211,0.690217864,0.644523319,0.466097955,0.615838859,0.653650192,0.617985179,0.656568786,0.330458572,0.655004179,0.495133448,0.68772051,0.622809383,0.703587229,0.667942274,0.580765588,0.655355213,0.655726305,0.639247785,0.68023848,0.65391096,0.752069984,0.638365186,0.736393826,0.647080849,0.651002396,0.574557308,0.622578704,0.641303839,0.661543433,0.708180754,0.686276258,0.72475957,0.525984287,0.673528723,0.62266897,0.642376999,0.624514404,0.680589514,0.680168273,0.654111551,0.62310024,0.606932635,0.67916532,0.649558143,0.605889564,0.666879144,0.664010698,0.713556583,0.665956427,0.67316766,0.677650861,0.661082075,0.65947735,0.674591854,0.560856968,0.633982281,0.554999721,0.622107316,0.68558422,0.642527442,0.722703516,0.649367582,0.604184543,0.652105644,0.660941662,0.657742241,0.726013261,0.744748426,0.615558032,0.630812949,0.627031816,0.628967515,0.617614086,0.667310414,0.62886722
0.406532568,0.595418733,0.630532122,0.708792556,0.658654928,0.656237811,0.653038391,0.569602719,0.648795899,0.659918649,0.67083078,0.670158801,0.665434892,0.694861537,0.634473728,0.566714214,0.657722182,0.644352817,0.547999108,0.658243718,0.816599989,0.656137516,0.658544604,0.616270129,0.660801248,0.774937315,0.653299159,0.642838357,0.640130384,0.633871956,0.672595977,0.678673873,0.645175238,0.607624673,0.639438346,0.615046526,0.683076837,0.661784142,0.63336045,0.622438291,0.683287458,0.666187106,0.693316989,0.698813172,0.643028918,0.757736669,0.617594027,0.626740959,0.610663621,0.668363515,0.650741628,0.623120299,0.672606007,0.71319552,0.707057447,0.645115061,0.632186995,0.648926283,0.68665738,0.667892127,0.637061347,0.704610241,0.652567003,0.670299214,0.687439684,0.717638603,0.602599877,0.688302223,0.649507996,0.679716944,0.665926339,0.70378782,0.641012983,0.673328133,0.643079066,0.646679668,0.679726974,0.641815345,0.631464869,0.659838413,0.615026467,0.665144035,0.588167382,0.578980331,0.618346242,0.616952137
0.948117234,0.550727141,0.645466095,0.709514682,0.599390427,0.647612414,0.653670251,0.651403577,0.614695492,0.672144648,0.663348749,0.609981613,0.591246448,0.645436006,0.64150443,0.596873015,0.587926673,0.662536357,0.707268067,0.636930963,0.65625787,0.563554912,0.673157631,0.749291804,0.610352705,0.669185936,0.625086087,0.709454505,0.667741684,0.636910904,0.666487992,0.665063799,0.648154009,0.722763693,0.699655653,0.480811278,0.584977991,0.639869616,0.664080905,0.581527832,0.674591854,0.660229565,0.688954143,0.69200312,0.694440296,0.710427369,0.638455452,0.594646459,0.590012816,0.677570625,0.685273305,0.622969856,0.640320945,0.712934752,0.698522316,0.690007244,0.64192567,0.691110492,0.689606062,0.644814175,0.651202987,0.647371706,0.674331086,0.662877361,0.69072937,0.505473895,0.62265894,0.705623224,0.621014097,0.704660389,0.677921658,0.700207277,0.541128879,0.575409818,0.66012927,0.657401237,0.684200145,0.654111551,0.660179417,0.694891625,0.65284783,0.648093832,0.605668914,0.63678052,0.666588288,0.666307461
0.662526328,0.705563047,0.665384744,0.709294032,0.713817351,0.673739344,0.654111551,0.670670307,0.715391988,0.643650749,0.672485652,0.6380643,0.626861314,0.666879144,0.639538642,0.624825319,0.57877974,0.629609405,0.786300775,0.665816014,0.579491837,0.642246615,0.640661949,0.78061403,0.69693765,0.671813674,0.678252633,0.719383741,0.652877918,0.656508609,0.670680337,0.64963838,0.626119129,0.698341784,0.650430713,0.71789937,0.587445255,0.658293865,0.678713991,0.63936814,0.688964172,0.632026523,0.721078732,0.653750488,0.698983674,0.686717557,0.682856188,0.643710927,0.630652477,0.657712152,0.723365465,0.679506324,0.686958266,0.721289352,0.605277762,0.653610074,0.654211846,0.679887446,0.648414777,0.689916978,0.64620828,0.669637265,0.63808436,0.667260266,0.674782415,0.478945785,0.642918594,0.66332869,0.671011311,0.572842258,0.683598373,0.657210676,0.640772274,0.592730819,0.669155848,0.672375327,0.672475623,0.747245779,0.680489218,0.658715106,0.65946732,0.662135176,0.62844598,0.72646459,0.592871232,0.673970023
0.666217195,0.709966011,0.638866663,0.708531788,0.620071321,0.639679055,0.653419513,0.657060233,0.651704463,0.653238981,0.662275589,0.628034769,0.641725079,0.643751045,0.624283724,0.613471889,0.61004179,0.613491949,0.773964451,0.640070207,0.613963336,0.640832451,0.686115785,0.572772051,0.649648409,0.478775283,0.636810609,0.653249011,0.576884159,0.657150499,0.652727475,0.687539979,0.617694322,0.711961888,0.64771271,0.709685184,0.625647741,0.694600769,0.577526049,0.614815847,0.774826991,0.636740402,0.662335766,0.624113222,0.677360004,0.625567504,0.596592188,0.599430545,0.740525993,0.681040842,0.675173567,0.591898367,0.690649134,0.69949518,0.673368251,0.652958155,0.656979997,0.708461581,0.695834401,0.706957152,0.665826043,0.660349919,0.657571739,0.678874464,0.69628573,0.674270909,0.61732323,0.593322561,0.675975929,0.682535243,0.665374714,0.666678554,0.612840029,0.671934028,0.72431827,0.642296763,0.68602552,0.759020449,0.610924388,0.63228729,0.62544715,0.668152895,0.614454784,0.770925503,0.653218922,0.663940491
0.555771995,0.597344403,0.660560539,0.694951803,0.629709701,0.635617095,0.651814788,0.639829498,0.748028083,0.675885663,0.667591241,0.671161754,0.609359782,0.650230122,0.650250181,0.610432941,0.58584053,0.716655708,0.710778403,0.65648855,0.671913969,0.617594027,0.673859698,0.720075779,0.631454839,0.738991475,0.600553853,0.654572909,0.603963894,0.627763972,0.656638993,0.649177021,0.561258149,0.6691057,0.659246671,0.656448431,0.598186884,0.657862595,0.603412269,0.631956316,0.719323564,0.663990639,0.710668078,0.751688862,0.724258093,0.599891904,0.615056555,0.624674876,0.736845155,0.682364741,0.665103917,0.674581824,0.631454839,0.637071377,0.600132613,0.561328356,0.641945729,0.66203488,0.679997771,0.662275589,0.62394272,0.686597203,0.648505043,0.644864323,0.67917535,0.674260879,0.632818856,0.743344292,0.621014097,0.706064523,0.648474954,0.676637878,0.603963894,0.568108319,0.796530897,0.624935644,0.715522371,0.698331755,0.644653703,0.716425029,0.619740347,0.669155848,0.634684348,0.548099404,0.61923887,0.627824149
0.698773054,0.635978158,0.634132724,0.700227336,0.585148493,0.642758121,0.653238981,0.614775729,0.737105923,0.667320444,0.663388867,0.646087926,0.692454449,0.742592077,0.494521647,0.650872012,0.611656544,0.640230679,0.546093498,0.645436006,0.594074776,0.625186382,0.660630746,0.650079679,0.659427202,0.637342174,0.650310358,0.612037666,0.737878197,0.625717947,0.653319218,0.645235415,0.634804703,0.660821307,0.645205327,0.647231292,0.582721346,0.663920432,0.682455006,0.617804647,0.716826211,0.6759659,0.715111161,0.637673149,0.695032039,0.71340614,0.606140302,0.659417173,0.676998941,0.642647796,0.6626868,0.5882075,0.656919819,0.673869728,0.605197526,0.446058951,0.666708642,0.658133393,0.689746476,0.644784086,0.695734106,0.642607678,0.656348136,0.679626679,0.666377668,0.673328133,0.591727865,0.609028807,0.604324957,0.729423302,0.676146431,0.64749206,0.508442637,0.618245946,0.725321224,0.637713267,0.690378336,0.659126316,0.624454226,0.651433666,0.631906168,0.629037722,0.567285897,0.683397782,0.687880983,0.667200089
0.712242715,0.652336324,0.648815958,0.688432607,0.699134117,0.646027748,0.677851451,0.642497353,0.625076057,0.689505767,0.709945952,0.702253301,0.634764585,0.600975093,0.6676113,0.618045356,0.599380398,0.63998997,0.562842815,0.663469103,0.647421853,0.680499248,0.688944113,0.729814454,0.659657882,0.606360952,0.623110269,0.587846437,0.683357664,0.627061904,0.649006519,0.629127988,0.607664791,0.676216638,0.691882766,0.614244163,0.635877863,0.670138742,0.637943946,0.713436229,0.748429264,0.669607177,0.733164317,0.684029643,0.736012704,0.600283056,0.645927453,0.672455564,0.584677105,0.683979495,0.698472168,0.610733827,0.668313367,0.617433554,0.607805204,0.591447039,0.626630635,0.676507494,0.673939934,0.647692651,0.649367582,0.605488382,0.654492673,0.692986014,0.655916866,0.674311027,0.667059676,0.679716944,0.624223547,0.739633365,0.645616538,0.670128712,0.669256143,0.623651864,0.680188332,0.640461358,0.685423748,0.654352259,0.6562679,0.671944058,0.658534574,0.652105644,0.622909678,0.616480749,0.623722071,0.655054327
0.688542932,0.701049758,0.666909233,0.694049145,0.616209952,0.670459687,0.655174681,0.632818856,0.638425364,0.648836017,0.755640497,0.699244442,0.624283724,0.589320778,0.653118627,0.67509333,0.672977099,0.643460188,0.773864156,0.665174124,0.697529392,0.679676826,0.65904608,0.699635594,0.669246114,0.71319552,0.650791776,0.656919819,0.630000557,0.700177188,0.675263832,0.685032596,0.664201259,0.719945395,0.651473784,0.674110436,0.642196467,0.610533237,0.669557029,0.672385357,0.759592132,0.665123976,0.729112386,0.683788934,0.7500039,0.619489608,0.70398841,0.64128378,0.662957597,0.652998273,0.638254862,0.648725692,0.668443751,0.666528111,0.548941884,0.846648465,0.649146933,0.659206553,0.688623168,0.686938207,0.651112721,0.639207667,0.650992366,0.62523653,0.697990751,0.714358946,0.538230345,0.603963894,0.689465649,0.742712431,0.651263164,0.69329693,0.632658383,0.617894913,0.649096785,0.654201816,0.669667354,0.712593748,0.631354544,0.644894411,0.623260712,0.635055441,0.662787095,0.599580988,0.72861091,0.674631972
0.69285563,0.634513846,0.667360562,0.547297041,0.66032986,0.659958767,0.652185881,0.625005851,0.667270296,0.656428372,0.775669471,0.70827102,0.605137349,0.81785368,0.634975205,0.62736279,0.622618822,0.622307907,0.79753385,0.666227225,0.601506658,0.667731654,0.679215468,0.708020282,0.619981055,0.786772162,0.672886833,0.66011924,0.731369031,0.652246058,0.665234301,0.691010197,0.701481027,0.68986683,0.661212459,0.64663955,0.610493119,0.640341004,0.655686187,0.679737003,0.713566613,0.656809495,0.628586393,0.557276425,0.704790773,0.625798184,0.715231515,0.656879701,0.608768039,0.664010698,0.669175907,0.629799967,0.665545216,0.617543879,0.634614142,0.854772385,0.623451273,0.717829164,0.673759403,0.712714103,0.659657882,0.637723296,0.640992924,0.730466373,0.688191898,0.664151112,0.689836742,0.692945896,0.690418454,0.74379562,0.656608904,0.646980554,0.711741238,0.663388867,0.631043628,0.677069148,0.718380788,0.629278431,0.639408258,0.636399398,0.672575918,0.601125536,0.62736279,0.652075556,0.83028027,0.675935811
0.490309244,0.660710982,0.655264947,0.620281941,0.549012091,0.643941606,0.643670808,0.588949685,0.638445423,0.654743411,0.862936424,0.717728868,0.618135622,0.631515016,0.638866663,0.615297264,0.581417507,0.698472168,0.674772385,0.66374993,0.66419123,0.681722851,0.671954087,0.698813172,0.634102636,0.71299493,0.667079735,0.644653703,0.673057335,0.627603499,0.657290912,0.706856856,0.656277929,0.682605449,0.659968797,0.635185825,0.668955257,0.644031872,0.620442414,0.674411322,0.741388533,0.622197582,0.651092662,0.826358723,0.709735332,0.655254917,0.630712654,0.643369923,0.766632863,0.704610241,0.641694991,0.591978604,0.647261381,0.637111495,0.660921602,0.746764362,0.660851396,0.608657714,0.700407868,0.667099794,0.659507439,0.650009472,0.658013038,0.670479746,0.667801861,0.616069538,0.602559759,0.762952025,0.63872625,0.728460467,0.646880259,0.650591185,0.633731543,0.626500251,0.643079066,0.613441801,0.65305845,0.603963894,0.614394606,0.659798295,0.639117401,0.636991141,0.601436452,0.603101354,0.693407255,0.644092049
0.879013763,0.620291971,0.666227225,0.568890622,0.463811222,0.657080292,0.706445646,0.668413662,0.622147434,0.68386917,0.8683624,0.723716499,0.627142141,0.539734775,0.630782861,0.603953864,0.615497855,0.593733772,0.642176408,0.68088037,0.605478353,0.690398395,0.685985401,0.646459018,0.643369923,0.708210843,0.654292082,0.634614142,0.679034936,0.681542319,0.64920711,0.717668691,0.57901042,0.705863933,0.677510447,0.570685909,0.613762746,0.661754054,0.598417563,0.674551736,0.749382069,0.640972865,0.688352371,0.775288349,0.676316933,0.601927899,0.670138742,0.5911963,0.666457904,0.698121134,0.686496908,0.635235973,0.639408258,0.626239483,0.552151334,0.637703237,0.657431326,0.612117903,0.649929236,0.660570569,0.670469716,0.638846604,0.658424249,0.684360617,0.675915752,0.60660166,0.667982393,0.667230178,0.612990472,0.737517134,0.620562768,0.685704575,0.863036719,0.55310414,0.597946175,0.626921491,0.646880259,0.680439071,0.661934585,0.678443194,0.647311528,0.656709199,0.590724912,0.696325848,0.68750989,0.643179361
0.642206497,0.632166936,0.653008302,0.679867387,0.637322115,0.667972363,0.657641946,0.641133337,0.618847718,0.661523374,0.817623001,0.744066418,0.608467153,0.673057335,0.657682064,0.622909678,0.519906391,0.55352538,0.681793057,0.671392433,0.685574191,0.686516967,0.681281551,0.663529281,0.645014766,0.733304731,0.743885886,0.63913746,0.720436842,0.674010141,0.66760127,0.706084582,0.632899092,0.685122862,0.671994205,0.61645066,0.651654315,0.682896306,0.637021229,0.685243216,0.678603666,0.675434334,0.684531119,0.66310804,0.753383852,0.86879367,0.687339388,0.57770658,0.627041845,0.721319441,0.68280604,0.599179807,0.658564663,0.668323397,0.432980442,0.658053157,0.64942776,0.674812503,0.6577623,0.669446704,0.677209561,0.666919262,0.692043238,0.716304675,0.66760127,0.638445423,0.54796902,0.694771271,0.626600546,0.710307015,0.649818911,0.682073884,0.492626066,0.610302558,0.585910737,0.643761074,0.706626177,0.642447206,0.620572798,0.636680225,0.669396557,0.660590628,0.606722015,0.594315484,0.630090823,0.630231236
0.679135232,0.65946732,0.643500306,0.435929125,0.700167159,0.649748705,0.739964339,0.637452499,0.612759793,0.633450716,0.692203711,0.685744693,0.687068591,0.596672424,0.711620884,0.667541093,0.653730428,0.627854237,0.627132111,0.661593581,0.635366356,0.683056778,0.659577645,0.647361676,0.592710759,0.664161141,0.716384911,0.619599933,0.630050705,0.636429487,0.647100908,1,0.672696272,0.539393771,0.667902156,0.681221374,0.661934585,0.591647629,0.615848888,0.676517524,0.662145205,0.659126316,0.591677718,0.644743968,0.699364796,0.714088148,0.64620828,0.624093163,0.675935811,0.687399565,0.661904497,0.667490946,0.638455452,0.746303003,0.691973032,0.715903494,0.643309745,0.639468435,0.628516187,0.630151,0.688031426,0.698111105,0.638014153,0.615427648,0.633220037,0.618105533,0.646097955,0.617032373,0.639067254,0.665314537,0.66525436,0.660319831,0.515493397,0.718751881,0.607975706,0.636038335,0.648755781,0.652436619,0.642156349,0.660069092,0.579050538,0.598537917,0.632999387,0.668433722,0.670409539,0.645155179
0.65456288,0.603683067,0.600313144,0.45549674,0.562963169,0.584245835,0.64,0.554869337,0.641755168,0.677289798,0.688673316,0.655786482,0.634032429,0.610964507,0.716745974,0.608025854,0.694329972,0.474462584,0.691421407,0.627262495,0.553996768,0.68151223,0.62502591,0.686737616,0.589350866,0.65604725,0.714007912,0.693617875,0.609279545,0.622067198,0.594335544,0.796430601,0.479276759,0.66782192,0.62352148,0.689044409,0.615227057,0.625336825,0.695734106,0.660199476,0.600694266,0.583002173,0.634975205,0.61280994,0.68259542,0.468434836,0.538059843,0.616591074,0.665013651,0.611997548,0.661573522,0.618566891,0.603983953,0.602429375,0.575951412,0.551529504,0.653630133,0.64619825,0.621425308,0.595137906,0.672686243,0.647100908,0.658634869,0.560355491,0.597394551,0.582761464,0.679546442,0.635827715,0.620703182,0.643971694,0.620963949,0.6093999,0.527649189,0.761557921,0.632046582,0.629569287,0.653810665,0.62844598,0.618787541,0.675915752,0.589180364,0.60190784,0.665113947,0.581206887,0.584596869,0.617363348
0.688081574,0.583724299,0.649879088,0.655967014,0.660741071,0.660660835,0.60362289,0.612829999,0.693617875,0.650250181,0.710748314,0.706836797,0.689565944,0.683628462,0.548851619,0.658454338,0.633861927,0.642407088,0.588217529,0.651383518,0.550717111,0.613150944,0.659306848,0.733505321,0.663388867,0.671442581,0.678152337,0.737156071,0.631404692,0.607414052,0.647662562,0.96126595,0.568559648,0.672686243,0.678052042,0.619379283,0.688603109,0.709284003,0.620643004,0.674972976,0.787103137,0.675424305,0.643831281,0.625567504,0.736564328,0.714780186,0.629378726,0.573183262,0.654091492,0.719935365,0.648264334,0.648083802,0.648655486,0.656207723,0.610763916,0.694650917,0.662385914,0.655676158,0.620653034,0.569983841,0.679446147,0.618476626,0.69200312,0.67316766,0.666578258,0.799589904,0.693437343,0.767224606,0.599460634,0.678553519,0.626530339,0.637101465,0.708040341,0.771106034,0.69222377,0.614575138,0.697509333,0.583383295,0.668203042,0.708882822,0.63314983,0.658003009,0.6434301,0.666357609,0.608627626,0.62993035
0.656709199,0.673508664,0.654913913,0.695784254,0.630772831,0.61024238,0.669125759,0.653951078,0.66310804,0.653820694,0.724438625,0.653449602,0.60767482,0.718992589,0.741769655,0.64213629,0.626379896,0.708722349,0.679887446,0.645676715,0.611596367,0.514169499,0.693266841,0.677319886,0.622719117,0.653931019,0.620061292,0.694259765,0.663178247,0.606370981,0.63870619,0.47777233,0.626771048,0.633460746,0.682284504,0.57749596,0.641153396,0.708110548,0.676728144,0.686847941,0.576141974,0.629649524,0.647993537,0.698783084,0.727688193,0.822697944,0.619710258,0.627673706,0.653289129,0.681722851,0.637974035,0.63422299,0.629238313,0.687891012,0.681843205,0.664381791,0.645696774,0.643560484,0.614936201,0.612338552,0.719243328,0.6074642,0.659758177,0.660159358,0.663649635,0.623962779,0.577054661,0.541881094,0.604435282,0.672686243,0.603021118,0.632437733,0.736644565,0.666387697,0.706265114,0.587956762,0.702684571,0.673759403,0.695453279,0.638134507,0.628616482,0.650340447,0.618556862,0.558189112,0.535151279,0.640020059
0.696386026,0.558770825,0.601847663,0.746182649,0.674912799,0.632467822,0.683407812,0.616550956,0.618536803,0.624554522,0.747717167,0.653810665,0.650179974,0.594526105,0.824643673,0.616089597,0.599250014,0.681201315,0.717558366,0.688914025,0.550356048,0.667751713,0.666828996,0.713376052,0.626289631,0.62543712,0.661202429,0.69050872,0.622648911,0.633250125,0.643871399,0.362763693,0.688974202,0.676647908,0.654081462,0.58585056,0.666237254,0.663800078,0.661262607,0.672866774,0.475174681,0.636459575,0.656839583,0.673288015,0.713817351,0.78767482,0.644834234,0.577265281,0.701701677,0.670700396,0.693798406,0.648154009,0.63100351,0.525342397,0.73909177,0.546153675,0.642768151,0.684691592,0.702183095,0.689716387,0.724609127,0.577455842,0.656037221,0.632207054,0.673488605,0.695744136,0.564307127,0.816108542,0.628094946,0.681963559,0.634192901,0.618637098,0.702022622,0.544478743,0.670158801,0.621535633,0.707227949,0.714740068,0.70441968,0.619038279,0.646128044,0.65947735,0.657862595,0.609520254,0.576813952,0.612920265
0.678964729,0.706495793,0.657692093,0.866125815,0.652125703,0.627443027,0.679355881,0.669516911,0.625507327,0.605297821,0.725812671,0.671763526,0.640722126,0.620663063,0.664492116,0.579241099,0.388920711,0.688392489,0.680098067,0.657912743,0.608276592,0.702383685,0.653499749,0.627974592,0.642768151,0.6494077,0.641414164,0.649578202,0.726574915,0.675394216,0.63956873,0.608717892,0.578739622,0.636880816,0.651233075,0.585549674,0.679787151,0.660229565,0.551429208,0.675604836,0.483398897,0.663729871,0.658965844,0.680338775,0.69092996,0.632989358,0.627493174,0.702804926,0.648053714,0.697729983,0.701230289,0.627723854,0.62416337,0.338391932,0.675644955,0.671753496,0.647813005,0.641654873,0.649247228,0.622337995,0.722934195,0.644994707,0.660089151,0.660520421,0.683267398,0.723014431,0.674190673,0.762370313,0.64920711,0.699786037,0.641985847,0.604385134,0.637883769,0.553625676,0.597946175,0.642477294,0.657842536,0.552131275,0.640060177,0.597705466,0.641564607,0.63571739,0.666136959,0.573634591,0.637031259,0.644583496
0.611897253,0.619198752,0.621325013,0.6691057,0.61217808,0.648535131,0.738730707,0.671984176,0.683638491,0.590203377,0.724187887,0.696235583,0.61195743,0.613903159,0.584255864,0.559041623,0.543305288,0.684069761,0.682535243,0.644954589,0.625978715,0.780854739,0.611506101,0.494060289,0.59911963,0.683889229,0.641163426,0.704369533,0.587886555,0.658013038,0.619800524,0.629569287,0.608697833,0.610753886,0.641674932,0.621355101,0.677931688,0.609971583,0.671522817,0.704259208,0.387326015,0.638365186,0.632227113,0.660049033,0.587455285,0.57643283,0.61239873,0.613522037,0.608045913,0.678603666,0.696566557,0.58070541,0.617423525,0.650220092,0.579341394,0.646138073,0.649748705,0.706425586,0.735190282,0.580865883,0.721429765,0.663569399,0.656127486,0.649989413,0.646519195,0.693748259,0.643961665,0.561348415,0.652546944,0.705392545,0.670369421,0.626119129,0.628466039,0.6192489,0.515704017,0.621014097,0.655856689,0.750164373,0.708180754,0.57942163,0.583593915,0.601386304,0.662566446,0.634413551,0.748599766,0.634413551
0.634052488,0.551910626,0.602519641,0.511431437,0.676517524,0.601165654,0.615337382,0.703797849,0.627844208,0.606732044,0.694881596,0.561338385,0.64663955,0.725953084,0.775298379,0.588478297,0.614424695,0.669406586,0.655244888,0.626801137,0.627543322,0.780684237,0.581277094,0.639067254,0.597284226,0.646890288,0.660259653,0.67767092,0.667450827,0.617162757,0.614685463,0.655064356,0.568830445,0.588378002,0.610453001,0.618968073,0.575349641,0.591707806,0.664201259,0.682986572,0.546825653,0.612428818,0.646699727,0.641815345,0.676637878,0.610934418,0.598437622,0.505674486,0.550907673,0.673588901,0.689475678,0.687630245,0.596100741,0.657752271,0.602178637,0.472296205,0.619991085,0.683407812,0.696305789,0.601205773,0.695934697,0.659647852,0.63828495,0.620191675,0.615477796,0.658484426,0.655916866,0.521571293,0.632858974,0.712443305,0.657732212,0.602639996,0.650240152,0.678563548,0.675173567,0.60852733,0.663208336,0.570715997,0.649869059,0.652677328,0.596060623,0.629418844,0.619609963,0.665826043,0.729583774,0.637452499
0.668152895,0.596582159,0.624133281,0.671151725,0.625366914,0.609931465,0.602880704,0.626379896,0.55095782,0.56445757,0.725983173,0.612288405,0.699866273,0.593392768,0.679345852,0.681351758,0.657591798,0.493498635,0.694400178,0.613471889,0.599370368,0.840640776,0.530888728,0.605979829,0.640922717,0.621004068,0.610132055,0.703326461,0.544007355,0.635135677,0.62908787,0.572892405,0.534519418,0.592600435,0.568559648,0.471674375,0.568218644,0.583152616,0.638826545,0.626500251,0.836358166,0.60811612,0.636860757,0.619068368,0.687590126,0.648665515,0.615307294,0.584907784,0.629067811,0.663569399,0.598738508,0.641865493,0.591517245,0.595779796,0.625768095,0.535732992,0.606320834,0.66952694,0.657601828,0.607504318,0.589942609,0.601727308,0.641053101,0.625376943,0.588347913,0.622127375,0.68430044,0.592750878,0.651925113,0.675193626,0.600122583,0.61646069,0.648866106,0.663729871,0.561839862,0.616490778,0.657641946,0.568038112,0.642066083,0.639699114,0.623972809,0.585880649,0.506095726,0.575750822,0.630381679,0.637312086
0.658123363,0.647582326,0.633781691,0.640040118,0.642888505,0.607093107,0.582470608,0.560355491,0.624113222,0.563424528,0.735822143,0.574577367,0.607434112,0.641223603,0.672836686,0.522453892,0.761216916,0.553645735,0.711981947,0.619750376,0.618125592,0.66267677,0.632678442,0.564848721,0.630000557,0.650380565,0.600583942,0.655054327,0.564246949,0.635225943,0.616410542,0.660209506,0.558189112,0.593142029,0.578167939,0.535843316,0.613070708,0.613050649,0.677069148,0.648053714,0.715161308,0.615688416,0.640371093,0.61709255,0.738118906,0.623882543,0.633942163,0.612990472,0.641263721,0.666668524,0.569000947,0.574105979,0.624725024,0.650230122,0.565209784,0.494401293,0.643811222,0.671944058,0.558921268,0.636289073,0.57344403,0.499576531,0.622989915,0.602228785,0.580474731,0.663940491,0.54732713,0.586823425,0.582871789,0.689756505,0.585439349,0.621716164,0.625717947,0.624654817,0.564848721,0.623030033,0.659968797,0.549664011,0.50065972,0.653820694,0.646308575,0.649939266,0.500920488,0.584235805,0.619860701,0.581648186
0.66012927,0.619720288,0.6044754,0.746092383,0.652135733,0.628696718,0.62374213,0.683498078,0.608788098,0.601947958,0.689666239,0.658123363,0.586121357,0.605528501,0.678934641,0.69906391,0.624514404,0.645125091,0.756332535,0.637572853,0.659537527,0.673929905,0.684440854,0.576874129,0.645746921,0.616530897,0.630291414,0.701711707,0.688141751,0.636439516,0.619148604,0.679275645,0.690699281,0.624133281,0.608948571,0.55352538,0.606982783,0.667420739,0.642286733,0.672585948,0.53235304,0.636319162,0.648204157,0.621565721,0.709795509,0.65947735,0.666016604,0.621615869,0.657722182,0.681813116,0.638174625,0.701059787,0.634674319,0.588257648,0.435267176,0.592770937,0.664662618,0.65476347,0.631133894,0.60040341,0.632217084,0.640150443,0.533366022,0.585108375,0.663428985,0.561428651,0.643440129,0.64920711,0.645014766,0.692143534,0.655104474,0.621866607,0.670018387,0.553725971,0.584907784,0.646388812,0.661653758,0.65968797,0.546284059,0.671282108,0.6267209,0.676547612,0.592500139,0.600583942,0.584837577,0.650019502
0.64107316,0.551920655,0.629027693,0.652396501,0.637482588,0.62053268,0.614123809,0.679486265,0.583874742,0.587154399,0.675424305,0.682695715,0.689385413,0.722141862,0.684832005,0.643349863,0.822537471,0.644182315,0.73867053,0.635125648,0.608657714,0.592068869,0.611205215,0.649106815,0.644122137,0.582671199,0.6434301,0.66205494,0.557697665,0.639558701,0.620241823,0.580564997,0.655034268,0.629138017,0.597855909,0.628034769,0.610021731,0.660390037,0.656659052,0.62866663,0.622699058,0.632026523,0.655716276,0.647100908,0.68258539,0.630140971,0.631966345,0.615558032,0.649808882,0.593683624,0.625908508,0.665595364,0.629840085,0.563023347,0.681371817,0.663268513,0.659657882,0.680108096,0.653529838,0.644082019,0.649327464,0.624634758,0.535181367,0.632116788,0.635025352,0.64812392,0.638696161,0.71555246,0.550697052,0.597715496,0.591808102,0.627242436,0.665936368,0.540968407,0.624022956,0.625627682,0.650571126,0.65968797,0.562652254,0.646499136,0.64555636,0.64578704,0.618677216,0.620161587,0.67360896,0.65689976
0.607975706,0.6656756,0.627041845,0.621986962,0.645817128,0.622247729,0.649487937,0.625738006,0.67083078,0.57814788,0.685935254,0.679085084,0.683748816,0.636559871,0.67188388,0.639849557,0.563023347,0.657902714,0.6937282,0.662375885,0.651273193,0.535141249,0.65948738,0.636650137,0.653148716,0.639287903,0.63871622,0.65155402,0.681692762,0.631605282,0.627402909,0.59590015,0.656107427,0.609159191,0.605398117,0.594927286,0.598969187,0.657431326,0.651874965,0.66182426,0.505824929,0.632648353,0.63700117,0.67595587,0.717568396,0.650952248,0.704098735,0.623621775,0.601807544,0.616410542,0.573082967,0.649758734,0.631916198,0.59376386,0.667671477,0.604575695,0.64450326,0.659146375,0.639749262,0.651032485,0.653760517,0.698502257,0.639177578,0.645496183,0.653880871,0.658845489,0.635326238,0.602188667,0.616360394,0.617433554,0.604144425,0.636589959,0.66012927,0.658263777,0.611987519,0.630953363,0.65946732,0.61988076,0.57107706,0.674290968,0.635556918,0.638696161,0.692324065,0.611225274,0.62501588,0.643741015
0.596943222,0.631093776,0.617573968,0.633902045,0.641795286,0.627102023,0.711630913,0.588919597,0.641574636,0.62866663,0.723134786,0.63936814,0.601596924,0.659156405,0.58243049,0.554428038,0.580003343,0.668754667,0.720878141,0.657812448,0.63080292,0.605859475,0.651754611,0.600463587,0.606511395,0.705432663,0.601366245,0.642407088,0.537618543,0.639819468,0.629659553,0.431997548,0.652055497,0.581307182,0.639508553,0.612980442,0.596000446,0.670539923,0.643730986,0.654111551,0.602238814,0.635978158,0.650591185,0.663509222,0.731579651,0.611285452,0.643590572,0.615748593,0.620261882,0.656037221,0.621234747,0.620973979,0.623330919,0.596883045,0.604846492,0.636058394,0.621545662,0.66867443,0.585820471,0.631745696,0.680007801,0.701511116,0.64771271,0.667962334,0.66182426,0.603723185,0.666708642,0.64813395,0.676487435,0.712262774,0.625035939,0.659597704,0.608356828,0.74659386,0.541780799,0.637602942,0.699435003,0.609078955,0.558209171,0.699104029,0.658053157,0.638656043,0.684129938,0.63080292,0.615507884,0.629629465
0.593934362,0.593031704,0.637021229,0.627132111,0.628195242,0.65133337,0.702132947,0.638114448,0.644643673,0.633139801,0.799038279,0.603362122,0.662095058,0.654422466,0.52549284,0.621114392,0.759241099,0.677630802,0.716525325,0.644723909,0.608677773,0.621676046,0.638385245,0.615357441,0.60382348,0.625587563,0.663037834,0.658735165,0.613552126,0.656287959,0.651533961,0.732793224,0.660410096,0.646970524,0.64299883,0.566914805,0.6059698,0.621475456,0.700528222,0.660410096,0.542964284,0.646027748,0.670780632,0.666177077,0.724197916,0.690237923,0.688843818,0.638134507,0.635827715,0.703637377,0.616831782,0.681161197,0.638475511,0.479096228,0.672876804,0.677520477,0.601406363,0.680439071,0.469768764,0.633139801,0.663288572,0.509275088,0.671131665,0.679075054,0.663017775,0.649086755,0.595769767,0.658093275,0.532954811,0.716936535,0.646087926,0.655054327,0.745129548,0.600644119,0.682194239,0.629629465,0.737236307,0.670580041,0.564648131,0.627242436,0.661453168,0.645857246,0.61881763,0.66695938,0.679706915,0.661703906
0.648093832,0.532182537,0.642948682,0.671432551,0.632417674,0.638756338,0.734438068,0.575339611,0.608417006,0.641975818,0.734939544,0.635657213,0.625527386,0.617503761,0.585720176,0.623792277,0.652958155,0.703486934,0.646148103,0.638204714,0.591266507,0.630040675,0.660791219,0.633530952,0.610432941,0.648103861,0.614053602,0.653319218,0.678573578,0.65498412,0.647532178,0.689666239,0.65497409,0.642076113,0.643510336,0.554648688,0.574747869,0.631324455,0.663609517,0.682063855,0.66546498,0.637943946,0.653369365,0.651002396,0.674902769,0.662085028,0.702233242,0.644834234,0.617453613,0.694831448,0.64514515,0.647391765,0.648294422,0.586532568,0.613562155,0.623210564,0.614374547,0.653710369,0.619630022,0.589721959,0.673518694,0.480480303,0.665986516,0.668564105,0.647441912,0.603592801,0.643821251,0.716284616,0.611285452,0.705853903,0.627984621,0.652376442,0.618065415,0.693537639,0.646087926,0.6305923,0.726233911,0.644683791,0.595639383,0.606872458,0.629820026,0.640802363,0.615036496,0.593693654,0.656117457,0.642828328
0.611987519,0.57922104,0.647552237,0.587956762,0.660349919,0.635426534,0.718731821,0.693988968,0.604154455,0.650460801,0.67189391,0.560335432,0.597916086,0.639067254,0.542723575,0.58242046,0.562060512,0.637402351,0.643279657,0.646910347,0.538089931,0.613993425,0.639598819,0.592971527,0.618757452,0.549262829,0.640872569,0.660801248,0.662135176,0.61068368,0.633290243,0.656037221,0.637352204,0.603963894,0.63508553,0.573203321,0.614374547,0.631966345,0.659457291,0.676417229,0.740315373,0.623882543,0.652516855,0.646007689,0.703035605,0.664592411,0.657321001,0.635346297,0.661051986,0.694319942,0.655876748,0.650450772,0.645917424,0.603442358,0.590845267,0.722081685,0.623340948,0.648685574,0.685193068,0.573754945,0.645315652,0.553986739,0.634884939,0.643590572,0.575469995,0.579903048,0.596481863,0.674130495,0.637562824,0.702463922,0.600774503,0.641885552,0.645576419,0.549102357,0.558831002,0.61153619,0.715963671,0.601516688,0.619098457,0.696897532,0.61132557,0.62287959,0.606942665,0.599139689,0.674060289,0.639829498
0.591928456,0.695563604,0.638485541,0.562020393,0.638916811,0.622348025,0.718832117,0.646348693,0.56851953,0.656789436,0.678774168,0.61431437,0.694931743,0.654081462,0.565761409,0.598417563,0.689565944,0.682234357,0.696867443,0.624043016,0.51950521,0.627984621,0.626690812,0.604375104,0.61794506,0.613431771,0.647000613,0.615247117,0.576884159,0.544930072,0.614474843,0.665274419,0.656939879,0.635055441,0.64065192,0.664722795,0.622829442,0.570675879,0.614565108,0.671923998,0.731499415,0.619389313,0.639297933,0.61838636,0.712062183,0.673839639,0.690659163,0.540717669,0.691521703,0.699695771,0.646238369,0.66783195,0.628425921,0.602068312,0.599560929,0.607554466,0.634904998,0.654733382,0.69843205,0.69971583,0.639007076,0.626219424,0.599591018,0.647772887,0.627071934,0.578749652,0.630642447,0.6316454,0.627553352,0.6710414,0.593753831,0.629499081,0.615357441,0.679295704,0.631043628,0.592470051,0.689796623,0.596943222,0.635175795,0.611185156,0.592901321,0.602880704,0.639458405,0.603602831,0.659447261,0.600122583
0.62201705,0.683568284,0.624965732,0.565590907,0.658554633,0.619319106,0.724699393,0.633631248,0.603362122,0.620472502,0.633220037,0.598507829,0.606300775,0.61409372,0.572872346,0.539534184,0.684210174,0.715963671,0.746633978,0.644533348,0.498653814,0.63016103,0.696245612,0.601506658,0.623591687,0.716505266,0.625166323,0.648825988,0.665144035,0.570916588,0.620001114,0.572972642,0.642868446,0.610984566,0.652486767,0.681772998,0.550707082,0.664883267,0.658945785,0.669135789,0.637041288,0.612328523,0.613000501,0.595950298,0.666136959,0.673729314,0.622217641,0.61580877,0.53041734,0.69307628,0.639478464,0.64514515,0.621074274,0.607835293,0.624032986,0.650410654,0.639809439,0.681251463,0.68622611,0.742862874,0.620973979,0.598537917,0.608156238,0.614886053,0.649738675,0.662867332,0.617202875,0.675785368,0.413272413,0.670559982,0.582530785,0.613281328,0.667932245,0.669938151,0.607975706,0.592339667,0.685032596,0.564036329,0.705191954,0.654472614,0.607985736,0.639287903,0.683518137,0.586602775,0.513537639,0.608266563
0.582901878,0.686276258,0.609249457,0.607052989,0.651223046,0.594315484,0.666518081,0.662496239,0.634142754,0.646779963,0.623180476,0.653359336,0.638676102,0.541379618,0.524409651,0.607323787,0.446399955,0.670048476,0.743213908,0.65797292,0.468876135,0.594134953,0.675143478,0.602038224,0.604074219,0.677831392,0.623752159,0.633059564,0.625326796,0.597324344,0.597655318,0.643550454,0.652607121,0.587916643,0.643349863,0.685955313,0.549543656,0.66911573,0.651614197,0.66911573,0.589210453,0.595408703,0.599360339,0.607504318,0.672936981,0.639167549,0.646097955,0.62502591,0.701170112,0.703206107,0.623431214,0.64257759,0.616581044,0.600022288,0.607193403,0.583553797,0.632497911,0.62159581,0.658685017,0.786521424,0.653469661,0.656558756,0.625848331,0.583473561,0.650551067,0.522634424,0.617604056,0.6661169,0.617754499,0.718902324,0.616340335,0.593623447,0.646599432,0.649788823,0.536766033,0.583242882,0.686727587,0.452558088,0.597254137,0.680699838,0.628937427,0.631565164,0.630622388,0.672134619,0.614504931,0.644553407
0.594937315,0.662496239,0.628054828,0.635546888,0.642978771,0.636329192,0.605939711,0.624223547,0.609981613,0.650771717,0.640351034,0.662666741,0.617152727,0.565550788,0.622789324,0.653108598,0.705633253,0.654412437,0.734718895,0.662285619,0.564848721,0.548871678,0.649287346,0.612097844,0.657441355,0.630040675,0.646669638,0.643811222,0.655114504,0.643710927,0.627613529,0.641203544,0.637061347,0.624022956,0.644423023,0.689535856,0.484100964,0.606090154,0.670750543,0.67958656,0.586933749,0.625537416,0.614825876,0.63037165,0.69692762,0.663940491,0.642286733,0.603542653,0.501261492,0.696355937,0.653519808,0.686366524,0.633661336,0.637442469,0.622568674,0.585760294,0.654663175,0.641444253,0.632548058,0.663559369,0.657300942,0.727407366,0.647833064,0.613642391,0.645947512,0.1,0.603482476,0.595950298,0.584436396,0.715251574,0.636058394,0.627864267,0.591447039,0.614053602,0.6380643,0.643379952,0.684170056,0.754226333,0.639739232,0.557146041,0.642537471,0.644372876,0.676988912,0.517459185,0.696586616,0.643891458
0.642076113,0.575429877,0.630722683,0.647883212,0.655325124,0.627884326,0.610382794,0.664592411,0.648083802,0.650882042,0.674471499,0.646328634,0.661292695,0.524530005,0.632989358,0.67617652,0.616370424,0.693557698,0.713827381,0.656137516,0.610984566,0.643931576,0.645626567,0.675434334,0.634333315,0.66098178,0.626560428,0.650520978,0.629037722,0.646258428,0.625096116,0.653850783,0.645205327,0.62502591,0.653600045,0.654422466,0.703236195,0.666036664,0.679927564,0.686406642,0.628044799,0.632919151,0.630351591,0.648154009,0.700397838,0.636971082,0.618326183,0.620803477,0.771747924,0.702544158,0.540868112,0.638746309,0.635215914,0.663258483,0.628606452,0.603231738,0.645636597,0.653740458,0.621535633,0.570746086,0.672395386,0.678292751,0.650350476,0.646920377,0.649588232,0.957244108,0.658815401,0.595679501,0.523727643,0.675925781,0.635055441,0.631615312,0.681863264,0.664110993,0.603963894,0.6434301,0.685403689,0.682655597,0.642176408,0.682976542,0.629358667,0.630883156,0.589441132,0.633029476,0.60554856,0.642948682
0.645084972,0.659397114,0.627533292,0.646328634,0.649327464,0.617212905,0.614264222,0.647331587,0.630040675,0.64770268,0.662436062,0.626119129,0.714439182,0.523727643,0.646238369,0.563845768,0.626169276,0.672194796,0.703486934,0.62458461,0.593703683,0.646990583,0.617503761,0.681482142,0.633049535,0.663920432,0.621335042,0.654001226,0.652105644,0.640742185,0.618135622,0.640320945,0.650119797,0.632668413,0.633631248,0.683758845,0.645496183,0.622729147,0.679686856,0.68237477,0.667661448,0.61667131,0.635396445,0.64555636,0.683106926,0.660099181,0.617985179,0.625567504,0.677349975,0.704289296,0.67189391,0.657401237,0.639057224,0.667591241,0.604976876,0.646047807,0.654392378,0.652577032,0.644884382,0.68153229,0.619750376,0.632036552,0.662736948,0.639107372,0.627172229,0.731800301,0.624223547,0.653289129,0.621555692,0.678894523,0.647090879,0.630652477,0.61688193,0.66332869,0.613993425,0.619800524,0.660650805,0.692584833,0.675514571,0.677981835,0.62310024,0.641805316,0.65990862,0.666337549,0.707879869,0.642647796
0.614996378,0.685313423,0.624965732,0.672926952,0.64899649,0.642015936,0.639909734,0.661483256,0.650099738,0.653650192,0.687469772,0.638014153,0.667320444,0.588016939,0.649367582,0.65712041,0.660660835,0.67810219,0.696606675,0.638365186,0.547628016,0.597695437,0.658885608,0.700738842,0.636670196,0.69307628,0.647371706,0.65904608,0.581898925,0.667490946,0.627392879,0.661513345,0.646047807,0.648936312,0.647732769,0.665956427,0.631093776,0.650079679,0.644583496,0.651102691,0.617503761,0.622317936,0.613802864,0.608727921,0.665856132,0.641113278,0.658323954,0.641002953,0.641995877,0.677410152,0.672636095,0.654602998,0.647381735,0.643751045,0.619278988,0.633420627,0.656969967,0.614133839,0.668764696,0.564808603,0.646519195,0.668925169,0.655977044,0.648103861,0.652908007,0.742872904,0.634513846,0.723937148,0.545020338,0.687369477,0.630040675,0.641093219,0.639117401,0.787634702,0.661132223,0.634764585,0.576342564,0.748158467,0.679416058,0.679967683,0.647762857,0.64856522,0.689696328,0.642216526,0.630853067,0.64320945
0.655114504,0.64257759,0.639879646,0.558790884,0.655886778,0.623641834,0.643349863,0.643690868,0.643079066,0.654402407,0.608417006,0.607353875,0.677259709,0.651604168,0.651363459,0.651102691,0.673689196,0.645897364,0.682655597,0.609680727,0.587675935,0.641454282,0.675725191,0.646729816,0.626209394,0.671302167,0.636730373,0.659878531,0.617002285,0.658695047,0.639959882,0.638846604,0.651102691,0.643028918,0.654051373,0.58712431,0.625848331,0.639969911,0.665986516,0.472306235,0.624825319,0.622127375,0.591226389,0.636961052,0.552522427,0.619389313,0.670911016,0.643249568,0.643028918,0.530156572,0.655756394,0.63421296,0.650741628,0.641193514,0.70398841,0.629850114,0.630281384,0.629539199,0.677600713,0.56616259,0.604645902,0.600032317,0.598808715,0.652185881,0.659437232,0.692815512,0.66311807,0.688242046,0.621866607,0.58198919,0.608978659,0.648023625,0.644984677,0.647181144,0.627031816,0.647211233,0.527398451,0.580895971,0.685453836,0.628074887,0.635627124,0.648906224,0.649287346,0.600092495,0.632899092,0.650230122
0.636058394,0.57001393,0.639628907,0.726304118,0.650801805,0.639498523,0.693748259,0.657531621,0.637893798,0.608246504,0.700919374,0.608657714,0.678132278,0.593834067,0.64920711,0.640070207,0.597113724,0.601215802,0.680810163,0.561799744,0.561137795,0.578067644,0.646238369,0.615668357,0.633530952,0.66353931,0.556433944,0.664672647,0.69222377,0.647893241,0.638274921,0.51437009,0.648093832,0.634784644,0.642547501,0.633651307,0.631143924,0.596582159,0.692685128,0.611897253,0.624053045,0.620271912,0.60061403,0.627081964,0.71897253,0.608737951,0.685955313,0.651092662,0.634473728,0.665525157,0.631585223,0.648224216,0.654452555,0.674531677,0.601757397,0.60982114,0.62415334,0.640671979,0.643249568,0.622578704,0.590263554,0.618958043,0.637522706,0.643149273,0.658023068,0.647612414,0.666979439,0.622739176,0.584115451,0.661312754,0.628034769,0.649006519,0.631143924,0.635095559,0.58992255,0.646559314,0.649818911,0.628857191,0.684450883,0.571237533,0.634192901,0.652045467,0.584516632,0.650601215,0.595759737,0.653670251
0.642076113,0.596050593,0.637823592,0.645576419,0.657050203,0.641243662,0.734407979,0.662716889,0.697409038,0.629117958,0.623902602,0.647973477,0.622899649,0.595368585,0.642397058,0.57900039,0.595137906,0.653830724,0.689114615,0.633300273,0.534649802,0.679947624,0.642768151,0.601296038,0.641544548,0.650721569,0.614916142,0.667852009,0.58691369,0.661864378,0.643319775,0.585078286,0.64107316,0.643279657,0.640160473,0.590283613,0.612689586,0.677089207,0.642487324,0.653309188,0.662596534,0.641945729,0.631695548,0.609981613,0.694841478,0.642838357,0.673548783,0.648665515,0.619770435,0.692815512,0.653529838,0.666146988,0.646047807,0.645105031,0.59184822,0.654272023,0.636108542,0.646689697,0.631194071,0.578940213,0.580755558,0.630983451,0.64792333,0.642236586,0.63678052,0.687921101,0.642948682,0.619148604,0.670690366,0.694610798,0.646087926,0.656578815,0.620402296,0.6676113,0.62502591,0.65176464,0.648645456,0.596110771,0.67317769,0.673498635,0.645014766,0.644854293,0.584606898,0.643048978,0.573283557,0.643089096
0.634052488,0.55974369,0.61667131,0.630291414,0.654883825,0.614996378,0.654532791,0.657451385,0.676397169,0.620853625,0.606481306,0.617904942,0.670289185,0.62458461,0.647331587,0.648745751,0.720888171,0.635597036,0.687570067,0.620793447,0.582901878,0.642106202,0.638976988,0.582360283,0.612218198,0.628636541,0.644242492,0.639418287,0.624022956,0.630140971,0.623862484,0.625376943,0.644082019,0.645405917,0.62736279,0.626831225,0.600523764,0.631274308,0.652346353,0.640501477,0.627954533,0.623531509,0.607835293,0.641875522,0.65262718,0.639689085,0.634794673,0.663940491,0.554066975,0.609159191,0.599911963,0.652105644,0.627302613,0.633661336,0.676858528,0.663318661,0.624775171,0.639608848,0.609720845,0.60275032,0.595599265,0.610162144,0.634543935,0.623461303,0.667280325,0.689064468,0.647201204,0.581186828,0.540326517,0.593222266,0.631043628,0.643410041,0.621495515,0.669155848,0.646087926,0.618496685,0.6385056,0.612218198,0.64577701,0.546294088,0.625597593,0.613532067,0.565410375,0.657290912,0.618406419,0.624434167
0.66012927,0.494702179,0.62053268,0.631093776,0.642407088,0.621084304,0.655244888,0.650531008,0.589140246,0.628897309,0.664843149,0.634584053,0.647622444,0.64856522,0.648866106,0.640240709,0.689124645,0.636088483,0.695573633,0.62907784,0.633530952,0.649919207,0.638234802,0.576573243,0.608637655,0.649046637,0.645054884,0.627934474,0.636058394,0.621084304,0.615357441,0.60146654,0.649096785,0.643309745,0.642467265,0.615327353,0.614514961,0.641614755,0.642116231,0.649086755,0.684992478,0.606511395,0.604385134,0.609450047,0.681442024,0.611225274,0.636309132,0.479517468,0.621014097,0.658033097,0.603562712,0.605167437,0.606140302,0.61152616,0.653289129,0.75770658,0.618466596,0.629117958,0.626319719,0.602369198,0.603753274,0.658664958,0.641233632,0.611696662,0.613150944,0.736273472,0.604655931,0.616129715,0.868914025,0.643309745,0.64107316,0.631354544,0.65754165,0.664201259,0.632046582,0.625998774,0.665635482,0.64234691,0.683568284,0.668634312,0.621726194,0.620973979,0.526415557,0.649156962,0.514761241,0.644021842
0.67617652,0.692594863,0.613401683,0.591276536,0.651503873,0.614374547,0.697559481,0.6385056,0.638174625,0.631153953,0.650360506,0.615407589,0.682214298,0.591687747,0.658654928,0.549834513,0.751618655,0.65133337,0.70464033,0.643259598,0.65990862,0.612117903,0.647261381,0.556564328,0.607875411,0.590464144,0.631274308,0.635988187,0.613993425,0.624063075,0.612218198,0.626500251,0.656117457,0.662085028,0.629639494,0.59762523,0.638876692,0.649568173,0.68279601,0.651905054,0.690609015,0.605357999,0.619359224,0.63337048,0.635526829,0.649698557,0.630231236,0.702102858,0.6611924,0.662014821,0.618466596,0.643530395,0.605528501,0.629248342,0.625738006,0.677650861,0.613090767,0.661904497,0.646138073,0.6256678,0.647301499,0.645736892,0.65498412,0.5946264,0.604495459,0.626048922,0.660069092,0.544920042,0.69736892,0.649578202,0.633540982,0.633871956,0.671071488,0.667039617,0.667149941,0.627132111,0.676066195,0.671362345,0.748800357,0.661764083,0.63528612,0.632006463,0.612037666,0.673618989,0.433512008,0.635165766
0.647090879,0.694530562,0.631394662,0.61281997,0.656518638,0.63977935,0.650410654,0.648394718,0.627242436,0.645817128,0.631103806,0.661733995,0.648876135,0.652446648,0.674662061,0.664090934,0.941247005,0.670900986,0.705402574,0.657451385,0.671542876,0.638836574,0.64834457,0.635907951,0.630722683,0.629739789,0.686316376,0.645004736,0.65712041,0.644001783,0.632347468,0.61088427,0.66012927,0.654723352,0.635436563,0.619640051,0.590744971,0.666467933,0.683427871,0.654422466,0.647461971,0.618245946,0.625888449,0.655154622,0.656087368,0.620933861,0.646408871,0.65668914,0.658323954,0.671994205,0.643289686,0.650932189,0.623872514,0.657240764,0.607614643,0.696747089,0.643771104,0.679656767,0.679406029,0.631254249,0.644653703,0.65369031,0.669847885,0.621906725,0.691712264,0.678663844,0.650531008,0.575379729,0.670138742,0.703657436,0.649648409,0.63528612,0.645235415,0.655525715,0.689214911,0.647461971,0.667039617,0.594144982,0.683698668,0.702213183,0.627483145,0.642607678,0.654151669,0.674491558,0.545712375,0.646258428
0.663138129,0.692745306,0.626470162,0.638014153,0.669516911,0.627252466,0.626008804,0.621144481,0.620753329,0.648304452,0.649668468,0.636078453,0.690839695,0.612990472,0.62630969,0.613070708,0.777805761,0.662506268,0.718250404,0.652396501,0.665495069,0.681752939,0.64385134,0.613953307,0.627402909,0.698522316,0.657030144,0.648815958,0.610984566,0.631845991,0.620643004,0.63080292,0.663138129,0.609971583,0.636820639,0.584396278,0.634774614,0.664652588,0.683427871,0.661062016,0.635958099,0.61216805,0.622057168,0.663208336,0.647181144,0.63872625,0.62886722,0.651664345,0.636750432,0.657441355,0.627112052,0.638856633,0.624534463,0.646910347,0.677500418,0.668544046,0.630291414,0.669346409,0.676086254,0.66760127,0.625356884,0.666999499,0.653539867,0.611806987,0.584035215,0.698020839,0.647191174,0.694289853,0.649146933,0.677841422,0.656889731,0.640591742,0.628927397,0.660570569,0.649096785,0.632638324,0.645967571,0.5571661,0.666237254,0.69414944,0.630722683,0.638896752,0.678784198,0.676537583,0.54668524,0.635597036
0.621014097,0.684671533,0.638605895,0.629208224,0.670880927,0.629559258,0.649949295,0.643520366,0.659567616,0.652075556,0.687850894,0.643700897,0.666678554,0.658263777,0.642176408,0.651814788,0.61046303,0.664642559,0.731549563,0.671332256,0.65733103,0.684059731,0.67745027,0.632207054,0.64320945,0.695974815,0.64813395,0.672606007,0.622538586,0.644352817,0.628526216,0.575810999,0.668152895,0.660650805,0.657631916,0.65541539,0.621706135,0.669827826,0.684811946,0.659136346,0.654111551,0.621926784,0.617724411,0.668875021,0.656759347,0.646388812,0.664311584,0.658113334,0.651102691,0.659978827,0.649046637,0.637713267,0.638676102,0.645616538,0.663449044,0.664732824,0.628034769,0.663128099,0.690739399,0.658223659,0.652175851,0.679476236,0.657280883,0.620261882,0.589832284,0.69650638,0.627342731,0.698301666,0.646328634,0.694299883,0.660169388,0.645115061,0.674140525,0.669466763,0.662074999,0.650731599,0.653790606,0.630542152,0.736433944,0.673649078,0.625627682,0.63187608,0.645074943,0.68323731,0.569251686,0.631454839
0.6380643,0.694309913,0.641343957,0.618476626,0.674762356,0.640842481,0.636810609,0.664000669,0.637512676,0.649738675,0.662064969,0.664843149,0.645195297,0.638585836,0.647371706,0.650179974,0.636770491,0.655796512,0.746694155,0.671542876,0.666738731,0.537628573,0.686356494,0.615006408,0.613080738,0.678342899,0.625928567,0.675053212,0.595428762,0.657110381,0.628285507,0.664221318,0.647562267,0.636800579,0.667531064,0.676086254,0.651172898,0.666026634,0.680800134,0.66760127,0.685764752,0.618877807,0.618847718,0.672676213,0.662135176,0.645967571,0.685193068,0.661242548,0.700247395,0.667139912,0.62694155,0.638184655,0.641805316,0.654883825,0.635486711,0.670068535,0.633992311,0.652436619,0.724157798,0.682344682,0.658344013,0.689395442,0.669346409,0.629107929,0.592299549,0.680519307,0.632317379,0.70848164,0.684781858,0.694450326,0.657722182,0.640120354,0.637292027,0.661483256,0.655224829,0.638455452,0.658474397,0.592179194,0.651644286,0.65455285,0.629669583,0.624133281,0.669577088,0.68773054,0.567326015,0.641855463
0.628034769,0.644653703,0.61860701,0.580655263,0.664281496,0.608447094,0.588719006,0.653078509,0.585248788,0.665625453,0.63657993,0.655054327,0.662135176,0.652727475,0.632527999,0.624564551,0.634584053,0.641965788,0.700758901,0.636890845,0.666407756,0.667210119,0.651483813,0.651935142,0.598828774,0.636158689,0.667721625,0.67573522,0.6143244,0.611827046,0.606521424,0.570786204,0.695734106,0.600604001,0.63700117,0.621565721,0.630622388,0.646408871,0.634925057,0.664281496,0.606481306,0.594315484,0.591687747,0.606290745,0.634182872,0.659346966,0.600955034,0.671292138,0.680589514,0.652426589,0.615437678,0.665194183,0.625727977,0.638425364,0.681502201,0.671803644,0.608737951,0.621024127,0.702814955,0.600995152,0.66911573,0.695503427,0.647532178,0.607163314,0.585469438,0.715903494,0.641103248,0.58243049,0.658103304,0.622648911,0.635968128,0.612860088,0.608025854,0.642547501,0.645516242,0.599440575,0.621274865,0.64470385,0.637984064,0.612137962,0.602419346,0.605187497,0.675935811,0.681933471,0.426752103,0.639749262
0.620011144,0.544599097,0.566202708,0.562080571,0.65456288,0.583694211,0.599430545,0.627222377,0.547527721,0.637633031,0.462106202,0.602700173,0.633671366,0.642206497,0.629830055,0.69008748,0.646268457,0.592750878,0.698231459,0.615397559,0.632598206,0.720677551,0.595208113,0.640100295,0.554748983,0.61345183,0.609640608,0.650841923,0.590062963,0.522985457,0.57514905,0.605267733,0.652546944,0.560826879,0.60874798,0.640190561,0.663037834,0.579572073,0.68281607,0.650390595,0.614063632,0.550997938,0.546865771,0.637131554,0.611917312,0.591366802,0.571478241,0.564056388,0.687489831,0.588779183,0.550947791,0.64942776,0.567185602,0.570936647,0.623651864,0.684571238,0.586642893,0.632367527,0.616430601,0.672164707,0.601346186,0.61495626,0.618486655,0.572651697,0.584386248,0.666628406,0.631565164,0.592881261,0.63593804,0.605247674,0.588538474,0.566222767,0.590143199,0.576202151,0.634192901,0.560435727,0.597033487,0.659507439,0.559914192,0.555591464,0.558730707,0.577887112,0.646519195,0.696436173,0.724518861,0.622719117
0.640070207,0.705512899,0.622388143,0.619389313,0.659848443,0.632688472,0.616560985,0.625166323,0.578859977,0.64535577,0.70548281,0.679466206,0.688673316,0.655355213,0.633039505,0.650410654,0.739864044,0.662656711,0.71063799,0.649046637,0.675253803,0.70356717,0.657722182,0.672646125,0.622729147,0.687610186,0.639317992,0.655585892,0.633601159,0.635917981,0.62351145,0.675073271,0.683197192,0.549022121,0.632889062,0.645466095,0.547276982,0.641384075,0.689194852,0.666387697,0.662115117,0.621144481,0.645064913,0.684781858,0.672214855,0.656779406,0.641674932,0.610172174,0.672906893,0.678433164,0.655295035,0.652266117,0.617433554,0.648194127,0.689997214,0.684260322,0.611004625,0.620081351,0.662416003,0.705542988,0.715241545,0.687529949,0.677520477,0.621395219,0.599821697,0.677530506,0.637974035,0.663689753,0.657581769,0.74959269,0.634453669,0.605598707,0.559131888,0.642657826,0.655806541,0.663659665,0.679315763,0.665134006,0.637292027,0.688482755,0.628335655,0.631133894,0.682224327,0.707248008,0.819117401,0.626099069
0.633049535,0.6641812,0.633280214,0.610111996,0.668794785,0.620963949,0.602900763,0.633691425,0.566423358,0.656157575,0.672555859,0.643821251,0.67038948,0.644412994,0.63785368,0.646037778,0.604796345,0.666387697,0.699755948,0.673649078,0.672916922,0.62608904,0.64812392,0.55010531,0.617373377,0.635386416,0.682876247,0.621666017,0.631093776,0.62951914,0.625958656,0.67509333,0.744848721,0.50217418,0.645726862,0.656077339,0.655094445,0.642437176,0.656528668,0.665846102,0.630502034,0.611054772,0.604204602,0.655325124,0.640932746,0.650240152,0.614434724,0.619790494,0.652647239,0.657060233,0.640702067,0.63828495,0.619519697,0.667320444,0.627613529,0.657200646,0.613802864,0.631525046,0.717438012,0.615076614,0.646950465,0.667420739,0.642657826,0.586953808,0.600363292,0.683778905,0.617343289,0.683066808,0.667300384,0.666297431,0.635747479,0.595799855,0.597885998,0.57172898,0.662626623,0.636008247,0.6123887,0.668132836,0.601015211,0.716294645,0.614675433,0.619509667,0.655736335,0.659778236,0.750595643,0.627944503
0.6380643,0.593673594,0.610783975,0.634925057,0.669366468,0.611375717,0.642657826,0.652215969,0.55075723,0.655335154,0.602248844,0.623230624,0.66868446,0.64856522,0.650360506,0.654653145,0.693056221,0.665695659,0.682836129,0.64320945,0.675043183,0.703727643,0.652938096,0.680388923,0.606230568,0.63121413,0.66055051,0.626289631,0.618115562,0.589942609,0.607103137,0.656628963,0.697168329,0.532884605,0.63380175,0.656879701,0.608998718,0.645375829,0.658685017,0.664441968,0.56638324,0.574065861,0.617754499,0.649788823,0.628064858,0.667500975,0.62051262,0.634162813,0.62287959,0.658855519,0.640491447,0.650801805,0.593633476,0.6691057,0.70976542,0.646388812,0.631073717,0.63913746,0.702032652,0.650671421,0.596862985,0.665545216,0.673137572,0.563274085,0.60425475,0.690639104,0.644112108,0.616611133,0.756232239,0.648444865,0.627994651,0.57428651,0.615688416,0.433411712,0.630943333,0.598066529,0.67660779,0.669597147,0.670259096,0.65198529,0.618486655,0.626841255,0.639448376,0.680168273,0.761878866,0.643099125
0.632046582,0.628084917,0.604224662,0.575249345,0.664281496,0.608567449,0.649387641,0.676086254,0.601155625,0.672124589,0.715321781,0.634102636,0.662064969,0.653349306,0.654071433,0.238969187,0.661132223,0.637151613,0.681853235,0.655455508,0.689034379,0.596822867,0.628987575,0.711881652,0.613321446,0.652857859,0.653579986,0.62587842,0.651443695,0.594917256,0.609740904,0.660520421,0.677309857,0.578729593,0.641023012,0.640611801,0.647341617,0.631966345,0.668012481,0.659698,0.588698947,0.585499526,0.624073104,0.642056054,0.635707361,0.621946843,0.635777567,0.627031816,0.656117457,0.651042514,0.617543879,0.639317992,0.602660055,0.653389424,0.657270853,0.670870898,0.614334429,0.648053714,0.673207778,0.642326851,0.687138798,0.662666741,0.67167326,0.594706636,0.600884828,0.651303282,0.628155123,0.664321614,0.811735666,0.652286176,0.628887279,0.589892461,0.6286566,0.623571628,0.633380509,0.615878977,0.630913245,0.66526439,0.642517412,0.689074497,0.622217641,0.622438291,0.65048086,0.654683234,0.636028306,0.629830055
0.642076113,0.578759681,0.610593414,0.622488438,0.664752883,0.619800524,0.644984677,0.667731654,0.566844598,0.658735165,0.661102134,0.609018778,0.647361676,0.646499136,0.661332813,0.604776286,0.67316766,0.621946843,0.678443194,0.649086755,0.698943556,0.671332256,0.639488494,0.697960662,0.620201705,0.67467209,0.641965788,0.633210007,0.660169388,0.600303115,0.613552126,0.647241322,0.632608235,0.608737951,0.648535131,0.620873684,0.621244776,0.634634201,0.678282721,0.654181757,0.653961108,0.603913746,0.606932635,0.654312141,0.636078453,0.621124422,0.630271355,0.637452499,0.661132223,0.664211289,0.632548058,0.664251407,0.618235917,0.651965231,0.670580041,0.667250237,0.623722071,0.650851953,0.6547735,0.739803867,0.65713044,0.627854237,0.667631359,0.611907283,0.592028751,0.665816014,0.666387697,0.649146933,0.649668468,0.643440129,0.618145651,0.61796512,0.615457737,0.65071154,0.606531454,0.630622388,0.613832953,0.663348749,0.637292027,0.653509779,0.636058394,0.626911462,0.636449546,0.651082632,0.618857748,0.629830055
0.64107316,0.631354544,0.614143868,0.613963336,0.669687413,0.624434167,0.637743355,0.621796401,0.61174681,0.652677328,0.555310637,0.568399175,0.643289686,0.564848721,0.660801248,0.647461971,0.631725637,0.625547445,0.674581824,0.633611188,0.673328133,0.568349028,0.640591742,0.676116343,0.627463086,0.673438458,0.604956817,0.647813005,0.649106815,0.609419959,0.615126762,0.642868446,0.62523653,0.601998106,0.645004736,0.610864211,0.629669583,0.642477294,0.684160027,0.652867889,0.589671811,0.611766869,0.619619992,0.653790606,0.632136847,0.635336268,0.62673093,0.635376386,0.632046582,0.655034268,0.636991141,0.643841311,0.623611746,0.652025408,0.648023625,0.63057224,0.623691982,0.651413607,0.661463197,0.669938151,0.633621218,0.63657993,0.667631359,0.621936814,0.593442915,0.692795453,0.66782192,0.660500362,0.397365576,0.633821809,0.617222934,0.642467265,0.631896139,0.623120299,0.569753162,0.64898646,0.635396445,0.661563493,0.596381568,0.664983563,0.627964562,0.631103806,0.60768485,0.633250125,0.624263665,0.625557475
